-- --------------------------------------------------------
-- Host:                         127.0.0.1
-- Server version:               5.7.33 - MySQL Community Server (GPL)
-- Server OS:                    Win64
-- HeidiSQL Version:             11.2.0.6213
-- --------------------------------------------------------

/*!40101 SET @OLD_CHARACTER_SET_CLIENT=@@CHARACTER_SET_CLIENT */;
/*!40101 SET NAMES utf8 */;
/*!50503 SET NAMES utf8mb4 */;
/*!40014 SET @OLD_FOREIGN_KEY_CHECKS=@@FOREIGN_KEY_CHECKS, FOREIGN_KEY_CHECKS=0 */;
/*!40101 SET @OLD_SQL_MODE=@@SQL_MODE, SQL_MODE='NO_AUTO_VALUE_ON_ZERO' */;
/*!40111 SET @OLD_SQL_NOTES=@@SQL_NOTES, SQL_NOTES=0 */;

-- Dumping structure for table wiebo.admins
CREATE TABLE IF NOT EXISTS `admins` (
  `id` bigint(20) unsigned NOT NULL AUTO_INCREMENT,
  `role_id` int(11) DEFAULT NULL,
  `username` varchar(255) COLLATE utf8mb4_unicode_ci DEFAULT NULL,
  `email` varchar(255) COLLATE utf8mb4_unicode_ci DEFAULT NULL,
  `first_name` varchar(255) COLLATE utf8mb4_unicode_ci DEFAULT NULL,
  `last_name` varchar(255) COLLATE utf8mb4_unicode_ci DEFAULT NULL,
  `image` varchar(255) COLLATE utf8mb4_unicode_ci DEFAULT NULL,
  `password` varchar(255) COLLATE utf8mb4_unicode_ci DEFAULT NULL,
  `status` tinyint(4) NOT NULL DEFAULT '1' COMMENT '0 - deactive, 1 - active',
  `created_at` timestamp NULL DEFAULT NULL,
  `updated_at` timestamp NULL DEFAULT NULL,
  PRIMARY KEY (`id`)
) ENGINE=InnoDB AUTO_INCREMENT=2 DEFAULT CHARSET=utf8mb4 COLLATE=utf8mb4_unicode_ci;

-- Dumping data for table wiebo.admins: ~1 rows (approximately)
/*!40000 ALTER TABLE `admins` DISABLE KEYS */;
INSERT INTO `admins` (`id`, `role_id`, `username`, `email`, `first_name`, `last_name`, `image`, `password`, `status`, `created_at`, `updated_at`) VALUES
	(1, NULL, 'admin', 'admin@example.com', 'Johny', 'Barristow', '5f5797dbc520b.png', '$2y$10$UmZ3nP0JIUOI0CxLG/175efcigYJDbfg45Ga4cYz/YdZOshZ0GPMm', 1, NULL, '2020-09-08 11:40:27');
/*!40000 ALTER TABLE `admins` ENABLE KEYS */;

-- Dumping structure for table wiebo.basic_extendeds
CREATE TABLE IF NOT EXISTS `basic_extendeds` (
  `id` bigint(20) unsigned NOT NULL AUTO_INCREMENT,
  `language_id` int(11) DEFAULT NULL,
  `cookie_alert_status` tinyint(4) NOT NULL DEFAULT '1',
  `cookie_alert_text` blob,
  `cookie_alert_button_text` varchar(255) COLLATE utf8mb4_unicode_ci DEFAULT NULL,
  `to_mail` varchar(255) COLLATE utf8mb4_unicode_ci DEFAULT NULL,
  `default_language_direction` varchar(20) COLLATE utf8mb4_unicode_ci NOT NULL DEFAULT 'ltr' COMMENT 'ltr / rtl',
  `from_mail` varchar(255) COLLATE utf8mb4_unicode_ci DEFAULT NULL,
  `from_name` varchar(255) COLLATE utf8mb4_unicode_ci DEFAULT NULL,
  `is_smtp` tinyint(4) NOT NULL DEFAULT '0',
  `smtp_host` varchar(255) COLLATE utf8mb4_unicode_ci DEFAULT NULL,
  `smtp_port` varchar(30) COLLATE utf8mb4_unicode_ci DEFAULT NULL,
  `encryption` varchar(30) COLLATE utf8mb4_unicode_ci DEFAULT NULL,
  `smtp_username` varchar(255) COLLATE utf8mb4_unicode_ci DEFAULT NULL,
  `smtp_password` varchar(255) COLLATE utf8mb4_unicode_ci DEFAULT NULL,
  `base_currency_symbol` blob,
  `base_currency_symbol_position` varchar(10) COLLATE utf8mb4_unicode_ci NOT NULL DEFAULT 'left',
  `base_currency_text` varchar(100) COLLATE utf8mb4_unicode_ci DEFAULT NULL,
  `base_currency_text_position` varchar(10) COLLATE utf8mb4_unicode_ci NOT NULL DEFAULT 'right',
  `base_currency_rate` decimal(8,2) NOT NULL DEFAULT '0.00',
  `hero_section_title` varchar(255) COLLATE utf8mb4_unicode_ci DEFAULT NULL,
  `hero_section_text` varchar(255) COLLATE utf8mb4_unicode_ci DEFAULT NULL,
  `hero_section_button_text` varchar(30) COLLATE utf8mb4_unicode_ci DEFAULT NULL,
  `hero_section_button_url` text COLLATE utf8mb4_unicode_ci,
  `hero_section_video_url` text COLLATE utf8mb4_unicode_ci,
  `hero_img` varchar(50) COLLATE utf8mb4_unicode_ci DEFAULT NULL,
  `timezone` text COLLATE utf8mb4_unicode_ci,
  `contact_addresses` text COLLATE utf8mb4_unicode_ci,
  `contact_numbers` text COLLATE utf8mb4_unicode_ci,
  `contact_mails` text COLLATE utf8mb4_unicode_ci,
  `is_whatsapp` tinyint(4) NOT NULL DEFAULT '1',
  `whatsapp_number` varchar(50) COLLATE utf8mb4_unicode_ci DEFAULT NULL,
  `whatsapp_header_title` varchar(255) COLLATE utf8mb4_unicode_ci DEFAULT NULL,
  `whatsapp_popup_message` text COLLATE utf8mb4_unicode_ci,
  `whatsapp_popup` tinyint(4) NOT NULL DEFAULT '1',
  `domain_request_success_message` varchar(255) COLLATE utf8mb4_unicode_ci DEFAULT NULL,
  `cname_record_section_title` varchar(255) COLLATE utf8mb4_unicode_ci DEFAULT NULL,
  `cname_record_section_text` text COLLATE utf8mb4_unicode_ci,
  `package_features` text COLLATE utf8mb4_unicode_ci,
  `expiration_reminder` int(11) NOT NULL DEFAULT '3',
  PRIMARY KEY (`id`)
) ENGINE=InnoDB AUTO_INCREMENT=149 DEFAULT CHARSET=utf8mb4 COLLATE=utf8mb4_unicode_ci;

-- Dumping data for table wiebo.basic_extendeds: ~2 rows (approximately)
/*!40000 ALTER TABLE `basic_extendeds` DISABLE KEYS */;
INSERT INTO `basic_extendeds` (`id`, `language_id`, `cookie_alert_status`, `cookie_alert_text`, `cookie_alert_button_text`, `to_mail`, `default_language_direction`, `from_mail`, `from_name`, `is_smtp`, `smtp_host`, `smtp_port`, `encryption`, `smtp_username`, `smtp_password`, `base_currency_symbol`, `base_currency_symbol_position`, `base_currency_text`, `base_currency_text_position`, `base_currency_rate`, `hero_section_title`, `hero_section_text`, `hero_section_button_text`, `hero_section_button_url`, `hero_section_video_url`, `hero_img`, `timezone`, `contact_addresses`, `contact_numbers`, `contact_mails`, `is_whatsapp`, `whatsapp_number`, `whatsapp_header_title`, `whatsapp_popup_message`, `whatsapp_popup`, `domain_request_success_message`, `cname_record_section_title`, `cname_record_section_text`, `package_features`, `expiration_reminder`) VALUES
	(147, 176, 1, _binary 0x596F757220657870657269656E6365206F6E207468697320736974652077696C6C20626520696D70726F76656420627920616C6C6F77696E6720636F6F6B6965732E, 'Allow Cookies', 'do-not-reply@example.com', 'ltr', 'admin@arabcode.online', 'ArabCode', 1, 'arabcode.online', '587', 'TLS', 'admin@arabcode.online', '878686876', _binary 0x7273, 'right', 'rs', 'right', 1.00, 'Our Platform, Your Success', 'Minimize the time, it takes to initiate a relationship between you and the customer.', 'Explore Plans', 'http://example.com/', 'https://www.youtube.com/watch?v=6KJqEPVfoDs', '6195e9abdafa7.png', 'America/Maceio', 'House - 44, Road - 03, Sector - 11, Uttara, Dhaka\r\nDhanmondi, Dhaka\r\nMohammadpur, Dhaka', '237237237,72372332', 'contact@example.com,support@example.com,query@example.com', 1, NULL, NULL, NULL, 1, 'We have received your custom domain request. Please allow us 2 business days to connect the domain with our server.', 'Read Before Sending Custom Domain Request', '<ul><li><font color="#575962"><span style="font-weight:600;"> Before sending request for your custom domain, You need to add a CNAME record (given in below table) in your custom domain from your domain registrar account (like - namecheap, godaddy etc...).</span></font></li><li><font color="#575962"><span style="font-weight:600;"> CNAME record is needed to point your custom domain to our domain ( profilo.xyz ), so that our website can show your portfolio on your domain</span></font></li><li><font color="#575962"><span style="font-weight:600;"> Different domain registrar (like - godaddy, namecheap etc...) has different interface for adding CNAME record. If you cannot find the place to add CNAME record in your domain registrar account, then please contact your domain registrar support, they will show you the place to add CNAME record for your custom domain</span></font></li></ul>', '["Custom Domain","Subdomain","vCard","QR Builder","Follow\\/Unfollow","Request a Quote","Blog","Portfolio","Custom Page","Counter Information","Skill","Service","Testimonial","Career","Team"]', 3),
	(148, 177, 1, _binary 0xD8B3D98AD8AAD98520D8AAD8ADD8B3D98AD98620D8AAD8ACD8B1D8A8D8AAD98320D8B9D984D98920D987D8B0D8A720D8A7D984D985D988D982D8B920D985D98620D8AED984D8A7D98420D8A7D984D8B3D985D8A7D8AD20D8A8D985D984D981D8A7D8AA20D8AAD8B9D8B1D98AD98120D8A7D984D8A7D8B1D8AAD8A8D8A7D8B7, 'السماح للكوكيز', 'do-not-reply@example.com', 'ltr', 'admin@arabcode.online', 'ArabCode', 1, 'arabcode.online', '587', 'TLS', 'admin@arabcode.online', '878686876', _binary 0x7273, 'right', 'rs', 'right', 1.00, NULL, 'جميع الادوات التي تحتاجها لبناء موقعك بنحاح', 'انشئ موقعك الآن مجاناً', 'http://wiebo.test/pricing', '#', '61e6ee0e67d4b.png', 'America/Maceio', 'منزل - 44 ، طريق - 03 ، قطاع - 11 ، أوتارا ، دكا\r\nدهانوندي ، دكا\r\nمحمدبور ، دكا', '237237237,72372332', 'contact@example.com,support@example.com,query@example.com', 1, NULL, NULL, NULL, 1, NULL, NULL, NULL, '["Custom Domain","Subdomain","vCard","QR Builder","Follow\\/Unfollow","Request a Quote","Blog","Portfolio","Custom Page","Counter Information","Skill","Service","Testimonial","Career","Team"]', 3);
/*!40000 ALTER TABLE `basic_extendeds` ENABLE KEYS */;

-- Dumping structure for table wiebo.basic_settings
CREATE TABLE IF NOT EXISTS `basic_settings` (
  `id` bigint(20) unsigned NOT NULL AUTO_INCREMENT,
  `language_id` int(11) DEFAULT NULL,
  `favicon` varchar(50) COLLATE utf8mb4_unicode_ci DEFAULT NULL,
  `logo` varchar(50) COLLATE utf8mb4_unicode_ci DEFAULT NULL,
  `preloader_status` tinyint(4) NOT NULL DEFAULT '1',
  `preloader` varchar(50) COLLATE utf8mb4_unicode_ci DEFAULT NULL,
  `website_title` varchar(255) COLLATE utf8mb4_unicode_ci DEFAULT NULL,
  `base_color` varchar(30) COLLATE utf8mb4_unicode_ci DEFAULT NULL,
  `breadcrumb` varchar(50) COLLATE utf8mb4_unicode_ci DEFAULT NULL,
  `footer_logo` varchar(50) COLLATE utf8mb4_unicode_ci DEFAULT NULL,
  `footer_text` varchar(255) COLLATE utf8mb4_unicode_ci DEFAULT NULL,
  `newsletter_text` varchar(255) COLLATE utf8mb4_unicode_ci DEFAULT NULL,
  `copyright_text` blob,
  `intro_subtitle` varchar(50) COLLATE utf8mb4_unicode_ci DEFAULT NULL,
  `intro_title` varchar(50) COLLATE utf8mb4_unicode_ci DEFAULT NULL,
  `intro_text` text COLLATE utf8mb4_unicode_ci,
  `intro_main_image` varchar(191) COLLATE utf8mb4_unicode_ci DEFAULT NULL,
  `contact_form_title` varchar(255) COLLATE utf8mb4_unicode_ci DEFAULT NULL,
  `contact_text` varchar(255) COLLATE utf8mb4_unicode_ci DEFAULT NULL,
  `contact_info_title` varchar(191) COLLATE utf8mb4_unicode_ci DEFAULT NULL,
  `tawk_to_script` text COLLATE utf8mb4_unicode_ci,
  `is_recaptcha` tinyint(4) NOT NULL DEFAULT '0',
  `google_recaptcha_site_key` varchar(255) COLLATE utf8mb4_unicode_ci DEFAULT NULL,
  `google_recaptcha_secret_key` varchar(255) COLLATE utf8mb4_unicode_ci DEFAULT NULL,
  `is_tawkto` tinyint(4) NOT NULL DEFAULT '1',
  `tawkto_property_id` varchar(255) COLLATE utf8mb4_unicode_ci DEFAULT NULL,
  `is_disqus` tinyint(4) NOT NULL DEFAULT '1',
  `is_user_disqus` tinyint(4) NOT NULL DEFAULT '1',
  `disqus_shortname` varchar(255) COLLATE utf8mb4_unicode_ci DEFAULT NULL,
  `disqus_script` text COLLATE utf8mb4_unicode_ci,
  `maintainance_mode` tinyint(4) NOT NULL DEFAULT '0' COMMENT '1 - active, 0 - deactive',
  `maintainance_text` text COLLATE utf8mb4_unicode_ci,
  `maintenance_img` varchar(50) COLLATE utf8mb4_unicode_ci DEFAULT NULL,
  `maintenance_status` tinyint(4) NOT NULL DEFAULT '0',
  `secret_path` varchar(255) COLLATE utf8mb4_unicode_ci DEFAULT NULL,
  `feature_section` tinyint(4) NOT NULL DEFAULT '1',
  `process_section` tinyint(4) NOT NULL DEFAULT '1',
  `featured_users_section` tinyint(4) NOT NULL DEFAULT '1',
  `pricing_section` tinyint(4) NOT NULL DEFAULT '1',
  `partners_section` tinyint(4) NOT NULL DEFAULT '1',
  `intro_section` tinyint(4) NOT NULL DEFAULT '1',
  `testimonial_section` tinyint(4) NOT NULL DEFAULT '1',
  `feature_title` varchar(255) COLLATE utf8mb4_unicode_ci DEFAULT NULL,
  `work_process_title` varchar(255) COLLATE utf8mb4_unicode_ci DEFAULT NULL,
  `work_process_subtitle` varchar(255) COLLATE utf8mb4_unicode_ci DEFAULT NULL,
  `featured_users_title` varchar(255) COLLATE utf8mb4_unicode_ci DEFAULT NULL,
  `featured_users_subtitle` varchar(255) COLLATE utf8mb4_unicode_ci DEFAULT NULL,
  `pricing_title` varchar(255) COLLATE utf8mb4_unicode_ci DEFAULT NULL,
  `pricing_subtitle` varchar(255) COLLATE utf8mb4_unicode_ci DEFAULT NULL,
  `testimonial_title` varchar(255) COLLATE utf8mb4_unicode_ci DEFAULT NULL,
  `testimonial_subtitle` varchar(255) COLLATE utf8mb4_unicode_ci DEFAULT NULL,
  `news_section` tinyint(4) NOT NULL DEFAULT '1',
  `top_footer_section` tinyint(4) NOT NULL DEFAULT '1',
  `copyright_section` tinyint(4) NOT NULL DEFAULT '1',
  `blog_title` varchar(255) COLLATE utf8mb4_unicode_ci DEFAULT NULL,
  `blog_subtitle` varchar(255) COLLATE utf8mb4_unicode_ci DEFAULT NULL,
  `useful_links_title` varchar(50) COLLATE utf8mb4_unicode_ci DEFAULT NULL,
  `newsletter_title` varchar(50) COLLATE utf8mb4_unicode_ci DEFAULT NULL,
  `newsletter_subtitle` varchar(255) COLLATE utf8mb4_unicode_ci DEFAULT NULL,
  `is_whatsapp` tinyint(4) NOT NULL DEFAULT '1',
  `whatsapp_number` varchar(50) COLLATE utf8mb4_unicode_ci DEFAULT NULL,
  `whatsapp_header_title` varchar(255) COLLATE utf8mb4_unicode_ci DEFAULT NULL,
  `whatsapp_popup_message` text COLLATE utf8mb4_unicode_ci,
  `whatsapp_popup` tinyint(4) NOT NULL DEFAULT '1',
  PRIMARY KEY (`id`)
) ENGINE=InnoDB AUTO_INCREMENT=155 DEFAULT CHARSET=utf8mb4 COLLATE=utf8mb4_unicode_ci;

-- Dumping data for table wiebo.basic_settings: ~2 rows (approximately)
/*!40000 ALTER TABLE `basic_settings` DISABLE KEYS */;
INSERT INTO `basic_settings` (`id`, `language_id`, `favicon`, `logo`, `preloader_status`, `preloader`, `website_title`, `base_color`, `breadcrumb`, `footer_logo`, `footer_text`, `newsletter_text`, `copyright_text`, `intro_subtitle`, `intro_title`, `intro_text`, `intro_main_image`, `contact_form_title`, `contact_text`, `contact_info_title`, `tawk_to_script`, `is_recaptcha`, `google_recaptcha_site_key`, `google_recaptcha_secret_key`, `is_tawkto`, `tawkto_property_id`, `is_disqus`, `is_user_disqus`, `disqus_shortname`, `disqus_script`, `maintainance_mode`, `maintainance_text`, `maintenance_img`, `maintenance_status`, `secret_path`, `feature_section`, `process_section`, `featured_users_section`, `pricing_section`, `partners_section`, `intro_section`, `testimonial_section`, `feature_title`, `work_process_title`, `work_process_subtitle`, `featured_users_title`, `featured_users_subtitle`, `pricing_title`, `pricing_subtitle`, `testimonial_title`, `testimonial_subtitle`, `news_section`, `top_footer_section`, `copyright_section`, `blog_title`, `blog_subtitle`, `useful_links_title`, `newsletter_title`, `newsletter_subtitle`, `is_whatsapp`, `whatsapp_number`, `whatsapp_header_title`, `whatsapp_popup_message`, `whatsapp_popup`) VALUES
	(153, 176, '61e6cf67e7027.png', '61e6d06350b89.png', 1, '61e6d1d375ddd.png', 'ArabCode', '4CFF26', '60ea8dcf724d7.jpg', '619f8fed9ba13.png', 'We are a awward winning multinaitonal Company. We Believe quality and standard worlwidex Consider.', 'Subscribe to gate Latest News, Offer and connect With Us.', _binary 0x436F7079726967687420C2A920323032312E20416C6C2072696768747320726573657276656420627920427573696E6573736F2E, 'We beilieve in Customer Trust', 'About US', 'Donec scelerisque dolor id nunc dictum, interdum gravida mauris rhoncus. Aliquam at ultrices nunc. In sem leo, fermentum at lorem in, porta finibus mauris. Aliquam consectetur, ex in gravida porttitor,\r\nDonec scelerisque dolor id nunc dictum, interdum gravida mauris rhoncus. Aliquam at ultrices nunc. In sem leo, fermentum at lorem in, porta finibus mauris. Aliquam consectetur, ex in gravida porttitor,', '6195e99bbff6b.png', 'Leave Reply', 'Lorem Ipsum is simply dummy text of the printing and typesetting industry. Lorem Ipsum.', 'CONTACT INFO', '<!--Start of Tawk.to Script-->\r\n<script type="text/javascript">\r\nvar Tawk_API=Tawk_API||{}, Tawk_LoadStart=new Date();\r\n(function(){\r\nvar s1=document.createElement("script"),s0=document.getElementsByTagName("script")[0];\r\ns1.async=true;\r\ns1.src=\'https://embed.tawk.to/5f5e445f4704467e89ee918d/default\';\r\ns1.charset=\'UTF-8\';\r\ns1.setAttribute(\'crossorigin\',\'*\');\r\ns0.parentNode.insertBefore(s1,s0);\r\n})();\r\n</script>\r\n<!--End of Tawk.to Script-->', 0, '6Lf9jOQUAAAAABJKj_nQBNvji7wh4DdOZIPAdRKk', '6Lf9jOQUAAAAALO4C5pC7O_HHw0Z1BuYCU_FA606', 1, NULL, 1, 1, 'plusagency-2-5', '<script>\r\n\r\n/**\r\n*  RECOMMENDED CONFIGURATION VARIABLES: EDIT AND UNCOMMENT THE SECTION BELOW TO INSERT DYNAMIC VALUES FROM YOUR PLATFORM OR CMS.\r\n*  LEARN WHY DEFINING THESE VARIABLES IS IMPORTANT: https://disqus.com/admin/universalcode/#configuration-variables*/\r\n/*\r\nvar disqus_config = function () {\r\nthis.page.url = PAGE_URL;  // Replace PAGE_URL with your page\'s canonical URL variable\r\nthis.page.identifier = PAGE_IDENTIFIER; // Replace PAGE_IDENTIFIER with your page\'s unique identifier variable\r\n};\r\n*/\r\n(function() { // DON\'T EDIT BELOW THIS LINE\r\nvar d = document, s = d.createElement(\'script\');\r\ns.src = \'https://plusagency.disqus.com/embed.js\';\r\ns.setAttribute(\'data-timestamp\', +new Date());\r\n(d.head || d.body).appendChild(s);\r\n})();\r\n</script>', 0, 'We are upgrading our site. We will come back soon. \r\nPlease stay with us.\r\nThank you....', '60f109af58110.png', 0, NULL, 1, 1, 1, 1, 1, 1, 1, 'Features', 'Work Process', 'How It Works', 'Featured Businesses', 'Take a look at the featured businesses', 'Pricing', 'Choose Your Perfect Package', 'Testimonials', 'What Our Cliets Say', 1, 1, 1, 'Blogs', 'Our Latest Blogs', 'Useful Links', 'Newsletter', 'Get latest updates first', 0, '2367327069', 'Hi, There!', 'How can I help you?\r\ngreat', 1),
	(154, 177, '61e6cf67e7027.png', '61e6d06350b89.png', 1, '61e6d1d375ddd.png', 'ArabCode', '4CFF26', '60ea8dcf724d7.jpg', '61e8314368aaf.png', 'نحن شركة متعددة الأطراف فائزة بشكل كبير. نحن نؤمن بالجودة والمعايير التي نأخذها بعين الاعتبار.', 'Subscribe to gate Latest News, Offer and connect With Us.', _binary 0xD8ACD985D98AD8B920D8A7D984D8ADD982D988D98220D985D8ADD981D988D8B8D8A920C2A920323032312E, 'قصتنا', 'لدينا 20 عاما من الخبرة العملية في مقهى.', 'هناك حقيقة مثبتة منذ زمن طويل وهي أن المحتوى المقروء لصفحة ما سيلهي القارئ عن التركيز على الشكل الخارجي للنص أو شكل توضع الفقرات في الصفحة التي يقرأها. ولذلك يتم استخدام', '6195e994095b0.png', 'اترك الرد', 'هناك حقيقة مثبتة منذ زمن طويل وهي أن المحتوى المقروء لصفحة ما سيلهي القارئ عن التركيز على الشكل الخارجي للنص أو شكل', 'معلومات الاتصال', '<!--Start of Tawk.to Script-->\r\n<script type="text/javascript">\r\nvar Tawk_API=Tawk_API||{}, Tawk_LoadStart=new Date();\r\n(function(){\r\nvar s1=document.createElement("script"),s0=document.getElementsByTagName("script")[0];\r\ns1.async=true;\r\ns1.src=\'https://embed.tawk.to/5f5e445f4704467e89ee918d/default\';\r\ns1.charset=\'UTF-8\';\r\ns1.setAttribute(\'crossorigin\',\'*\');\r\ns0.parentNode.insertBefore(s1,s0);\r\n})();\r\n</script>\r\n<!--End of Tawk.to Script-->', 0, '6Lf9jOQUAAAAABJKj_nQBNvji7wh4DdOZIPAdRKk', '6Lf9jOQUAAAAALO4C5pC7O_HHw0Z1BuYCU_FA606', 1, NULL, 1, 1, 'plusagency-2-5', '<script>\r\n\r\n/**\r\n*  RECOMMENDED CONFIGURATION VARIABLES: EDIT AND UNCOMMENT THE SECTION BELOW TO INSERT DYNAMIC VALUES FROM YOUR PLATFORM OR CMS.\r\n*  LEARN WHY DEFINING THESE VARIABLES IS IMPORTANT: https://disqus.com/admin/universalcode/#configuration-variables*/\r\n/*\r\nvar disqus_config = function () {\r\nthis.page.url = PAGE_URL;  // Replace PAGE_URL with your page\'s canonical URL variable\r\nthis.page.identifier = PAGE_IDENTIFIER; // Replace PAGE_IDENTIFIER with your page\'s unique identifier variable\r\n};\r\n*/\r\n(function() { // DON\'T EDIT BELOW THIS LINE\r\nvar d = document, s = d.createElement(\'script\');\r\ns.src = \'https://plusagency.disqus.com/embed.js\';\r\ns.setAttribute(\'data-timestamp\', +new Date());\r\n(d.head || d.body).appendChild(s);\r\n})();\r\n</script>', 0, 'We are upgrading our site. We will come back soon. \r\nPlease stay with us.\r\nThank you....', NULL, 0, NULL, 1, 1, 1, 1, 1, 1, 1, 'متميز', 'آلية العمل', 'آلية العمل', 'مستخدم مميز', 'مستخدم مميز', 'التسعير', 'التسعير', 'آراء العملاء', 'آراء العملاء', 1, 1, 1, 'المدونة', NULL, 'روابط مفيدة', 'النشرة الإخبارية', 'احصل على آخر التحديثات أولاً', 0, '2367327069', 'Hi, There!', 'How can I help you?\r\ngreat', 1);
/*!40000 ALTER TABLE `basic_settings` ENABLE KEYS */;

-- Dumping structure for table wiebo.bcategories
CREATE TABLE IF NOT EXISTS `bcategories` (
  `id` bigint(20) unsigned NOT NULL AUTO_INCREMENT,
  `language_id` int(11) NOT NULL DEFAULT '0',
  `name` varchar(255) COLLATE utf8mb4_unicode_ci DEFAULT NULL,
  `slug` varchar(255) COLLATE utf8mb4_unicode_ci DEFAULT NULL,
  `status` tinyint(4) NOT NULL DEFAULT '1',
  `serial_number` int(11) NOT NULL DEFAULT '0',
  PRIMARY KEY (`id`)
) ENGINE=InnoDB AUTO_INCREMENT=21 DEFAULT CHARSET=utf8mb4 COLLATE=utf8mb4_unicode_ci;

-- Dumping data for table wiebo.bcategories: ~8 rows (approximately)
/*!40000 ALTER TABLE `bcategories` DISABLE KEYS */;
INSERT INTO `bcategories` (`id`, `language_id`, `name`, `slug`, `status`, `serial_number`) VALUES
	(13, 176, 'International', NULL, 1, 1),
	(14, 176, 'Tech', NULL, 1, 2),
	(15, 176, 'Miscellaneous', NULL, 1, 3),
	(16, 176, 'Lifestyle', NULL, 1, 4),
	(17, 177, 'دولي', NULL, 1, 1),
	(18, 177, 'تقنية', NULL, 1, 2),
	(19, 177, 'متفرقات', NULL, 1, 3),
	(20, 177, 'أسلوب الحياة', NULL, 1, 4);
/*!40000 ALTER TABLE `bcategories` ENABLE KEYS */;

-- Dumping structure for table wiebo.blogs
CREATE TABLE IF NOT EXISTS `blogs` (
  `id` bigint(20) unsigned NOT NULL AUTO_INCREMENT,
  `language_id` int(11) NOT NULL DEFAULT '0',
  `bcategory_id` int(11) DEFAULT NULL,
  `title` varchar(255) COLLATE utf8mb4_unicode_ci DEFAULT NULL,
  `slug` varchar(255) COLLATE utf8mb4_unicode_ci DEFAULT NULL,
  `main_image` varchar(255) COLLATE utf8mb4_unicode_ci DEFAULT NULL,
  `content` blob,
  `tags` text COLLATE utf8mb4_unicode_ci,
  `meta_keywords` text COLLATE utf8mb4_unicode_ci,
  `meta_description` text COLLATE utf8mb4_unicode_ci,
  `serial_number` int(11) NOT NULL DEFAULT '0',
  `created_at` timestamp NULL DEFAULT NULL,
  `updated_at` timestamp NULL DEFAULT NULL,
  PRIMARY KEY (`id`)
) ENGINE=InnoDB AUTO_INCREMENT=98 DEFAULT CHARSET=utf8mb4 COLLATE=utf8mb4_unicode_ci;

-- Dumping data for table wiebo.blogs: ~12 rows (approximately)
/*!40000 ALTER TABLE `blogs` DISABLE KEYS */;
INSERT INTO `blogs` (`id`, `language_id`, `bcategory_id`, `title`, `slug`, `main_image`, `content`, `tags`, `meta_keywords`, `meta_description`, `serial_number`, `created_at`, `updated_at`) VALUES
	(86, 176, 13, 'It has survived not only five centuries', 'it-has-survived-not-only-five-centuries', '1637216440.png', _binary 0x3C703E3C7370616E207374796C653D22666F6E742D66616D696C793A274F70656E2053616E73272C20417269616C2C2073616E732D73657269663B746578742D616C69676E3A6A7573746966793B666F6E742D73697A653A313470783B223E4C6F72656D20697073756D20646F6C6F722073697420616D65742C20636F6E73656374657475722061646970697363696E6720656C69742C2073656420646F20656975736D6F642074656D706F7220696E6369646964756E74207574206C61626F726520657420646F6C6F7265206D61676E6120616C697175612E20557420656E696D206164206D696E696D2076656E69616D2C2071756973206E6F737472756420657865726369746174696F6E20756C6C616D636F206C61626F726973206E69736920757420616C697175697020657820656120636F6D6D6F646F20636F6E7365717561742E2044756973206175746520697275726520646F6C6F7220696E20726570726568656E646572697420696E20766F6C7570746174652076656C697420657373652063696C6C756D20646F6C6F726520657520667567696174206E756C6C612070617269617475722E204578636570746575722073696E74206F6363616563617420637570696461746174206E6F6E2070726F6964656E742C2073756E7420696E2063756C706120717569206F666669636961206465736572756E74206D6F6C6C697420616E696D20696420657374206C61626F72756D3C2F7370616E3E3C2F703E3C703E3C7370616E207374796C653D22666F6E742D66616D696C793A274F70656E2053616E73272C20417269616C2C2073616E732D73657269663B746578742D616C69676E3A6A7573746966793B666F6E742D73697A653A313470783B223E4C6F72656D20697073756D20646F6C6F722073697420616D65742C20636F6E73656374657475722061646970697363696E6720656C69742C2073656420646F20656975736D6F642074656D706F7220696E6369646964756E74207574206C61626F726520657420646F6C6F7265206D61676E6120616C697175612E20557420656E696D206164206D696E696D2076656E69616D2C2071756973206E6F737472756420657865726369746174696F6E20756C6C616D636F206C61626F726973206E69736920757420616C697175697020657820656120636F6D6D6F646F20636F6E7365717561742E2044756973206175746520697275726520646F6C6F7220696E20726570726568656E646572697420696E20766F6C7570746174652076656C697420657373652063696C6C756D20646F6C6F726520657520667567696174206E756C6C612070617269617475722E204578636570746575722073696E74206F6363616563617420637570696461746174206E6F6E2070726F6964656E742C2073756E7420696E2063756C706120717569206F666669636961206465736572756E74206D6F6C6C697420616E696D20696420657374206C61626F72756D3C2F7370616E3E3C7370616E207374796C653D22666F6E742D66616D696C793A274F70656E2053616E73272C20417269616C2C2073616E732D73657269663B746578742D616C69676E3A6A7573746966793B223E3C6272202F3E3C2F7370616E3E3C6272202F3E3C2F703E, NULL, NULL, NULL, 1, '2021-07-25 01:44:48', '2021-11-18 03:20:40'),
	(87, 176, 14, 'Sed ut perspiciatis unde omnis iste natus error sit voluptatem', 'sed-ut-perspiciatis-unde-omnis-iste-natus-error-sit-voluptatem', '1637216446.png', _binary 0x3C703E3C7370616E207374796C653D22666F6E742D66616D696C793A274F70656E2053616E73272C20417269616C2C2073616E732D73657269663B746578742D616C69676E3A6A7573746966793B666F6E742D73697A653A313470783B223E5365642075742070657273706963696174697320756E6465206F6D6E69732069737465206E61747573206572726F722073697420766F6C7570746174656D206163637573616E7469756D20646F6C6F72656D717565206C617564616E7469756D2C20746F74616D2072656D206170657269616D2C2065617175652069707361207175616520616220696C6C6F20696E76656E746F726520766572697461746973206574207175617369206172636869746563746F206265617461652076697461652064696374612073756E74206578706C696361626F2E204E656D6F20656E696D20697073616D20766F6C7570746174656D207175696120766F6C7570746173207369742061737065726E6174757220617574206F646974206175742066756769742C20736564207175696120636F6E73657175756E747572206D61676E6920646F6C6F72657320656F732071756920726174696F6E6520766F6C7570746174656D207365717569206E65736369756E742E204E6571756520706F72726F20717569737175616D206573742C2071756920646F6C6F72656D20697073756D207175696120646F6C6F722073697420616D65742C20636F6E73656374657475722C2061646970697363692076656C69742C207365642071756961206E6F6E206E756D7175616D2065697573206D6F64692074656D706F726120696E636964756E74207574206C61626F726520657420646F6C6F7265206D61676E616D20616C697175616D207175616572617420766F6C7570746174656D2E20557420656E696D206164206D696E696D612076656E69616D2C2071756973206E6F737472756D20657865726369746174696F6E656D20756C6C616D20636F72706F726973207375736369706974206C61626F72696F73616D2C206E69736920757420616C697175696420657820656120636F6D6D6F646920636F6E73657175617475723F205175697320617574656D2076656C2065756D206975726520726570726568656E64657269742071756920696E20656120766F6C7570746174652076656C69742065737365207175616D206E6968696C206D6F6C65737469616520636F6E73657175617475722C2076656C20696C6C756D2071756920646F6C6F72656D2065756D206675676961742071756F20766F6C7570746173206E756C6C612070617269617475723C2F7370616E3E3C6272202F3E3C2F703E, NULL, NULL, NULL, 2, '2021-07-25 01:46:20', '2021-11-18 03:20:46'),
	(88, 176, 15, 'expound the actual teachings of the great explorer of the truth', 'expound-the-actual-teachings-of-the-great-explorer-of-the-truth', '1637216452.png', _binary 0x3C703E3C7370616E207374796C653D22666F6E742D66616D696C793A274F70656E2053616E73272C20417269616C2C2073616E732D73657269663B746578742D616C69676E3A6A7573746966793B223E4275742049206D757374206578706C61696E20746F20796F7520686F7720616C6C2074686973206D697374616B656E2069646561206F662064656E6F756E63696E6720706C65617375726520616E64207072616973696E67207061696E2077617320626F726E20616E6420492077696C6C206769766520796F75206120636F6D706C657465206163636F756E74206F66207468652073797374656D2C20616E64206578706F756E64207468652061637475616C207465616368696E6773206F6620746865206772656174206578706C6F726572206F66207468652074727574682C20746865206D61737465722D6275696C646572206F662068756D616E2068617070696E6573732E204E6F206F6E652072656A656374732C206469736C696B65732C206F722061766F69647320706C65617375726520697473656C662C206265636175736520697420697320706C6561737572652C2062757420626563617573652074686F73652077686F20646F206E6F74206B6E6F7720686F7720746F2070757273756520706C65617375726520726174696F6E616C6C7920656E636F756E74657220636F6E73657175656E6365732074686174206172652065787472656D656C79207061696E66756C2E204E6F7220616761696E20697320746865726520616E796F6E652077686F206C6F766573206F722070757273756573206F72206465736972657320746F206F627461696E207061696E206F6620697473656C662C2062656361757365206974206973207061696E2C206275742062656361757365206F63636173696F6E616C6C792063697263756D7374616E636573206F6363757220696E20776869636820746F696C20616E64207061696E2063616E2070726F637572652068696D20736F6D6520677265617420706C6561737572652E20546F2074616B652061207472697669616C206578616D706C652C207768696368206F66207573206576657220756E64657274616B6573206C61626F72696F757320706879736963616C2065786572636973652C2065786365707420746F206F627461696E20736F6D6520616476616E746167652066726F6D2069743F204275742077686F2068617320616E7920726967687420746F2066696E64206661756C7420776974682061206D616E2077686F2063686F6F73657320746F20656E6A6F79206120706C656173757265207468617420686173206E6F20616E6E6F79696E6720636F6E73657175656E6365732C206F72206F6E652077686F2061766F6964732061207061696E20746861742070726F6475636573206E6F20726573756C74616E7420706C6561737572653C2F7370616E3E3C6272202F3E3C2F703E, NULL, NULL, NULL, 3, '2021-07-25 01:47:18', '2021-11-18 03:20:52'),
	(89, 176, 16, 'At vero eos et accusamus et iusto odio dignissimos ducimus', 'at-vero-eos-et-accusamus-et-iusto-odio-dignissimos-ducimus', '1637216459.png', _binary 0x3C703E3C7370616E207374796C653D22666F6E742D66616D696C793A274F70656E2053616E73272C20417269616C2C2073616E732D73657269663B746578742D616C69676E3A6A7573746966793B223E4174207665726F20656F73206574206163637573616D757320657420697573746F206F64696F206469676E697373696D6F7320647563696D75732071756920626C616E646974696973207072616573656E7469756D20766F6C7570746174756D2064656C656E69746920617471756520636F7272757074692071756F7320646F6C6F7265732065742071756173206D6F6C657374696173206578636570747572692073696E74206F63636165636174692063757069646974617465206E6F6E2070726F766964656E742C2073696D696C697175652073756E7420696E2063756C706120717569206F666669636961206465736572756E74206D6F6C6C6974696120616E696D692C20696420657374206C61626F72756D20657420646F6C6F72756D20667567612E20457420686172756D2071756964656D20726572756D20666163696C6973206573742065742065787065646974612064697374696E6374696F2E204E616D206C696265726F2074656D706F72652C2063756D20736F6C757461206E6F6269732065737420656C6967656E6469206F7074696F2063756D717565206E6968696C20696D70656469742071756F206D696E75732069642071756F64206D6178696D6520706C61636561742066616365726520706F7373696D75732C206F6D6E697320766F6C757074617320617373756D656E6461206573742C206F6D6E697320646F6C6F7220726570656C6C656E6475732E2054656D706F726962757320617574656D2071756962757364616D20657420617574206F6666696369697320646562697469732061757420726572756D206E65636573736974617469627573207361657065206576656E69657420757420657420766F6C7570746174657320726570756469616E6461652073696E74206574206D6F6C657374696165206E6F6E207265637573616E6461652E2049746171756520656172756D20726572756D206869632074656E6574757220612073617069656E74652064656C65637475732C20757420617574207265696369656E64697320766F6C757074617469627573206D61696F72657320616C69617320636F6E73657175617475722061757420706572666572656E64697320646F6C6F7269627573206173706572696F72657320726570656C6C61743C2F7370616E3E3C6272202F3E3C2F703E, NULL, NULL, NULL, 4, '2021-07-25 01:48:00', '2021-11-18 03:20:59'),
	(90, 176, 13, 'On the other hand, we denounce with righteous indignation', 'on-the-other-hand,-we-denounce-with-righteous-indignation', '1637216476.png', _binary 0x3C703E3C7370616E207374796C653D22666F6E742D66616D696C793A274F70656E2053616E73272C20417269616C2C2073616E732D73657269663B746578742D616C69676E3A6A7573746966793B223E4F6E20746865206F746865722068616E642C2077652064656E6F756E63652077697468207269676874656F757320696E6469676E6174696F6E20616E64206469736C696B65206D656E2077686F2061726520736F2062656775696C656420616E642064656D6F72616C697A65642062792074686520636861726D73206F6620706C656173757265206F6620746865206D6F6D656E742C20736F20626C696E646564206279206465736972652C207468617420746865792063616E6E6F7420666F726573656520746865207061696E20616E642074726F75626C6520746861742061726520626F756E6420746F20656E7375653B20616E6420657175616C20626C616D652062656C6F6E677320746F2074686F73652077686F206661696C20696E2074686569722064757479207468726F756768207765616B6E657373206F662077696C6C2C207768696368206973207468652073616D6520617320736179696E67207468726F75676820736872696E6B696E672066726F6D20746F696C20616E64207061696E2E2054686573652063617365732061726520706572666563746C792073696D706C6520616E64206561737920746F2064697374696E67756973682E20496E2061206672656520686F75722C207768656E206F757220706F776572206F662063686F69636520697320756E7472616D6D656C6C656420616E64207768656E206E6F7468696E672070726576656E7473206F7572206265696E672061626C6520746F20646F2077686174207765206C696B6520626573742C20657665727920706C65617375726520697320746F2062652077656C636F6D656420616E64206576657279207061696E2061766F696465642E2042757420696E206365727461696E2063697263756D7374616E63657320616E64206F77696E6720746F2074686520636C61696D73206F662064757479206F7220746865206F626C69676174696F6E73206F6620627573696E6573732069742077696C6C206672657175656E746C79206F63637572207468617420706C65617375726573206861766520746F206265207265707564696174656420616E6420616E6E6F79616E6365732061636365707465642E205468652077697365206D616E207468657265666F726520616C7761797320686F6C647320696E207468657365206D61747465727320746F2074686973207072696E6369706C65206F662073656C656374696F6E3A2068652072656A6563747320706C6561737572657320746F20736563757265206F74686572206772656174657220706C656173757265732C206F7220656C736520686520656E6475726573207061696E7320746F2061766F696420776F727365207061696E733C2F7370616E3E3C6272202F3E3C2F703E, NULL, NULL, NULL, 5, '2021-07-25 01:49:03', '2021-11-18 03:21:16'),
	(91, 176, 14, 'consectetur, adipisci velit, sed quia non numquam eius', 'consectetur,-adipisci-velit,-sed-quia-non-numquam-eius', '1637216483.png', _binary 0x3C626C6F636B71756F74653E3C703E3C7370616E207374796C653D22666F6E742D73697A653A313470783B666F6E742D66616D696C793A27436F6D69632053616E73204D53273B223E546865726520617265206D616E7920766172696174696F6E73206F66207061737361676573206F66204C6F72656D20497073756D20617661696C61626C652C2062757420746865206D616A6F72697479206861766520737566666572656420616C7465726174696F6E20696E20736F6D6520666F726D2C20627920696E6A65637465642068756D6F75722C206F722072616E646F6D6973656420776F72647320776869636820646F6E2774206C6F6F6B206576656E20736C696768746C792062656C69657661626C652E20496620796F752061726520676F696E6720746F2075736520612070617373616765206F66204C6F72656D20497073756D2C20796F75206E65656420746F20626520737572652074686572652069736E277420616E797468696E6720656D62617272617373696E672068696464656E20696E20746865206D6964646C65206F6620746578742E20416C6C20746865204C6F72656D20497073756D2067656E657261746F7273206F6E2074686520496E7465726E65742074656E6420746F2072657065617420707265646566696E6564206368756E6B73206173206E65636573736172792C206D616B696E6720746869732074686520666972737420747275652067656E657261746F72206F6E2074686520496E7465726E65742E204974207573657320612064696374696F6E617279206F66206F76657220323030204C6174696E20776F7264732C20636F6D62696E6564207769746820612068616E6466756C206F66206D6F64656C2073656E74656E636520737472756374757265732C20746F2067656E6572617465204C6F72656D20497073756D207768696368206C6F6F6B7320726561736F6E61626C652E205468652067656E657261746564204C6F72656D20497073756D206973207468657265666F726520616C7761797320667265652066726F6D2072657065746974696F6E2C20696E6A65637465642068756D6F75722C206F72206E6F6E2D636861726163746572697374696320776F726473206574632E3C2F7370616E3E3C2F703E3C2F626C6F636B71756F74653E3C703E3C7370616E207374796C653D22636F6C6F723A72676228302C302C30293B666F6E742D66616D696C793A56657264616E613B746578742D616C69676E3A6A7573746966793B223E436F6E747261727920746F20706F70756C61722062656C6965662C204C6F72656D20497073756D206973206E6F742073696D706C792072616E646F6D20746578742E2049742068617320726F6F747320696E2061207069656365206F6620636C6173736963616C204C6174696E206C6974657261747572652066726F6D2034352042432C206D616B696E67206974206F7665722032303030207965617273206F6C642E2052696368617264204D63436C696E746F636B2C2061204C6174696E2070726F666573736F722061742048616D7064656E2D5379646E657920436F6C6C65676520696E2056697267696E69612C206C6F6F6B6564207570206F6E65206F6620746865206D6F7265206F627363757265204C6174696E20776F7264732C20636F6E73656374657475722C2066726F6D2061204C6F72656D20497073756D20706173736167652C20616E6420676F696E67207468726F75676820746865206369746573206F662074686520776F726420696E20636C6173736963616C206C6974657261747572653C2F7370616E3E3C6272202F3E3C2F703E, NULL, NULL, NULL, 6, '2021-07-25 01:50:07', '2021-11-18 03:21:23'),
	(92, 177, 17, 'وقد نجا خمسة قرون فحسب', 'وقد-نجا-خمسة-قرون-فحسب', '1637216494.png', _binary 0xD987D986D8A7D984D98320D8A7D984D8B9D8AFD98AD8AF20D985D98620D8A7D984D8A3D986D988D8A7D8B920D8A7D984D985D8AAD988D981D8B1D8A920D984D986D8B5D988D8B520D984D988D8B1D98AD98520D8A5D98AD8A8D8B3D988D985D88C20D988D984D983D98620D8A7D984D8BAD8A7D984D8A8D98AD8A920D8AAD98520D8AAD8B9D8AFD98AD984D987D8A720D8A8D8B4D983D98420D985D8A720D8B9D8A8D8B120D8A5D8AFD8AED8A7D98420D8A8D8B9D8B620D8A7D984D986D988D8A7D8AFD8B120D8A3D98820D8A7D984D983D984D985D8A7D8AA20D8A7D984D8B9D8B4D988D8A7D8A6D98AD8A920D8A5D984D98920D8A7D984D986D8B52E20D8A5D98620D983D986D8AA20D8AAD8B1D98AD8AF20D8A3D98620D8AAD8B3D8AAD8AED8AFD98520D986D8B520D984D988D8B1D98AD98520D8A5D98AD8A8D8B3D988D98520D985D8A7D88C20D8B9D984D98AD98320D8A3D98620D8AAD8AAD8ADD982D98220D8A3D988D984D8A7D98B20D8A3D98620D984D98AD8B320D987D986D8A7D98320D8A3D98A20D983D984D985D8A7D8AA20D8A3D98820D8B9D8A8D8A7D8B1D8A7D8AA20D985D8ADD8B1D8ACD8A920D8A3D98820D8BAD98AD8B120D984D8A7D8A6D982D8A920D985D8AED8A8D8A3D8A920D981D98A20D987D8B0D8A720D8A7D984D986D8B52E20D8A8D98AD986D985D8A720D8AAD8B9D985D98420D8ACD985D98AD8B920D985D988D984D991D8AFD8A7D8AA20D986D8B5D988D8B520D984D988D8B1D98AD98520D8A5D98AD8A8D8B3D988D98520D8B9D984D98920D8A7D984D8A5D986D8AAD8B1D986D8AA20D8B9D984D98920D8A5D8B9D8A7D8AFD8A920D8AAD983D8B1D8A7D8B120D985D982D8A7D8B7D8B920D985D98620D986D8B520D984D988D8B1D98AD98520D8A5D98AD8A8D8B3D988D98520D986D981D8B3D98720D8B9D8AFD8A920D985D8B1D8A7D8AA20D8A8D985D8A720D8AAD8AAD8B7D984D8A8D98720D8A7D984D8ADD8A7D8ACD8A9D88C20D98AD982D988D98520D985D988D984D991D8AFD986D8A720D987D8B0D8A720D8A8D8A7D8B3D8AAD8AED8AFD8A7D98520D983D984D985D8A7D8AA20D985D98620D982D8A7D985D988D8B320D98AD8ADD988D98A20D8B9D984D98920D8A3D983D8ABD8B120D985D9862032303020D983D984D985D8A920D984D8A720D8AAD98AD986D98AD8A9D88C20D985D8B6D8A7D98120D8A5D984D98AD987D8A720D985D8ACD985D988D8B9D8A920D985D98620D8A7D984D8ACD985D98420D8A7D984D986D985D988D8B0D8ACD98AD8A9D88C20D984D8AAD983D988D98AD98620D986D8B520D984D988D8B1D98AD98520D8A5D98AD8A8D8B3D988D98520D8B0D98820D8B4D983D98420D985D986D8B7D982D98A20D982D8B1D98AD8A820D8A5D984D98920D8A7D984D986D8B520D8A7D984D8ADD982D98AD982D98A2E20D988D8A8D8A7D984D8AAD8A7D984D98A20D98AD983D988D98620D8A7D984D986D8B520D8A7D984D986D8A7D8AAD8AD20D8AED8A7D984D98A20D985D98620D8A7D984D8AAD983D8B1D8A7D8B1D88C20D8A3D98820D8A3D98A20D983D984D985D8A7D8AA20D8A3D98820D8B9D8A8D8A7D8B1D8A7D8AA20D8BAD98AD8B120D984D8A7D8A6D982D8A920D8A3D98820D985D8A720D8B4D8A7D8A8D9872E20D988D987D8B0D8A720D985D8A720D98AD8ACD8B9D984D98720D8A3D988D98420D985D988D984D991D8AF20D986D8B520D984D988D8B1D98AD98520D8A5D98AD8A8D8B3D988D98520D8ADD982D98AD982D98A20D8B9D984D98920D8A7D984D8A5D986D8AAD8B1D986D8AA2E, NULL, NULL, NULL, 1, '2021-07-25 01:44:48', '2021-11-18 03:21:34'),
	(93, 177, 18, 'لكن يجب أن أشرح لكم كيف كل هذه الفكرة الخاطئة عن المتعة', 'لكن-يجب-أن-أشرح-لكم-كيف-كل-هذه-الفكرة-الخاطئة-عن-المتعة', '1637216502.png', _binary 0xD987D986D8A7D984D98320D8A7D984D8B9D8AFD98AD8AF20D985D98620D8A7D984D8A3D986D988D8A7D8B920D8A7D984D985D8AAD988D981D8B1D8A920D984D986D8B5D988D8B520D984D988D8B1D98AD98520D8A5D98AD8A8D8B3D988D985D88C20D988D984D983D98620D8A7D984D8BAD8A7D984D8A8D98AD8A920D8AAD98520D8AAD8B9D8AFD98AD984D987D8A720D8A8D8B4D983D98420D985D8A720D8B9D8A8D8B120D8A5D8AFD8AED8A7D98420D8A8D8B9D8B620D8A7D984D986D988D8A7D8AFD8B120D8A3D98820D8A7D984D983D984D985D8A7D8AA20D8A7D984D8B9D8B4D988D8A7D8A6D98AD8A920D8A5D984D98920D8A7D984D986D8B52E20D8A5D98620D983D986D8AA20D8AAD8B1D98AD8AF20D8A3D98620D8AAD8B3D8AAD8AED8AFD98520D986D8B520D984D988D8B1D98AD98520D8A5D98AD8A8D8B3D988D98520D985D8A7D88C20D8B9D984D98AD98320D8A3D98620D8AAD8AAD8ADD982D98220D8A3D988D984D8A7D98B20D8A3D98620D984D98AD8B320D987D986D8A7D98320D8A3D98A20D983D984D985D8A7D8AA20D8A3D98820D8B9D8A8D8A7D8B1D8A7D8AA20D985D8ADD8B1D8ACD8A920D8A3D98820D8BAD98AD8B120D984D8A7D8A6D982D8A920D985D8AED8A8D8A3D8A920D981D98A20D987D8B0D8A720D8A7D984D986D8B52E20D8A8D98AD986D985D8A720D8AAD8B9D985D98420D8ACD985D98AD8B920D985D988D984D991D8AFD8A7D8AA20D986D8B5D988D8B520D984D988D8B1D98AD98520D8A5D98AD8A8D8B3D988D98520D8B9D984D98920D8A7D984D8A5D986D8AAD8B1D986D8AA20D8B9D984D98920D8A5D8B9D8A7D8AFD8A920D8AAD983D8B1D8A7D8B120D985D982D8A7D8B7D8B920D985D98620D986D8B520D984D988D8B1D98AD98520D8A5D98AD8A8D8B3D988D98520D986D981D8B3D98720D8B9D8AFD8A920D985D8B1D8A7D8AA20D8A8D985D8A720D8AAD8AAD8B7D984D8A8D98720D8A7D984D8ADD8A7D8ACD8A9D88C20D98AD982D988D98520D985D988D984D991D8AFD986D8A720D987D8B0D8A720D8A8D8A7D8B3D8AAD8AED8AFD8A7D98520D983D984D985D8A7D8AA20D985D98620D982D8A7D985D988D8B320D98AD8ADD988D98A20D8B9D984D98920D8A3D983D8ABD8B120D985D9862032303020D983D984D985D8A920D984D8A720D8AAD98AD986D98AD8A9D88C20D985D8B6D8A7D98120D8A5D984D98AD987D8A720D985D8ACD985D988D8B9D8A920D985D98620D8A7D984D8ACD985D98420D8A7D984D986D985D988D8B0D8ACD98AD8A9D88C20D984D8AAD983D988D98AD98620D986D8B520D984D988D8B1D98AD98520D8A5D98AD8A8D8B3D988D98520D8B0D98820D8B4D983D98420D985D986D8B7D982D98A20D982D8B1D98AD8A820D8A5D984D98920D8A7D984D986D8B520D8A7D984D8ADD982D98AD982D98A2E20D988D8A8D8A7D984D8AAD8A7D984D98A20D98AD983D988D98620D8A7D984D986D8B520D8A7D984D986D8A7D8AAD8AD20D8AED8A7D984D98A20D985D98620D8A7D984D8AAD983D8B1D8A7D8B1D88C20D8A3D98820D8A3D98A20D983D984D985D8A7D8AA20D8A3D98820D8B9D8A8D8A7D8B1D8A7D8AA20D8BAD98AD8B120D984D8A7D8A6D982D8A920D8A3D98820D985D8A720D8B4D8A7D8A8D9872E20D988D987D8B0D8A720D985D8A720D98AD8ACD8B9D984D98720D8A3D988D98420D985D988D984D991D8AF20D986D8B520D984D988D8B1D98AD98520D8A5D98AD8A8D8B3D988D98520D8ADD982D98AD982D98A20D8B9D984D98920D8A7D984D8A5D986D8AAD8B1D986D8AA2E, NULL, NULL, NULL, 2, '2021-07-25 01:46:20', '2021-11-18 03:21:42'),
	(94, 177, 19, 'شرح التعاليم الفعلية للمستكشف العظيم للحقيقة', 'شرح-التعاليم-الفعلية-للمستكشف-العظيم-للحقيقة', '1637216509.png', _binary 0xD987D986D8A7D984D98320D8A7D984D8B9D8AFD98AD8AF20D985D98620D8A7D984D8A3D986D988D8A7D8B920D8A7D984D985D8AAD988D981D8B1D8A920D984D986D8B5D988D8B520D984D988D8B1D98AD98520D8A5D98AD8A8D8B3D988D985D88C20D988D984D983D98620D8A7D984D8BAD8A7D984D8A8D98AD8A920D8AAD98520D8AAD8B9D8AFD98AD984D987D8A720D8A8D8B4D983D98420D985D8A720D8B9D8A8D8B120D8A5D8AFD8AED8A7D98420D8A8D8B9D8B620D8A7D984D986D988D8A7D8AFD8B120D8A3D98820D8A7D984D983D984D985D8A7D8AA20D8A7D984D8B9D8B4D988D8A7D8A6D98AD8A920D8A5D984D98920D8A7D984D986D8B52E20D8A5D98620D983D986D8AA20D8AAD8B1D98AD8AF20D8A3D98620D8AAD8B3D8AAD8AED8AFD98520D986D8B520D984D988D8B1D98AD98520D8A5D98AD8A8D8B3D988D98520D985D8A7D88C20D8B9D984D98AD98320D8A3D98620D8AAD8AAD8ADD982D98220D8A3D988D984D8A7D98B20D8A3D98620D984D98AD8B320D987D986D8A7D98320D8A3D98A20D983D984D985D8A7D8AA20D8A3D98820D8B9D8A8D8A7D8B1D8A7D8AA20D985D8ADD8B1D8ACD8A920D8A3D98820D8BAD98AD8B120D984D8A7D8A6D982D8A920D985D8AED8A8D8A3D8A920D981D98A20D987D8B0D8A720D8A7D984D986D8B52E20D8A8D98AD986D985D8A720D8AAD8B9D985D98420D8ACD985D98AD8B920D985D988D984D991D8AFD8A7D8AA20D986D8B5D988D8B520D984D988D8B1D98AD98520D8A5D98AD8A8D8B3D988D98520D8B9D984D98920D8A7D984D8A5D986D8AAD8B1D986D8AA20D8B9D984D98920D8A5D8B9D8A7D8AFD8A920D8AAD983D8B1D8A7D8B120D985D982D8A7D8B7D8B920D985D98620D986D8B520D984D988D8B1D98AD98520D8A5D98AD8A8D8B3D988D98520D986D981D8B3D98720D8B9D8AFD8A920D985D8B1D8A7D8AA20D8A8D985D8A720D8AAD8AAD8B7D984D8A8D98720D8A7D984D8ADD8A7D8ACD8A9D88C20D98AD982D988D98520D985D988D984D991D8AFD986D8A720D987D8B0D8A720D8A8D8A7D8B3D8AAD8AED8AFD8A7D98520D983D984D985D8A7D8AA20D985D98620D982D8A7D985D988D8B320D98AD8ADD988D98A20D8B9D984D98920D8A3D983D8ABD8B120D985D9862032303020D983D984D985D8A920D984D8A720D8AAD98AD986D98AD8A9D88C20D985D8B6D8A7D98120D8A5D984D98AD987D8A720D985D8ACD985D988D8B9D8A920D985D98620D8A7D984D8ACD985D98420D8A7D984D986D985D988D8B0D8ACD98AD8A9D88C20D984D8AAD983D988D98AD98620D986D8B520D984D988D8B1D98AD98520D8A5D98AD8A8D8B3D988D98520D8B0D98820D8B4D983D98420D985D986D8B7D982D98A20D982D8B1D98AD8A820D8A5D984D98920D8A7D984D986D8B520D8A7D984D8ADD982D98AD982D98A2E20D988D8A8D8A7D984D8AAD8A7D984D98A20D98AD983D988D98620D8A7D984D986D8B520D8A7D984D986D8A7D8AAD8AD20D8AED8A7D984D98A20D985D98620D8A7D984D8AAD983D8B1D8A7D8B1D88C20D8A3D98820D8A3D98A20D983D984D985D8A7D8AA20D8A3D98820D8B9D8A8D8A7D8B1D8A7D8AA20D8BAD98AD8B120D984D8A7D8A6D982D8A920D8A3D98820D985D8A720D8B4D8A7D8A8D9872E20D988D987D8B0D8A720D985D8A720D98AD8ACD8B9D984D98720D8A3D988D98420D985D988D984D991D8AF20D986D8B520D984D988D8B1D98AD98520D8A5D98AD8A8D8B3D988D98520D8ADD982D98AD982D98A20D8B9D984D98920D8A7D984D8A5D986D8AAD8B1D986D8AA2E, NULL, NULL, NULL, 3, '2021-07-25 01:47:18', '2021-11-18 03:21:49'),
	(95, 177, 20, 'شرح التعاليم الفعلية للمستكشف العظيم للحقيقة', 'شرح-التعاليم-الفعلية-للمستكشف-العظيم-للحقيقة', '1637216516.png', _binary 0xD987D986D8A7D984D98320D8A7D984D8B9D8AFD98AD8AF20D985D98620D8A7D984D8A3D986D988D8A7D8B920D8A7D984D985D8AAD988D981D8B1D8A920D984D986D8B5D988D8B520D984D988D8B1D98AD98520D8A5D98AD8A8D8B3D988D985D88C20D988D984D983D98620D8A7D984D8BAD8A7D984D8A8D98AD8A920D8AAD98520D8AAD8B9D8AFD98AD984D987D8A720D8A8D8B4D983D98420D985D8A720D8B9D8A8D8B120D8A5D8AFD8AED8A7D98420D8A8D8B9D8B620D8A7D984D986D988D8A7D8AFD8B120D8A3D98820D8A7D984D983D984D985D8A7D8AA20D8A7D984D8B9D8B4D988D8A7D8A6D98AD8A920D8A5D984D98920D8A7D984D986D8B52E20D8A5D98620D983D986D8AA20D8AAD8B1D98AD8AF20D8A3D98620D8AAD8B3D8AAD8AED8AFD98520D986D8B520D984D988D8B1D98AD98520D8A5D98AD8A8D8B3D988D98520D985D8A7D88C20D8B9D984D98AD98320D8A3D98620D8AAD8AAD8ADD982D98220D8A3D988D984D8A7D98B20D8A3D98620D984D98AD8B320D987D986D8A7D98320D8A3D98A20D983D984D985D8A7D8AA20D8A3D98820D8B9D8A8D8A7D8B1D8A7D8AA20D985D8ADD8B1D8ACD8A920D8A3D98820D8BAD98AD8B120D984D8A7D8A6D982D8A920D985D8AED8A8D8A3D8A920D981D98A20D987D8B0D8A720D8A7D984D986D8B52E20D8A8D98AD986D985D8A720D8AAD8B9D985D98420D8ACD985D98AD8B920D985D988D984D991D8AFD8A7D8AA20D986D8B5D988D8B520D984D988D8B1D98AD98520D8A5D98AD8A8D8B3D988D98520D8B9D984D98920D8A7D984D8A5D986D8AAD8B1D986D8AA20D8B9D984D98920D8A5D8B9D8A7D8AFD8A920D8AAD983D8B1D8A7D8B120D985D982D8A7D8B7D8B920D985D98620D986D8B520D984D988D8B1D98AD98520D8A5D98AD8A8D8B3D988D98520D986D981D8B3D98720D8B9D8AFD8A920D985D8B1D8A7D8AA20D8A8D985D8A720D8AAD8AAD8B7D984D8A8D98720D8A7D984D8ADD8A7D8ACD8A9D88C20D98AD982D988D98520D985D988D984D991D8AFD986D8A720D987D8B0D8A720D8A8D8A7D8B3D8AAD8AED8AFD8A7D98520D983D984D985D8A7D8AA20D985D98620D982D8A7D985D988D8B320D98AD8ADD988D98A20D8B9D984D98920D8A3D983D8ABD8B120D985D9862032303020D983D984D985D8A920D984D8A720D8AAD98AD986D98AD8A9D88C20D985D8B6D8A7D98120D8A5D984D98AD987D8A720D985D8ACD985D988D8B9D8A920D985D98620D8A7D984D8ACD985D98420D8A7D984D986D985D988D8B0D8ACD98AD8A9D88C20D984D8AAD983D988D98AD98620D986D8B520D984D988D8B1D98AD98520D8A5D98AD8A8D8B3D988D98520D8B0D98820D8B4D983D98420D985D986D8B7D982D98A20D982D8B1D98AD8A820D8A5D984D98920D8A7D984D986D8B520D8A7D984D8ADD982D98AD982D98A2E20D988D8A8D8A7D984D8AAD8A7D984D98A20D98AD983D988D98620D8A7D984D986D8B520D8A7D984D986D8A7D8AAD8AD20D8AED8A7D984D98A20D985D98620D8A7D984D8AAD983D8B1D8A7D8B1D88C20D8A3D98820D8A3D98A20D983D984D985D8A7D8AA20D8A3D98820D8B9D8A8D8A7D8B1D8A7D8AA20D8BAD98AD8B120D984D8A7D8A6D982D8A920D8A3D98820D985D8A720D8B4D8A7D8A8D9872E20D988D987D8B0D8A720D985D8A720D98AD8ACD8B9D984D98720D8A3D988D98420D985D988D984D991D8AF20D986D8B520D984D988D8B1D98AD98520D8A5D98AD8A8D8B3D988D98520D8ADD982D98AD982D98A20D8B9D984D98920D8A7D984D8A5D986D8AAD8B1D986D8AA2E, NULL, NULL, NULL, 4, '2021-07-25 01:48:00', '2021-11-18 03:21:56'),
	(96, 177, 17, 'من ناحية أخرى ، نشجب بسخط مستقيم', 'من-ناحية-أخرى-،-نشجب-بسخط-مستقيم', '1637216524.png', _binary 0xD987D986D8A7D984D98320D8A7D984D8B9D8AFD98AD8AF20D985D98620D8A7D984D8A3D986D988D8A7D8B920D8A7D984D985D8AAD988D981D8B1D8A920D984D986D8B5D988D8B520D984D988D8B1D98AD98520D8A5D98AD8A8D8B3D988D985D88C20D988D984D983D98620D8A7D984D8BAD8A7D984D8A8D98AD8A920D8AAD98520D8AAD8B9D8AFD98AD984D987D8A720D8A8D8B4D983D98420D985D8A720D8B9D8A8D8B120D8A5D8AFD8AED8A7D98420D8A8D8B9D8B620D8A7D984D986D988D8A7D8AFD8B120D8A3D98820D8A7D984D983D984D985D8A7D8AA20D8A7D984D8B9D8B4D988D8A7D8A6D98AD8A920D8A5D984D98920D8A7D984D986D8B52E20D8A5D98620D983D986D8AA20D8AAD8B1D98AD8AF20D8A3D98620D8AAD8B3D8AAD8AED8AFD98520D986D8B520D984D988D8B1D98AD98520D8A5D98AD8A8D8B3D988D98520D985D8A7D88C20D8B9D984D98AD98320D8A3D98620D8AAD8AAD8ADD982D98220D8A3D988D984D8A7D98B20D8A3D98620D984D98AD8B320D987D986D8A7D98320D8A3D98A20D983D984D985D8A7D8AA20D8A3D98820D8B9D8A8D8A7D8B1D8A7D8AA20D985D8ADD8B1D8ACD8A920D8A3D98820D8BAD98AD8B120D984D8A7D8A6D982D8A920D985D8AED8A8D8A3D8A920D981D98A20D987D8B0D8A720D8A7D984D986D8B52E20D8A8D98AD986D985D8A720D8AAD8B9D985D98420D8ACD985D98AD8B920D985D988D984D991D8AFD8A7D8AA20D986D8B5D988D8B520D984D988D8B1D98AD98520D8A5D98AD8A8D8B3D988D98520D8B9D984D98920D8A7D984D8A5D986D8AAD8B1D986D8AA20D8B9D984D98920D8A5D8B9D8A7D8AFD8A920D8AAD983D8B1D8A7D8B120D985D982D8A7D8B7D8B920D985D98620D986D8B520D984D988D8B1D98AD98520D8A5D98AD8A8D8B3D988D98520D986D981D8B3D98720D8B9D8AFD8A920D985D8B1D8A7D8AA20D8A8D985D8A720D8AAD8AAD8B7D984D8A8D98720D8A7D984D8ADD8A7D8ACD8A9D88C20D98AD982D988D98520D985D988D984D991D8AFD986D8A720D987D8B0D8A720D8A8D8A7D8B3D8AAD8AED8AFD8A7D98520D983D984D985D8A7D8AA20D985D98620D982D8A7D985D988D8B320D98AD8ADD988D98A20D8B9D984D98920D8A3D983D8ABD8B120D985D9862032303020D983D984D985D8A920D984D8A720D8AAD98AD986D98AD8A9D88C20D985D8B6D8A7D98120D8A5D984D98AD987D8A720D985D8ACD985D988D8B9D8A920D985D98620D8A7D984D8ACD985D98420D8A7D984D986D985D988D8B0D8ACD98AD8A9D88C20D984D8AAD983D988D98AD98620D986D8B520D984D988D8B1D98AD98520D8A5D98AD8A8D8B3D988D98520D8B0D98820D8B4D983D98420D985D986D8B7D982D98A20D982D8B1D98AD8A820D8A5D984D98920D8A7D984D986D8B520D8A7D984D8ADD982D98AD982D98A2E20D988D8A8D8A7D984D8AAD8A7D984D98A20D98AD983D988D98620D8A7D984D986D8B520D8A7D984D986D8A7D8AAD8AD20D8AED8A7D984D98A20D985D98620D8A7D984D8AAD983D8B1D8A7D8B1D88C20D8A3D98820D8A3D98A20D983D984D985D8A7D8AA20D8A3D98820D8B9D8A8D8A7D8B1D8A7D8AA20D8BAD98AD8B120D984D8A7D8A6D982D8A920D8A3D98820D985D8A720D8B4D8A7D8A8D9872E20D988D987D8B0D8A720D985D8A720D98AD8ACD8B9D984D98720D8A3D988D98420D985D988D984D991D8AF20D986D8B520D984D988D8B1D98AD98520D8A5D98AD8A8D8B3D988D98520D8ADD982D98AD982D98A20D8B9D984D98920D8A7D984D8A5D986D8AAD8B1D986D8AA2E, NULL, NULL, NULL, 5, '2021-07-25 01:49:03', '2021-11-18 03:22:04'),
	(97, 177, 18, 'إنه يرغب في الحصول على الاحتياطي الفيدرالي ، ولكن أيضًا لأنه لا يمكن إلحاقه أبدًا', 'إنه-يرغب-في-الحصول-على-الاحتياطي-الفيدرالي-،-ولكن-أيضًا-لأنه-لا-يمكن-إلحاقه-أبدًا', '1637216530.png', _binary 0xD987D986D8A7D984D98320D8A7D984D8B9D8AFD98AD8AF20D985D98620D8A7D984D8A3D986D988D8A7D8B920D8A7D984D985D8AAD988D981D8B1D8A920D984D986D8B5D988D8B520D984D988D8B1D98AD98520D8A5D98AD8A8D8B3D988D985D88C20D988D984D983D98620D8A7D984D8BAD8A7D984D8A8D98AD8A920D8AAD98520D8AAD8B9D8AFD98AD984D987D8A720D8A8D8B4D983D98420D985D8A720D8B9D8A8D8B120D8A5D8AFD8AED8A7D98420D8A8D8B9D8B620D8A7D984D986D988D8A7D8AFD8B120D8A3D98820D8A7D984D983D984D985D8A7D8AA20D8A7D984D8B9D8B4D988D8A7D8A6D98AD8A920D8A5D984D98920D8A7D984D986D8B52E20D8A5D98620D983D986D8AA20D8AAD8B1D98AD8AF20D8A3D98620D8AAD8B3D8AAD8AED8AFD98520D986D8B520D984D988D8B1D98AD98520D8A5D98AD8A8D8B3D988D98520D985D8A7D88C20D8B9D984D98AD98320D8A3D98620D8AAD8AAD8ADD982D98220D8A3D988D984D8A7D98B20D8A3D98620D984D98AD8B320D987D986D8A7D98320D8A3D98A20D983D984D985D8A7D8AA20D8A3D98820D8B9D8A8D8A7D8B1D8A7D8AA20D985D8ADD8B1D8ACD8A920D8A3D98820D8BAD98AD8B120D984D8A7D8A6D982D8A920D985D8AED8A8D8A3D8A920D981D98A20D987D8B0D8A720D8A7D984D986D8B52E20D8A8D98AD986D985D8A720D8AAD8B9D985D98420D8ACD985D98AD8B920D985D988D984D991D8AFD8A7D8AA20D986D8B5D988D8B520D984D988D8B1D98AD98520D8A5D98AD8A8D8B3D988D98520D8B9D984D98920D8A7D984D8A5D986D8AAD8B1D986D8AA20D8B9D984D98920D8A5D8B9D8A7D8AFD8A920D8AAD983D8B1D8A7D8B120D985D982D8A7D8B7D8B920D985D98620D986D8B520D984D988D8B1D98AD98520D8A5D98AD8A8D8B3D988D98520D986D981D8B3D98720D8B9D8AFD8A920D985D8B1D8A7D8AA20D8A8D985D8A720D8AAD8AAD8B7D984D8A8D98720D8A7D984D8ADD8A7D8ACD8A9D88C20D98AD982D988D98520D985D988D984D991D8AFD986D8A720D987D8B0D8A720D8A8D8A7D8B3D8AAD8AED8AFD8A7D98520D983D984D985D8A7D8AA20D985D98620D982D8A7D985D988D8B320D98AD8ADD988D98A20D8B9D984D98920D8A3D983D8ABD8B120D985D9862032303020D983D984D985D8A920D984D8A720D8AAD98AD986D98AD8A9D88C20D985D8B6D8A7D98120D8A5D984D98AD987D8A720D985D8ACD985D988D8B9D8A920D985D98620D8A7D984D8ACD985D98420D8A7D984D986D985D988D8B0D8ACD98AD8A9D88C20D984D8AAD983D988D98AD98620D986D8B520D984D988D8B1D98AD98520D8A5D98AD8A8D8B3D988D98520D8B0D98820D8B4D983D98420D985D986D8B7D982D98A20D982D8B1D98AD8A820D8A5D984D98920D8A7D984D986D8B520D8A7D984D8ADD982D98AD982D98A2E20D988D8A8D8A7D984D8AAD8A7D984D98A20D98AD983D988D98620D8A7D984D986D8B520D8A7D984D986D8A7D8AAD8AD20D8AED8A7D984D98A20D985D98620D8A7D984D8AAD983D8B1D8A7D8B1D88C20D8A3D98820D8A3D98A20D983D984D985D8A7D8AA20D8A3D98820D8B9D8A8D8A7D8B1D8A7D8AA20D8BAD98AD8B120D984D8A7D8A6D982D8A920D8A3D98820D985D8A720D8B4D8A7D8A8D9872E20D988D987D8B0D8A720D985D8A720D98AD8ACD8B9D984D98720D8A3D988D98420D985D988D984D991D8AF20D986D8B520D984D988D8B1D98AD98520D8A5D98AD8A8D8B3D988D98520D8ADD982D98AD982D98A20D8B9D984D98920D8A7D984D8A5D986D8AAD8B1D986D8AA2E, NULL, NULL, NULL, 6, '2021-07-25 01:50:07', '2021-11-18 03:22:10');
/*!40000 ALTER TABLE `blogs` ENABLE KEYS */;

-- Dumping structure for table wiebo.email_templates
CREATE TABLE IF NOT EXISTS `email_templates` (
  `id` bigint(20) unsigned NOT NULL AUTO_INCREMENT,
  `email_type` varchar(100) COLLATE utf8mb4_unicode_ci DEFAULT NULL,
  `email_subject` text COLLATE utf8mb4_unicode_ci,
  `email_body` longtext COLLATE utf8mb4_unicode_ci,
  PRIMARY KEY (`id`)
) ENGINE=InnoDB AUTO_INCREMENT=26 DEFAULT CHARSET=utf8mb4 COLLATE=utf8mb4_unicode_ci;

-- Dumping data for table wiebo.email_templates: ~13 rows (approximately)
/*!40000 ALTER TABLE `email_templates` DISABLE KEYS */;
INSERT INTO `email_templates` (`id`, `email_type`, `email_subject`, `email_body`) VALUES
	(2, 'email_verification', 'Verify Your Email', '<p style="line-height: 1.6;">Hello<b> {customer_name}</b>,</p><p style="line-height: 1.6;"><br>Please click the link below to verify your email.</p><p>{verification_link}</p><p><br></p><p>Best Regards,</p><p>{website_title}</p>'),
	(12, 'custom_domain_connected', 'Custom Domain is Connected with Our Server', 'Hi {username},<br><br>\n\nThanks for your custom domain request.<br>\nYour requested domain {requested_domain} has been connected to your server.<br>\nPlease <strong>clear your browser cache</strong> & visit {requested_domain} to see your portfolio website.<br>\n\nYour current domain: {requested_domain}.<br>\nYour previous domain: {previous_domain}.<br><br>\n\nBest Regards,<br>\n{website_title}.<br>'),
	(13, 'custom_domain_rejected', 'Custom Domain Request is Rejected', 'Hi {username},<br><br>\r\n\r\nThanks for your custom domain request.<br>\r\nUnfortunately, we have rejected your custom domain request<br>\r\n\r\nYour requested domain: {requested_domain}.<br>\r\nYour current domain: {current_domain}.<br><br>\r\n\r\nBest Regards,<br>\r\n{website_title}.<br>'),
	(16, 'registration_with_premium_package', 'You have registered successfully', '<p>Hi {username},<br /><br />\r\n\r\nThis is a confirmation mail from us</p><p><b><span style="font-size:18px;">Membership Information:</span></b><br />\r\n<strong>Package Title:</strong> {package_title}<br />\r\n<strong>Package Price:</strong> {package_price}<br />\r\n<strong>Activation Date:</strong> {activation_date}<br />\r\n<strong>Expire Date:</strong> {expire_date}</p><p><br /></p><p>We have attached an invoice with this mail.<br />\r\nThank you for your purchase.</p><p><br />\r\n\r\nBest Regards,<br />\r\n{website_title}.<br /></p>'),
	(17, 'registration_with_trial_package', 'You have registered successfully', 'Hi {username},<br /><br />\r\n\r\nThis is a confirmation mail from us.<br />\r\nYou have purchased a trial package<br /><br />\r\n\r\n<h4>Membership Information:</h4>\r\n<strong>Package Title:</strong> {package_title}<br />\r\n<strong>Package Price:</strong> {package_price}<br />\r\n<strong>Activation Date:</strong> {activation_date}<br />\r\n<strong>Expire Date:</strong> {expire_date}<br /><br />\r\n\r\nWe have attached an invoice in this mail<br />\r\nThank you for your purchase.<br /><br />\r\n\r\nBest Regards,<br />\r\n{website_title}.<br />'),
	(18, 'registration_with_free_package', 'You have registered successfully', 'Hi {username},<br /><br />\r\n\r\nThis is a confirmation mail from us.<br />\r\nYou have purchased a free package<br /><br />\r\n\r\n<h4>Membership Information:</h4>\r\n<strong>Package Title:</strong> {package_title}<br />\r\n<strong>Package Price:</strong> {package_price}<br />\r\n<strong>Activation Date:</strong> {activation_date}<br />\r\n<strong>Expire Date:</strong> {expire_date}<br /><br />\r\n\r\nWe have attached an invoice in this mail<br />\r\nThank you for your purchase.<br /><br />\r\n\r\nBest Regards,<br />\r\n{website_title}.<br />'),
	(19, 'membership_expiry_reminder', 'Your membership will be expired soon', 'Hi {username},<br /><br />\r\n\r\nYour membership will be expired soon.<br />\r\nYour membership is valid till <strong>{last_day_of_membership}</strong><br />\r\nPlease click here - {login_link} to log into the dashboard to purchase a new package / extend the current package to extend your membership.<br /><br />\r\n\r\nBest Regards,<br />\r\n{website_title}.'),
	(20, 'membership_expired', 'Your membership is expired', 'Hi {username},<br><br>\r\n\r\nYour membership is expired.<br>\r\nPlease click here - {login_link} to log into the dashboard to purchase a new package / extend the current package to continue the membership.<br><br>\r\n\r\nBest Regards,<br>\r\n{website_title}.'),
	(21, 'membership_extend', 'Your membership is extended', '<p>Hi {username},<br /><br />\n\nThis is a confirmation mail from us.<br />\nYou have extended your membership.<br />\n\n<strong>Package Title:</strong> {package_title}<br />\n<strong>Package Price:</strong> {package_price}<br />\n<strong>Activation Date:</strong> {activation_date}<br />\n<strong>Expire Date:</strong> {expire_date}</p><p><br /></p><p>We have attached an invoice with this mail.<br />\nThank you for your purchase.</p><p><br />\n\nBest Regards,<br />\n{website_title}.<br /></p>'),
	(22, 'payment_accepted_for_membership_extension_offline_gateway', 'Your payment for membership extension is accepted', '<p>Hi {username},<br /><br />\r\n\r\nThis is a confirmation mail from us.<br />\r\nYour payment has been accepted & your membership is extended.<br />\r\n\r\n<strong>Package Title:</strong> {package_title}<br />\r\n<strong>Package Price:</strong> {package_price}<br />\r\n<strong>Activation Date:</strong> {activation_date}<br />\r\n<strong>Expire Date:</strong> {expire_date}</p><p><br /></p><p>We have attached an invoice with this mail.<br />\r\nThank you for your purchase.</p><p><br />\r\n\r\nBest Regards,<br />\r\n{website_title}.<br /></p>'),
	(23, 'payment_accepted_for_registration_offline_gateway', 'Your payment for registration is approved', '<p>Hi {username},<br /><br />\r\n\r\nThis is a confirmation mail from us.<br />\r\nYour payment has been accepted & now you can login to your user dashboard to build your portfolio website.<br />\r\n\r\n<strong>Package Title:</strong> {package_title}<br />\r\n<strong>Package Price:</strong> {package_price}<br />\r\n<strong>Activation Date:</strong> {activation_date}<br />\r\n<strong>Expire Date:</strong> {expire_date}</p><p><br /></p><p>We have attached an invoice with this mail.<br />\r\nThank you for your purchase.</p><p><br />\r\n\r\nBest Regards,<br />\r\n{website_title}.<br /></p>'),
	(24, 'payment_rejected_for_membership_extension_offline_gateway', 'Your payment for membership extension is rejected', '<p>Hi {username},<br /><br />\r\n\r\nWe are sorry to inform you that your payment has been rejected<br />\r\n\r\n<strong>Package Title:</strong> {package_title}<br />\r\n<strong>Package Price:</strong> {package_price}<br />\r\n\r\nBest Regards,<br />\r\n{website_title}.<br /></p>'),
	(25, 'payment_rejected_for_registration_offline_gateway', 'Your payment for registration is rejected', '<p>Hi {username},<br /><br />\r\n\r\nWe are sorry to inform you that your payment has been rejected<br>\r\n\r\n<strong>Package Title:</strong> {package_title}<br />\r\n<strong>Package Price:</strong> {package_price}<br />\r\n\r\nBest Regards,<br />\r\n{website_title}.<br /></p>');
/*!40000 ALTER TABLE `email_templates` ENABLE KEYS */;

-- Dumping structure for table wiebo.failed_jobs
CREATE TABLE IF NOT EXISTS `failed_jobs` (
  `id` bigint(20) unsigned NOT NULL AUTO_INCREMENT,
  `connection` text COLLATE utf8mb4_unicode_ci NOT NULL,
  `queue` text COLLATE utf8mb4_unicode_ci NOT NULL,
  `payload` longtext COLLATE utf8mb4_unicode_ci NOT NULL,
  `exception` longtext COLLATE utf8mb4_unicode_ci NOT NULL,
  `failed_at` timestamp NOT NULL DEFAULT CURRENT_TIMESTAMP,
  PRIMARY KEY (`id`)
) ENGINE=InnoDB DEFAULT CHARSET=utf8mb4 COLLATE=utf8mb4_unicode_ci;

-- Dumping data for table wiebo.failed_jobs: ~0 rows (approximately)
/*!40000 ALTER TABLE `failed_jobs` DISABLE KEYS */;
/*!40000 ALTER TABLE `failed_jobs` ENABLE KEYS */;

-- Dumping structure for table wiebo.faqs
CREATE TABLE IF NOT EXISTS `faqs` (
  `id` bigint(20) unsigned NOT NULL AUTO_INCREMENT,
  `language_id` int(11) NOT NULL DEFAULT '0',
  `question` varchar(255) COLLATE utf8mb4_unicode_ci DEFAULT NULL,
  `answer` text COLLATE utf8mb4_unicode_ci,
  `serial_number` int(11) NOT NULL DEFAULT '0',
  PRIMARY KEY (`id`)
) ENGINE=InnoDB AUTO_INCREMENT=60 DEFAULT CHARSET=utf8mb4 COLLATE=utf8mb4_unicode_ci;

-- Dumping data for table wiebo.faqs: ~20 rows (approximately)
/*!40000 ALTER TABLE `faqs` DISABLE KEYS */;
INSERT INTO `faqs` (`id`, `language_id`, `question`, `answer`, `serial_number`) VALUES
	(20, 176, 'Why this app is so awesome', 'Anim pariatur cliche reprehenderit, enim eiusmod high life accusamus terry richardson ad squid. 3 wolf moon officia aute, non cupidatat skateboard dolor brunch. Food truck quinoa nesciunt laborum eiusmod.', 1),
	(21, 176, 'Why this app is so awesome', 'Anim pariatur cliche reprehenderit, enim eiusmod high life accusamus terry richardson ad squid. 3 wolf moon officia aute, non cupidatat skateboard dolor brunch. Food truck quinoa nesciunt laborum eiusmod.', 2),
	(22, 176, 'Why this app is so awesome', 'Anim pariatur cliche reprehenderit, enim eiusmod high life accusamus terry richardson ad squid. 3 wolf moon officia aute, non cupidatat skateboard dolor brunch. Food truck quinoa nesciunt laborum eiusmod.', 3),
	(23, 176, 'Why this app is so awesome', 'Anim pariatur cliche reprehenderit, enim eiusmod high life accusamus terry richardson ad squid. 3 wolf moon officia aute, non cupidatat skateboard dolor brunch. Food truck quinoa nesciunt laborum eiusmod.', 4),
	(24, 176, 'Why this app is so awesome', 'Anim pariatur cliche reprehenderit, enim eiusmod high life accusamus terry richardson ad squid. 3 wolf moon officia aute, non cupidatat skateboard dolor brunch. Food truck quinoa nesciunt laborum eiusmod.', 5),
	(25, 176, 'Why this app is so awesome', 'Anim pariatur cliche reprehenderit, enim eiusmod high life accusamus terry richardson ad squid. 3 wolf moon officia aute, non cupidatat skateboard dolor brunch. Food truck quinoa nesciunt laborum eiusmod.', 6),
	(26, 176, 'Why this app is so awesome', 'Anim pariatur cliche reprehenderit, enim eiusmod high life accusamus terry richardson ad squid. 3 wolf moon officia aute, non cupidatat skateboard dolor brunch. Food truck quinoa nesciunt laborum eiusmod.', 7),
	(27, 176, 'Why this app is so awesome', 'Anim pariatur cliche reprehenderit, enim eiusmod high life accusamus terry richardson ad squid. 3 wolf moon officia aute, non cupidatat skateboard dolor brunch. Food truck quinoa nesciunt laborum eiusmod.', 8),
	(28, 176, 'Why this app is so awesome', 'Anim pariatur cliche reprehenderit, enim eiusmod high life accusamus terry richardson ad squid. 3 wolf moon officia aute, non cupidatat skateboard dolor brunch. Food truck quinoa nesciunt laborum eiusmod.', 9),
	(29, 176, 'Why this app is so awesome', 'Anim pariatur cliche reprehenderit, enim eiusmod high life accusamus terry richardson ad squid. 3 wolf moon officia aute, non cupidatat skateboard dolor brunch. Food truck quinoa nesciunt laborum eiusmod.', 10),
	(50, 177, 'لماذا هذا التطبيق رائع جدا', 'الرسوم المتحركة pariatur كليشيه reprehenderit ، enim eiusmod حياة عالية accusamus تيري ريتشاردسون الإعلانية الحبار. 3 الذئب القمر officia aute ، غير cupidatat غداء دولر لوح التزلج. شاحنة الغذاء الكينوا nesciunt labum eiusmod.', 1),
	(51, 177, 'لماذا هذا التطبيق رائع جدا', 'الرسوم المتحركة pariatur كليشيه reprehenderit ، enim eiusmod حياة عالية accusamus تيري ريتشاردسون الإعلانية الحبار. 3 الذئب القمر officia aute ، غير cupidatat غداء دولر لوح التزلج. شاحنة الغذاء الكينوا nesciunt labum eiusmod.', 2),
	(52, 177, 'لماذا هذا التطبيق رائع جدا', 'الرسوم المتحركة pariatur كليشيه reprehenderit ، enim eiusmod حياة عالية accusamus تيري ريتشاردسون الإعلانية الحبار. 3 الذئب القمر officia aute ، غير cupidatat غداء دولر لوح التزلج. شاحنة الغذاء الكينوا nesciunt labum eiusmod.', 3),
	(53, 177, 'لماذا هذا التطبيق رائع جدا', 'الرسوم المتحركة pariatur كليشيه reprehenderit ، enim eiusmod حياة عالية accusamus تيري ريتشاردسون الإعلانية الحبار. 3 الذئب القمر officia aute ، غير cupidatat غداء دولر لوح التزلج. شاحنة الغذاء الكينوا nesciunt labum eiusmod.', 4),
	(54, 177, 'لماذا هذا التطبيق رائع جدا', 'الرسوم المتحركة pariatur كليشيه reprehenderit ، enim eiusmod حياة عالية accusamus تيري ريتشاردسون الإعلانية الحبار. 3 الذئب القمر officia aute ، غير cupidatat غداء دولر لوح التزلج. شاحنة الغذاء الكينوا nesciunt labum eiusmod.', 5),
	(55, 177, 'لماذا هذا التطبيق رائع جدا', 'الرسوم المتحركة pariatur كليشيه reprehenderit ، enim eiusmod حياة عالية accusamus تيري ريتشاردسون الإعلانية الحبار. 3 الذئب القمر officia aute ، غير cupidatat غداء دولر لوح التزلج. شاحنة الغذاء الكينوا nesciunt labum eiusmod.', 6),
	(56, 177, 'لماذا هذا التطبيق رائع جدا', 'الرسوم المتحركة pariatur كليشيه reprehenderit ، enim eiusmod حياة عالية accusamus تيري ريتشاردسون الإعلانية الحبار. 3 الذئب القمر officia aute ، غير cupidatat غداء دولر لوح التزلج. شاحنة الغذاء الكينوا nesciunt labum eiusmod.', 7),
	(57, 177, 'لماذا هذا التطبيق رائع جدا', 'الرسوم المتحركة pariatur كليشيه reprehenderit ، enim eiusmod حياة عالية accusamus تيري ريتشاردسون الإعلانية الحبار. 3 الذئب القمر officia aute ، غير cupidatat غداء دولر لوح التزلج. شاحنة الغذاء الكينوا nesciunt labum eiusmod.', 8),
	(58, 177, 'لماذا هذا التطبيق رائع جدا', 'الرسوم المتحركة pariatur كليشيه reprehenderit ، enim eiusmod حياة عالية accusamus تيري ريتشاردسون الإعلانية الحبار. 3 الذئب القمر officia aute ، غير cupidatat غداء دولر لوح التزلج. شاحنة الغذاء الكينوا nesciunt labum eiusmod.', 9),
	(59, 177, 'لماذا هذا التطبيق رائع جدا', 'الرسوم المتحركة pariatur كليشيه reprehenderit ، enim eiusmod حياة عالية accusamus تيري ريتشاردسون الإعلانية الحبار. 3 الذئب القمر officia aute ، غير cupidatat غداء دولر لوح التزلج. شاحنة الغذاء الكينوا nesciunt labum eiusmod.', 10);
/*!40000 ALTER TABLE `faqs` ENABLE KEYS */;

-- Dumping structure for table wiebo.features
CREATE TABLE IF NOT EXISTS `features` (
  `id` bigint(20) unsigned NOT NULL AUTO_INCREMENT,
  `language_id` int(11) NOT NULL DEFAULT '0',
  `icon` varchar(255) COLLATE utf8mb4_unicode_ci DEFAULT NULL,
  `title` varchar(50) COLLATE utf8mb4_unicode_ci DEFAULT NULL,
  `text` varchar(255) COLLATE utf8mb4_unicode_ci DEFAULT NULL,
  `serial_number` int(11) NOT NULL DEFAULT '0',
  PRIMARY KEY (`id`)
) ENGINE=InnoDB AUTO_INCREMENT=79 DEFAULT CHARSET=utf8mb4 COLLATE=utf8mb4_unicode_ci;

-- Dumping data for table wiebo.features: ~12 rows (approximately)
/*!40000 ALTER TABLE `features` DISABLE KEYS */;
INSERT INTO `features` (`id`, `language_id`, `icon`, `title`, `text`, `serial_number`) VALUES
	(63, 176, 'fab fa-internet-explorer', 'Custom Domain', 'It is a long established fact that a reader will be distracted by the readable content of a page', 1),
	(64, 176, 'fas fa-globe-americas', 'Unlimited Language', 'Lorem Ipsum is simply dummy text of the printing and typesetting industry. Lorem Ipsum', 2),
	(65, 176, 'far fa-object-group', 'Attactive Themes', 'There are many variations of passages of Lorem Ipsum available, but the majority have suffered', 3),
	(70, 176, 'fas fa-align-left', 'Form Builder', 'Lorem Ipsum is simply dummy text of the printing and typesetting industry. Lorem Ipsum', 4),
	(71, 176, 'fas fa-qrcode', 'QR Builder', 'It is a long established fact that a reader will be distracted by the readable content of a page', 5),
	(72, 176, 'far fa-address-card', 'vCard', 'There are many variations of passages of Lorem Ipsum available, but the majority have suffered', 6),
	(73, 177, 'fab fa-internet-explorer', 'مجال مخصص', 'هناك حقيقة مثبتة منذ زمن طويل وهي أن المحتوى المقروء لصفحة ما سيلهي القارئ عن التركيز على القراءة', 1),
	(74, 177, 'fas fa-globe-americas', 'لغة غير محدودة', 'لوريم إيبسوم هو ببساطة نص شكلي يستخدم في صناعة الطباعة والتنضيد. لوريم إيبسوم', 2),
	(75, 177, 'far fa-object-group', 'ثيمات اتاكتيف', 'هناك العديد من الاختلافات المتاحة لنصوص لوريم إيبسوم ، لكن الغالبية عانت منها', 3),
	(76, 177, 'fas fa-align-left', 'منشئ النموذج', 'لوريم إيبسوم هو ببساطة نص شكلي يستخدم في صناعة الطباعة والتنضيد. لوريم إيبسوم', 4),
	(77, 177, 'fas fa-qrcode', 'منشئ QR', 'هناك حقيقة مثبتة منذ زمن طويل وهي أن المحتوى المقروء لصفحة ما سيلهي القارئ عن التركيز على القراءة', 5),
	(78, 177, 'far fa-address-card', 'vCard', 'هناك العديد من الاختلافات المتاحة لنصوص لوريم إيبسوم ، لكن الغالبية عانت منها', 6);
/*!40000 ALTER TABLE `features` ENABLE KEYS */;

-- Dumping structure for table wiebo.followers
CREATE TABLE IF NOT EXISTS `followers` (
  `id` bigint(20) unsigned NOT NULL AUTO_INCREMENT,
  `follower_id` int(11) NOT NULL,
  `following_id` int(11) NOT NULL,
  `created_at` timestamp NULL DEFAULT NULL,
  `updated_at` timestamp NULL DEFAULT NULL,
  PRIMARY KEY (`id`)
) ENGINE=InnoDB AUTO_INCREMENT=29 DEFAULT CHARSET=utf8mb4 COLLATE=utf8mb4_unicode_ci;

-- Dumping data for table wiebo.followers: ~9 rows (approximately)
/*!40000 ALTER TABLE `followers` DISABLE KEYS */;
INSERT INTO `followers` (`id`, `follower_id`, `following_id`, `created_at`, `updated_at`) VALUES
	(3, 37, 43, '2021-01-25 10:39:24', '2021-01-25 10:39:24'),
	(4, 22, 21, '2021-07-06 08:56:14', '2021-07-06 08:56:14'),
	(5, 22, 20, '2021-07-06 08:56:20', '2021-07-06 08:56:20'),
	(7, 22, 24, '2021-07-06 08:56:34', '2021-07-06 08:56:34'),
	(17, 38, 22, '2021-07-07 03:21:18', '2021-07-07 03:21:18'),
	(19, 22, 38, '2021-07-07 07:24:45', '2021-07-07 07:24:45'),
	(23, 153, 67, '2021-10-25 05:32:27', '2021-10-25 05:32:27'),
	(25, 76, 153, '2021-10-25 05:35:53', '2021-10-25 05:35:53'),
	(28, 63, 161, '2021-11-10 08:27:19', '2021-11-10 08:27:19');
/*!40000 ALTER TABLE `followers` ENABLE KEYS */;

-- Dumping structure for table wiebo.jobs
CREATE TABLE IF NOT EXISTS `jobs` (
  `id` bigint(20) unsigned NOT NULL AUTO_INCREMENT,
  `queue` varchar(255) COLLATE utf8mb4_unicode_ci NOT NULL,
  `payload` longtext COLLATE utf8mb4_unicode_ci NOT NULL,
  `attempts` tinyint(3) unsigned NOT NULL,
  `reserved_at` int(10) unsigned DEFAULT NULL,
  `available_at` int(10) unsigned NOT NULL,
  `created_at` int(10) unsigned NOT NULL,
  PRIMARY KEY (`id`),
  KEY `jobs_queue_index` (`queue`)
) ENGINE=InnoDB DEFAULT CHARSET=utf8mb4 COLLATE=utf8mb4_unicode_ci;

-- Dumping data for table wiebo.jobs: ~0 rows (approximately)
/*!40000 ALTER TABLE `jobs` DISABLE KEYS */;
/*!40000 ALTER TABLE `jobs` ENABLE KEYS */;

-- Dumping structure for table wiebo.languages
CREATE TABLE IF NOT EXISTS `languages` (
  `id` bigint(20) unsigned NOT NULL AUTO_INCREMENT,
  `name` varchar(255) COLLATE utf8mb4_unicode_ci DEFAULT NULL,
  `code` varchar(255) COLLATE utf8mb4_unicode_ci DEFAULT NULL,
  `is_default` tinyint(4) NOT NULL DEFAULT '1',
  `rtl` tinyint(4) NOT NULL DEFAULT '0' COMMENT '0 - LTR, 1- RTL',
  `created_at` timestamp NULL DEFAULT NULL,
  `updated_at` timestamp NULL DEFAULT NULL,
  PRIMARY KEY (`id`)
) ENGINE=InnoDB AUTO_INCREMENT=178 DEFAULT CHARSET=utf8mb4 COLLATE=utf8mb4_unicode_ci;

-- Dumping data for table wiebo.languages: ~2 rows (approximately)
/*!40000 ALTER TABLE `languages` DISABLE KEYS */;
INSERT INTO `languages` (`id`, `name`, `code`, `is_default`, `rtl`, `created_at`, `updated_at`) VALUES
	(176, 'English', 'en', 0, 0, '2020-08-07 07:43:05', '2022-01-18 23:04:17'),
	(177, 'عربى', 'ar', 1, 1, '2020-08-07 07:51:17', '2022-01-18 23:04:17');
/*!40000 ALTER TABLE `languages` ENABLE KEYS */;

-- Dumping structure for table wiebo.memberships
CREATE TABLE IF NOT EXISTS `memberships` (
  `id` bigint(20) unsigned NOT NULL AUTO_INCREMENT,
  `price` double NOT NULL DEFAULT '0',
  `currency` varchar(255) COLLATE utf8mb4_unicode_ci NOT NULL,
  `currency_symbol` varchar(255) COLLATE utf8mb4_unicode_ci NOT NULL,
  `payment_method` varchar(255) COLLATE utf8mb4_unicode_ci NOT NULL,
  `transaction_id` varchar(255) COLLATE utf8mb4_unicode_ci NOT NULL,
  `status` tinyint(1) NOT NULL DEFAULT '0',
  `is_trial` tinyint(1) NOT NULL DEFAULT '0',
  `trial_days` int(11) NOT NULL DEFAULT '0',
  `receipt` longtext COLLATE utf8mb4_unicode_ci,
  `transaction_details` longtext COLLATE utf8mb4_unicode_ci,
  `settings` longtext COLLATE utf8mb4_unicode_ci,
  `package_id` int(11) NOT NULL,
  `user_id` bigint(20) unsigned NOT NULL,
  `start_date` date DEFAULT NULL,
  `expire_date` date DEFAULT NULL,
  `created_at` timestamp NULL DEFAULT NULL,
  `updated_at` timestamp NULL DEFAULT NULL,
  PRIMARY KEY (`id`),
  KEY `memberships_user_id_foreign` (`user_id`),
  CONSTRAINT `memberships_user_id_foreign` FOREIGN KEY (`user_id`) REFERENCES `users` (`id`) ON DELETE CASCADE
) ENGINE=InnoDB AUTO_INCREMENT=268 DEFAULT CHARSET=utf8mb4 COLLATE=utf8mb4_unicode_ci;

-- Dumping data for table wiebo.memberships: ~3 rows (approximately)
/*!40000 ALTER TABLE `memberships` DISABLE KEYS */;
INSERT INTO `memberships` (`id`, `price`, `currency`, `currency_symbol`, `payment_method`, `transaction_id`, `status`, `is_trial`, `trial_days`, `receipt`, `transaction_details`, `settings`, `package_id`, `user_id`, `start_date`, `expire_date`, `created_at`, `updated_at`) VALUES
	(265, 999, 'USD', '$', 'Paypal', '336d81c0', 1, 0, 0, NULL, '{\n    "id": "PAYID-MGI7XEQ0D013742XV9951526",\n    "intent": "sale",\n    "state": "approved",\n    "cart": "3NB247263F385534J",\n    "payer": {\n        "payment_method": "paypal",\n        "status": "VERIFIED",\n        "payer_info": {\n            "email": "megasoft.envato@gmail.com",\n            "first_name": "Samiul Alim",\n            "last_name": "Pratik",\n            "payer_id": "8C5NYJ7EZ7QSS",\n            "shipping_address": {\n                "recipient_name": "Samiul Alim Pratik",\n                "line1": "1 Main St",\n                "city": "San Jose",\n                "state": "CA",\n                "postal_code": "95131",\n                "country_code": "US"\n            },\n            "country_code": "US"\n        }\n    },\n    "transactions": [\n        {\n            "amount": {\n                "total": "999.00",\n                "currency": "USD",\n                "details": {\n                    "subtotal": "999.00",\n                    "shipping": "0.00",\n                    "insurance": "0.00",\n                    "handling_fee": "0.00",\n                    "shipping_discount": "0.00",\n                    "discount": "0.00"\n                }\n            },\n            "payee": {\n                "merchant_id": "BKNWZYE3MAUNU",\n                "email": "megasoft.envato-facilitator@gmail.com"\n            },\n            "description": "You are purchasing a membership Via Paypal",\n            "item_list": {\n                "items": [\n                    {\n                        "name": "You are purchasing a membership",\n                        "price": "999.00",\n                        "currency": "USD",\n                        "tax": "0.00",\n                        "quantity": 1\n                    }\n                ],\n                "shipping_address": {\n                    "recipient_name": "Samiul Alim Pratik",\n                    "line1": "1 Main St",\n                    "city": "San Jose",\n                    "state": "CA",\n                    "postal_code": "95131",\n                    "country_code": "US"\n                }\n            },\n            "related_resources": [\n                {\n                    "sale": {\n                        "id": "69X840112U808174L",\n                        "state": "completed",\n                        "amount": {\n                            "total": "999.00",\n                            "currency": "USD",\n                            "details": {\n                                "subtotal": "999.00",\n                                "shipping": "0.00",\n                                "insurance": "0.00",\n                                "handling_fee": "0.00",\n                                "shipping_discount": "0.00",\n                                "discount": "0.00"\n                            }\n                        },\n                        "payment_mode": "INSTANT_TRANSFER",\n                        "protection_eligibility": "ELIGIBLE",\n                        "protection_eligibility_type": "ITEM_NOT_RECEIVED_ELIGIBLE,UNAUTHORIZED_PAYMENT_ELIGIBLE",\n                        "transaction_fee": {\n                            "value": "35.36",\n                            "currency": "USD"\n                        },\n                        "parent_payment": "PAYID-MGI7XEQ0D013742XV9951526",\n                        "create_time": "2021-11-15T06:18:26Z",\n                        "update_time": "2021-11-15T06:18:26Z",\n                        "links": [\n                            {\n                                "href": "https://api.sandbox.paypal.com/v1/payments/sale/69X840112U808174L",\n                                "rel": "self",\n                                "method": "GET"\n                            },\n                            {\n                                "href": "https://api.sandbox.paypal.com/v1/payments/sale/69X840112U808174L/refund",\n                                "rel": "refund",\n                                "method": "POST"\n                            },\n                            {\n                                "href": "https://api.sandbox.paypal.com/v1/payments/payment/PAYID-MGI7XEQ0D013742XV9951526",\n                                "rel": "parent_payment",\n                                "method": "GET"\n                            }\n                        ]\n                    }\n                }\n            ]\n        }\n    ],\n    "redirect_urls": {\n        "return_url": "http://businesso.test/membership/paypal/success?paymentId=PAYID-MGI7XEQ0D013742XV9951526",\n        "cancel_url": "http://businesso.test/membership/paypal/cancel"\n    },\n    "create_time": "2021-11-15T06:17:54Z",\n    "update_time": "2021-11-15T06:18:26Z",\n    "links": [\n        {\n            "href": "https://api.sandbox.paypal.com/v1/payments/payment/PAYID-MGI7XEQ0D013742XV9951526",\n            "rel": "self",\n            "method": "GET"\n        }\n    ],\n    "failed_transactions": []\n}', '{"id":147,"language_id":176,"cookie_alert_status":1,"cookie_alert_text":"Your experience on this site will be improved by allowing cookies.","cookie_alert_button_text":"Allow Cookies","to_mail":"do-not-reply@example.com","default_language_direction":"ltr","from_mail":"admin@kreativdev.com","from_name":"Businesso","is_smtp":1,"smtp_host":"az1-ts2.a2hosting.com","smtp_port":"587","encryption":"TLS","smtp_username":"admin@kreativdev.com","smtp_password":"ZAOP!~rSk~gb","base_currency_symbol":"$","base_currency_symbol_position":"left","base_currency_text":"USD","base_currency_text_position":"right","base_currency_rate":"1.00","hero_section_title":"Our Platform, Your Success","hero_section_text":"Minimize the time, it takes to initiate a relationship between you and the customer.","hero_section_button_text":"Explore Plans","hero_section_button_url":"http:\\/\\/example.com\\/","hero_section_video_url":"https:\\/\\/www.youtube.com\\/watch?v=6KJqEPVfoDs","hero_img":"60f55aec0aba4.png","timezone":"America\\/Maceio","contact_addresses":"House - 44, Road - 03, Sector - 11, Uttara, Dhaka\\r\\nDhanmondi, Dhaka\\r\\nMohammadpur, Dhaka","contact_numbers":"237237237,72372332","contact_mails":"contact@example.com,support@example.com,query@example.com","is_whatsapp":1,"whatsapp_number":null,"whatsapp_header_title":null,"whatsapp_popup_message":null,"whatsapp_popup":1,"domain_request_success_message":"We have received your custom domain request. Please allow us 2 business days to connect the domain with our server.","cname_record_section_title":"Read Before Sending Custom Domain Request","cname_record_section_text":"<ul><li><font color=\\"#575962\\"><span style=\\"font-weight:600;\\">\\u00a0Before sending request for your custom domain, You need to add a CNAME record (given in below table) in your custom domain from your domain registrar account (like - namecheap, godaddy etc...).<\\/span><\\/font><\\/li><li><font color=\\"#575962\\"><span style=\\"font-weight:600;\\">\\u00a0CNAME record is needed to point your custom domain to our domain ( profilo.xyz ), so that our website can show your portfolio on your domain<\\/span><\\/font><\\/li><li><font color=\\"#575962\\"><span style=\\"font-weight:600;\\">\\u00a0Different domain registrar (like - godaddy, namecheap etc...) has different interface for adding CNAME record. If you cannot find the place to add CNAME record in your domain registrar account, then please contact your domain registrar support, they will show you the place to add CNAME record for your custom domain<\\/span><\\/font><\\/li><\\/ul>","package_features":"[\\"Custom Domain\\",\\"Subdomain\\",\\"vCard\\",\\"QR Builder\\",\\"Follow\\\\\\/Unfollow\\",\\"Request a Quote\\",\\"Blog\\",\\"Portfolio\\",\\"Custom Page\\",\\"Counter Information\\",\\"Skill\\",\\"Service\\",\\"Testimonial\\",\\"Career\\",\\"Team\\"]","expiration_reminder":3}', 21, 169, '2021-11-15', '9999-12-31', '2021-11-15 00:18:35', '2021-11-15 00:18:35'),
	(266, 999, 'USD', '$', 'Paypal', 'f47c1f71', 1, 0, 0, NULL, '{\n    "id": "PAYID-MGJ2O4I65A4410041886852B",\n    "intent": "sale",\n    "state": "approved",\n    "cart": "3D816892LK622893A",\n    "payer": {\n        "payment_method": "paypal",\n        "status": "VERIFIED",\n        "payer_info": {\n            "email": "megasoft.envato@gmail.com",\n            "first_name": "Samiul Alim",\n            "last_name": "Pratik",\n            "payer_id": "8C5NYJ7EZ7QSS",\n            "shipping_address": {\n                "recipient_name": "Samiul Alim Pratik",\n                "line1": "1 Main St",\n                "city": "San Jose",\n                "state": "CA",\n                "postal_code": "95131",\n                "country_code": "US"\n            },\n            "country_code": "US"\n        }\n    },\n    "transactions": [\n        {\n            "amount": {\n                "total": "999.00",\n                "currency": "USD",\n                "details": {\n                    "subtotal": "999.00",\n                    "shipping": "0.00",\n                    "insurance": "0.00",\n                    "handling_fee": "0.00",\n                    "shipping_discount": "0.00",\n                    "discount": "0.00"\n                }\n            },\n            "payee": {\n                "merchant_id": "BKNWZYE3MAUNU",\n                "email": "megasoft.envato-facilitator@gmail.com"\n            },\n            "description": "You are purchasing a membership Via Paypal",\n            "item_list": {\n                "items": [\n                    {\n                        "name": "You are purchasing a membership",\n                        "price": "999.00",\n                        "currency": "USD",\n                        "tax": "0.00",\n                        "quantity": 1\n                    }\n                ],\n                "shipping_address": {\n                    "recipient_name": "Samiul Alim Pratik",\n                    "line1": "1 Main St",\n                    "city": "San Jose",\n                    "state": "CA",\n                    "postal_code": "95131",\n                    "country_code": "US"\n                }\n            },\n            "related_resources": [\n                {\n                    "sale": {\n                        "id": "3DH45811PL4049123",\n                        "state": "completed",\n                        "amount": {\n                            "total": "999.00",\n                            "currency": "USD",\n                            "details": {\n                                "subtotal": "999.00",\n                                "shipping": "0.00",\n                                "insurance": "0.00",\n                                "handling_fee": "0.00",\n                                "shipping_discount": "0.00",\n                                "discount": "0.00"\n                            }\n                        },\n                        "payment_mode": "INSTANT_TRANSFER",\n                        "protection_eligibility": "ELIGIBLE",\n                        "protection_eligibility_type": "ITEM_NOT_RECEIVED_ELIGIBLE,UNAUTHORIZED_PAYMENT_ELIGIBLE",\n                        "transaction_fee": {\n                            "value": "35.36",\n                            "currency": "USD"\n                        },\n                        "parent_payment": "PAYID-MGJ2O4I65A4410041886852B",\n                        "create_time": "2021-11-16T12:47:44Z",\n                        "update_time": "2021-11-16T12:47:44Z",\n                        "links": [\n                            {\n                                "href": "https://api.sandbox.paypal.com/v1/payments/sale/3DH45811PL4049123",\n                                "rel": "self",\n                                "method": "GET"\n                            },\n                            {\n                                "href": "https://api.sandbox.paypal.com/v1/payments/sale/3DH45811PL4049123/refund",\n                                "rel": "refund",\n                                "method": "POST"\n                            },\n                            {\n                                "href": "https://api.sandbox.paypal.com/v1/payments/payment/PAYID-MGJ2O4I65A4410041886852B",\n                                "rel": "parent_payment",\n                                "method": "GET"\n                            }\n                        ]\n                    }\n                }\n            ]\n        }\n    ],\n    "redirect_urls": {\n        "return_url": "http://businesso.test/membership/paypal/success?paymentId=PAYID-MGJ2O4I65A4410041886852B",\n        "cancel_url": "http://businesso.test/membership/paypal/cancel"\n    },\n    "create_time": "2021-11-16T12:43:28Z",\n    "update_time": "2021-11-16T12:47:44Z",\n    "links": [\n        {\n            "href": "https://api.sandbox.paypal.com/v1/payments/payment/PAYID-MGJ2O4I65A4410041886852B",\n            "rel": "self",\n            "method": "GET"\n        }\n    ],\n    "failed_transactions": []\n}', '{"id":147,"language_id":176,"cookie_alert_status":1,"cookie_alert_text":"Your experience on this site will be improved by allowing cookies.","cookie_alert_button_text":"Allow Cookies","to_mail":"do-not-reply@example.com","default_language_direction":"ltr","from_mail":"admin@kreativdev.com","from_name":"Businesso","is_smtp":1,"smtp_host":"az1-ts2.a2hosting.com","smtp_port":"587","encryption":"TLS","smtp_username":"admin@kreativdev.com","smtp_password":"ZAOP!~rSk~gb","base_currency_symbol":"$","base_currency_symbol_position":"left","base_currency_text":"USD","base_currency_text_position":"right","base_currency_rate":"1.00","hero_section_title":"Our Platform, Your Success","hero_section_text":"Minimize the time, it takes to initiate a relationship between you and the customer.","hero_section_button_text":"Explore Plans","hero_section_button_url":"http:\\/\\/example.com\\/","hero_section_video_url":"https:\\/\\/www.youtube.com\\/watch?v=6KJqEPVfoDs","hero_img":"60f55aec0aba4.png","timezone":"America\\/Maceio","contact_addresses":"House - 44, Road - 03, Sector - 11, Uttara, Dhaka\\r\\nDhanmondi, Dhaka\\r\\nMohammadpur, Dhaka","contact_numbers":"237237237,72372332","contact_mails":"contact@example.com,support@example.com,query@example.com","is_whatsapp":1,"whatsapp_number":null,"whatsapp_header_title":null,"whatsapp_popup_message":null,"whatsapp_popup":1,"domain_request_success_message":"We have received your custom domain request. Please allow us 2 business days to connect the domain with our server.","cname_record_section_title":"Read Before Sending Custom Domain Request","cname_record_section_text":"<ul><li><font color=\\"#575962\\"><span style=\\"font-weight:600;\\">\\u00a0Before sending request for your custom domain, You need to add a CNAME record (given in below table) in your custom domain from your domain registrar account (like - namecheap, godaddy etc...).<\\/span><\\/font><\\/li><li><font color=\\"#575962\\"><span style=\\"font-weight:600;\\">\\u00a0CNAME record is needed to point your custom domain to our domain ( profilo.xyz ), so that our website can show your portfolio on your domain<\\/span><\\/font><\\/li><li><font color=\\"#575962\\"><span style=\\"font-weight:600;\\">\\u00a0Different domain registrar (like - godaddy, namecheap etc...) has different interface for adding CNAME record. If you cannot find the place to add CNAME record in your domain registrar account, then please contact your domain registrar support, they will show you the place to add CNAME record for your custom domain<\\/span><\\/font><\\/li><\\/ul>","package_features":"[\\"Custom Domain\\",\\"Subdomain\\",\\"vCard\\",\\"QR Builder\\",\\"Follow\\\\\\/Unfollow\\",\\"Request a Quote\\",\\"Blog\\",\\"Portfolio\\",\\"Custom Page\\",\\"Counter Information\\",\\"Skill\\",\\"Service\\",\\"Testimonial\\",\\"Career\\",\\"Team\\"]","expiration_reminder":3}', 21, 170, '2021-11-16', '9999-12-31', '2021-11-16 09:47:51', '2021-11-16 09:47:51'),
	(267, 999, 'USD', '$', 'Stripe', '36a4b710', 1, 0, 0, NULL, '{"id":"ch_3JwlPJJlIV5dN9n702ujmOUE","object":"charge","amount":99900,"amount_captured":99900,"amount_refunded":0,"application":null,"application_fee":null,"application_fee_amount":null,"balance_transaction":"txn_3JwlPJJlIV5dN9n70a6Tnrnh","billing_details":{"address":{"city":null,"country":null,"line1":null,"line2":null,"postal_code":null,"state":null},"email":null,"name":null,"phone":null},"calculated_statement_descriptor":"Stripe","captured":true,"created":1637145025,"currency":"usd","customer":null,"description":"You are purchasing a membership","destination":null,"dispute":null,"disputed":false,"failure_code":null,"failure_message":null,"fraud_details":[],"invoice":null,"livemode":false,"metadata":[],"on_behalf_of":null,"order":null,"outcome":{"network_status":"approved_by_network","reason":null,"risk_level":"normal","risk_score":58,"seller_message":"Payment complete.","type":"authorized"},"paid":true,"payment_intent":null,"payment_method":"card_1JwlPIJlIV5dN9n7Z7aUtVQb","payment_method_details":{"card":{"brand":"visa","checks":{"address_line1_check":null,"address_postal_code_check":null,"cvc_check":"pass"},"country":"US","exp_month":12,"exp_year":2023,"fingerprint":"WXDgVUSzrY61Nnm6","funding":"credit","installments":null,"last4":"4242","network":"visa","three_d_secure":null,"wallet":null},"type":"card"},"receipt_email":null,"receipt_number":null,"receipt_url":"https:\\/\\/pay.stripe.com\\/receipts\\/acct_1Azeo3JlIV5dN9n7\\/ch_3JwlPJJlIV5dN9n702ujmOUE\\/rcpt_KbzOAZ04fOq7oNUMYMBqpq0NZM5KxWo","refunded":false,"refunds":{"object":"list","data":[],"has_more":false,"total_count":0,"url":"\\/v1\\/charges\\/ch_3JwlPJJlIV5dN9n702ujmOUE\\/refunds"},"review":null,"shipping":null,"source":{"id":"card_1JwlPIJlIV5dN9n7Z7aUtVQb","object":"card","address_city":null,"address_country":null,"address_line1":null,"address_line1_check":null,"address_line2":null,"address_state":null,"address_zip":null,"address_zip_check":null,"brand":"Visa","country":"US","customer":null,"cvc_check":"pass","dynamic_last4":null,"exp_month":12,"exp_year":2023,"fingerprint":"WXDgVUSzrY61Nnm6","funding":"credit","last4":"4242","metadata":[],"name":null,"tokenization_method":null},"source_transfer":null,"statement_descriptor":null,"statement_descriptor_suffix":null,"status":"succeeded","transfer_data":null,"transfer_group":null}', '{"id":147,"language_id":176,"cookie_alert_status":1,"cookie_alert_text":"Your experience on this site will be improved by allowing cookies.","cookie_alert_button_text":"Allow Cookies","to_mail":"do-not-reply@example.com","default_language_direction":"ltr","from_mail":"admin@kreativdev.com","from_name":"Businesso","is_smtp":1,"smtp_host":"az1-ts2.a2hosting.com","smtp_port":"587","encryption":"TLS","smtp_username":"admin@kreativdev.com","smtp_password":"ZAOP!~rSk~gb","base_currency_symbol":"$","base_currency_symbol_position":"left","base_currency_text":"USD","base_currency_text_position":"right","base_currency_rate":"1.00","hero_section_title":"Our Platform, Your Success","hero_section_text":"Minimize the time, it takes to initiate a relationship between you and the customer.","hero_section_button_text":"Explore Plans","hero_section_button_url":"http:\\/\\/example.com\\/","hero_section_video_url":"https:\\/\\/www.youtube.com\\/watch?v=6KJqEPVfoDs","hero_img":"60f55aec0aba4.png","timezone":"America\\/Maceio","contact_addresses":"House - 44, Road - 03, Sector - 11, Uttara, Dhaka\\r\\nDhanmondi, Dhaka\\r\\nMohammadpur, Dhaka","contact_numbers":"237237237,72372332","contact_mails":"contact@example.com,support@example.com,query@example.com","is_whatsapp":1,"whatsapp_number":null,"whatsapp_header_title":null,"whatsapp_popup_message":null,"whatsapp_popup":1,"domain_request_success_message":"We have received your custom domain request. Please allow us 2 business days to connect the domain with our server.","cname_record_section_title":"Read Before Sending Custom Domain Request","cname_record_section_text":"<ul><li><font color=\\"#575962\\"><span style=\\"font-weight:600;\\">\\u00a0Before sending request for your custom domain, You need to add a CNAME record (given in below table) in your custom domain from your domain registrar account (like - namecheap, godaddy etc...).<\\/span><\\/font><\\/li><li><font color=\\"#575962\\"><span style=\\"font-weight:600;\\">\\u00a0CNAME record is needed to point your custom domain to our domain ( profilo.xyz ), so that our website can show your portfolio on your domain<\\/span><\\/font><\\/li><li><font color=\\"#575962\\"><span style=\\"font-weight:600;\\">\\u00a0Different domain registrar (like - godaddy, namecheap etc...) has different interface for adding CNAME record. If you cannot find the place to add CNAME record in your domain registrar account, then please contact your domain registrar support, they will show you the place to add CNAME record for your custom domain<\\/span><\\/font><\\/li><\\/ul>","package_features":"[\\"Custom Domain\\",\\"Subdomain\\",\\"vCard\\",\\"QR Builder\\",\\"Follow\\\\\\/Unfollow\\",\\"Request a Quote\\",\\"Blog\\",\\"Portfolio\\",\\"Custom Page\\",\\"Counter Information\\",\\"Skill\\",\\"Service\\",\\"Testimonial\\",\\"Career\\",\\"Team\\"]","expiration_reminder":3}', 21, 171, '2021-11-17', '9999-12-31', '2021-11-17 07:30:33', '2021-11-17 07:30:33');
/*!40000 ALTER TABLE `memberships` ENABLE KEYS */;

-- Dumping structure for table wiebo.menus
CREATE TABLE IF NOT EXISTS `menus` (
  `id` bigint(20) unsigned NOT NULL AUTO_INCREMENT,
  `language_id` int(11) DEFAULT NULL,
  `menus` text COLLATE utf8mb4_unicode_ci,
  `created_at` timestamp NULL DEFAULT NULL,
  `updated_at` timestamp NULL DEFAULT NULL,
  PRIMARY KEY (`id`)
) ENGINE=InnoDB AUTO_INCREMENT=138 DEFAULT CHARSET=utf8mb4 COLLATE=utf8mb4_unicode_ci;

-- Dumping data for table wiebo.menus: ~2 rows (approximately)
/*!40000 ALTER TABLE `menus` DISABLE KEYS */;
INSERT INTO `menus` (`id`, `language_id`, `menus`, `created_at`, `updated_at`) VALUES
	(136, 176, '[{"text":"Home","href":"","icon":"empty","target":"_self","title":"","type":"home"},{"text":"Listings","href":"","icon":"empty","target":"_self","title":"","type":"listings"},{"text":"Pricing","href":"","icon":"empty","target":"_self","title":"","type":"pricing"},{"text":"Pages","href":"","icon":"empty","target":"_self","title":"","type":"custom","children":[{"text":"About Us","href":"","icon":"empty","target":"_self","title":"","type":"10"},{"text":"Terms & Conditions","href":"","icon":"empty","target":"_self","title":"","type":"11"}]},{"text":"Blog","href":"","icon":"empty","target":"_self","title":"","type":"blog"},{"text":"FAQs","href":"","icon":"empty","target":"_self","title":"","type":"faq"}]', '2021-11-17 08:56:36', '2021-11-17 08:56:36'),
	(137, 177, '[{"text":"منزل","href":"","icon":"empty","target":"_self","title":"","type":"home"},{"type":"listings","text":"القوائم","href":"","target":"_self"},{"text":"التسعير","href":"","icon":"empty","target":"_self","title":"","type":"pricing"},{"text":"الصفحات","href":"","icon":"empty","target":"_self","title":"","type":"custom","children":[{"text":"معلومات عنا","href":"","icon":"empty","target":"_self","title":"","type":"12"},{"text":"البنود و الظروف","href":"","icon":"empty","target":"_self","title":"","type":"13"}]},{"text":"المدونات","href":"","icon":"empty","target":"_self","title":"","type":"blogs"},{"text":"أسئلة وأجوبة","href":"","icon":"empty","target":"_self","title":"","type":"faq"},{"text":"اتصال","href":"","icon":"empty","target":"_self","title":"","type":"contact"}]', '2021-11-18 03:31:18', '2021-11-18 03:31:18');
/*!40000 ALTER TABLE `menus` ENABLE KEYS */;

-- Dumping structure for table wiebo.offline_gateways
CREATE TABLE IF NOT EXISTS `offline_gateways` (
  `id` bigint(20) unsigned NOT NULL AUTO_INCREMENT,
  `name` varchar(100) COLLATE utf8mb4_unicode_ci DEFAULT NULL,
  `short_description` text COLLATE utf8mb4_unicode_ci,
  `instructions` blob,
  `status` tinyint(4) NOT NULL DEFAULT '1',
  `serial_number` int(11) NOT NULL DEFAULT '0',
  `is_receipt` tinyint(4) NOT NULL DEFAULT '1',
  `receipt` varchar(100) COLLATE utf8mb4_unicode_ci DEFAULT NULL,
  `created_at` timestamp NULL DEFAULT NULL,
  `updated_at` timestamp NULL DEFAULT NULL,
  PRIMARY KEY (`id`)
) ENGINE=InnoDB AUTO_INCREMENT=3 DEFAULT CHARSET=utf8mb4 COLLATE=utf8mb4_unicode_ci;

-- Dumping data for table wiebo.offline_gateways: ~2 rows (approximately)
/*!40000 ALTER TABLE `offline_gateways` DISABLE KEYS */;
INSERT INTO `offline_gateways` (`id`, `name`, `short_description`, `instructions`, `status`, `serial_number`, `is_receipt`, `receipt`, `created_at`, `updated_at`) VALUES
	(1, 'JPMorgan Chase & Co.', 'Please send your payment to the following account.\r\nBank Name: Lorem Ipsum.\r\nBeneficiary Name: John Doe.\r\nAccount Number/IBAN: 12345678', _binary 0x3C70207374796C653D226C696E652D6865696768743A20312E383B223E3C666F6E7420666163653D2243697263756C61725374642D426F6F6B2C20417269616C2C2073616E732D7365726966223E43686173652042616E6B2069732074686520636F6E73756D65722062616E6B696E67206469766973696F6E206F66204A504D6F7267616E2043686173652E20556E6C696B652069747320636F6D70657469746F72732C2043686173652069732074616B696E6720737465707320746F20657870616E6420697473206272616E6368206E6574776F726B20696E206B6579206D61726B6574732E205468652062616E6B2063757272656E746C7920686173206E6561726C7920352C303030206272616E6368657320616E642031362C3030302041544D732E204163636F7264696E6720746F207468652062616E6B2C206E6561726C792068616C66206F662074686520636F756E747279E280997320686F757365686F6C64732061726520436861736520637573746F6D6572732E3C2F666F6E743E3C62723E3C2F703E, 1, 1, 1, NULL, '2020-09-17 04:06:39', '2020-09-17 04:22:50'),
	(2, 'Bank of America Corp.', 'Please send your payment to the following account.\r\nBank Name: Lorem Ipsum.\r\nBeneficiary Name: John Doe.\r\nAccount Number/IBAN: 12345678', _binary 0x3C70207374796C653D226C696E652D6865696768743A20312E383B223E3C7370616E207374796C653D22666F6E742D66616D696C793A2043697263756C61725374642D426F6F6B2C20417269616C2C2073616E732D73657269663B20666F6E742D73697A653A20313470783B223E42616E6B206F6620416D6572696361207365727665732061626F7574203636206D696C6C696F6E20636F6E73756D65727320616E6420736D616C6C20627573696E65737320636C69656E747320776F726C64776964652E204C696B65206D616E79206F662074686520626967676573742062616E6B732C2042616E6B206F6620416D6572696361206973206B6E6F776E20666F7220697473206469676974616C20696E6E6F766174696F6E2E20497420686173206D6F7265207468616E203337206D696C6C696F6E206469676974616C20636C69656E747320616E6420697320657870657269656E63696E67207375636365737320616674657220696E74726F647563696E6720697473207669727475616C20617373697374616E742C2045726963612C20746861742061737369737473206163636F756E7420686F6C64657273207769746820766172696F7573207461736B733C2F7370616E3E3C62723E3C2F703E, 1, 2, 0, NULL, '2020-09-17 04:07:37', '2020-09-17 04:15:31');
/*!40000 ALTER TABLE `offline_gateways` ENABLE KEYS */;

-- Dumping structure for table wiebo.packages
CREATE TABLE IF NOT EXISTS `packages` (
  `id` bigint(20) unsigned NOT NULL AUTO_INCREMENT,
  `title` varchar(255) COLLATE utf8mb4_unicode_ci NOT NULL,
  `slug` varchar(255) COLLATE utf8mb4_unicode_ci NOT NULL,
  `price` double NOT NULL DEFAULT '0',
  `term` varchar(255) COLLATE utf8mb4_unicode_ci DEFAULT NULL,
  `featured` enum('0','1') COLLATE utf8mb4_unicode_ci NOT NULL DEFAULT '0',
  `is_trial` enum('0','1') COLLATE utf8mb4_unicode_ci NOT NULL DEFAULT '0',
  `trial_days` int(11) DEFAULT NULL,
  `status` enum('0','1') COLLATE utf8mb4_unicode_ci NOT NULL DEFAULT '1',
  `features` text COLLATE utf8mb4_unicode_ci,
  `meta_keywords` longtext COLLATE utf8mb4_unicode_ci,
  `meta_description` longtext COLLATE utf8mb4_unicode_ci,
  `created_at` timestamp NULL DEFAULT NULL,
  `updated_at` timestamp NULL DEFAULT NULL,
  PRIMARY KEY (`id`)
) ENGINE=InnoDB AUTO_INCREMENT=22 DEFAULT CHARSET=utf8mb4 COLLATE=utf8mb4_unicode_ci;

-- Dumping data for table wiebo.packages: ~9 rows (approximately)
/*!40000 ALTER TABLE `packages` DISABLE KEYS */;
INSERT INTO `packages` (`id`, `title`, `slug`, `price`, `term`, `featured`, `is_trial`, `trial_days`, `status`, `features`, `meta_keywords`, `meta_description`, `created_at`, `updated_at`) VALUES
	(10, 'Startup', 'startup', 99, 'yearly', '1', '1', 14, '1', '["Follow\\/Unfollow","Portfolio","Counter Information","Skill","Service","Testimonial","Team"]', NULL, NULL, '2021-07-25 02:27:38', '2021-11-14 23:13:49'),
	(11, 'Startup', 'startup', 9.99, 'monthly', '1', '1', 14, '1', '["Follow\\/Unfollow","Portfolio","Counter Information","Skill","Service","Testimonial","Team"]', NULL, NULL, '2021-07-25 02:27:38', '2021-11-14 23:09:08'),
	(13, 'Growth', 'growth', 12.99, 'monthly', '1', '1', 14, '1', '["Subdomain","Follow\\/Unfollow","Request a Quote","Blog","Portfolio","Custom Page","Counter Information","Skill","Service","Testimonial","Career","Team"]', NULL, NULL, '2021-07-25 04:14:40', '2021-11-14 23:11:36'),
	(14, 'Growth', 'growth', 129, 'yearly', '1', '1', 21, '1', '["Subdomain","Follow\\/Unfollow","Request a Quote","Blog","Portfolio","Custom Page","Counter Information","Skill","Service","Testimonial","Career","Team"]', NULL, NULL, '2021-07-25 04:14:40', '2021-11-14 23:13:41'),
	(15, 'Maturity', 'maturity', 199, 'yearly', '1', '1', 14, '1', '["Custom Domain","Subdomain","vCard","QR Builder","Follow\\/Unfollow","Request a Quote","Blog","Portfolio","Custom Page","Counter Information","Skill","Service","Testimonial","Career","Team"]', NULL, NULL, '2021-07-25 04:17:33', '2021-11-14 23:13:30'),
	(16, 'Maturity', 'maturity', 19.99, 'monthly', '1', '1', 14, '1', '["Custom Domain","Subdomain","vCard","QR Builder","Follow\\/Unfollow","Request a Quote","Blog","Portfolio","Custom Page","Counter Information","Skill","Service","Testimonial","Career","Team"]', NULL, NULL, '2021-07-25 04:17:33', '2021-11-14 23:12:35'),
	(17, 'Free', 'free', 0, 'lifetime', '1', '0', NULL, '1', '["Follow\\/Unfollow","Portfolio","Skill","Team"]', 'onetime,package', 'lorem ipsum', '2021-10-05 00:14:12', '2021-11-14 23:16:21'),
	(19, 'Golden', 'golden', 499, 'lifetime', '1', '0', 132315, '1', '["Subdomain","Follow\\/Unfollow","Request a Quote","Blog","Portfolio","Custom Page","Counter Information","Skill","Service","Testimonial","Career","Team"]', NULL, NULL, '2021-10-21 05:35:39', '2021-11-14 23:15:30'),
	(21, 'Plutinum', 'plutinum', 999, 'lifetime', '1', '0', NULL, '1', '["Custom Domain","Subdomain","vCard","QR Builder","Follow\\/Unfollow","Request a Quote","Blog","Portfolio","Custom Page","Counter Information","Skill","Service","Testimonial","Career","Team"]', NULL, NULL, '2021-11-14 22:56:53', '2021-11-14 23:18:18');
/*!40000 ALTER TABLE `packages` ENABLE KEYS */;

-- Dumping structure for table wiebo.pages
CREATE TABLE IF NOT EXISTS `pages` (
  `id` bigint(20) unsigned NOT NULL AUTO_INCREMENT,
  `language_id` int(11) NOT NULL DEFAULT '0',
  `name` varchar(255) COLLATE utf8mb4_unicode_ci DEFAULT NULL,
  `title` varchar(255) COLLATE utf8mb4_unicode_ci DEFAULT NULL,
  `slug` varchar(255) COLLATE utf8mb4_unicode_ci DEFAULT NULL,
  `body` blob,
  `status` tinyint(4) NOT NULL DEFAULT '1',
  `meta_keywords` text COLLATE utf8mb4_unicode_ci,
  `meta_description` text COLLATE utf8mb4_unicode_ci,
  `created_at` timestamp NULL DEFAULT NULL,
  `updated_at` timestamp NULL DEFAULT NULL,
  PRIMARY KEY (`id`)
) ENGINE=InnoDB AUTO_INCREMENT=14 DEFAULT CHARSET=utf8mb4 COLLATE=utf8mb4_unicode_ci;

-- Dumping data for table wiebo.pages: ~4 rows (approximately)
/*!40000 ALTER TABLE `pages` DISABLE KEYS */;
INSERT INTO `pages` (`id`, `language_id`, `name`, `title`, `slug`, `body`, `status`, `meta_keywords`, `meta_description`, `created_at`, `updated_at`) VALUES
	(10, 176, 'About Us', 'About Us', 'about-us', _binary 0x3C70207374796C653D22746578742D616C69676E3A63656E7465723B223E3C696D67207372633D22687474703A2F2F627573696E6573736F2E746573742F6173736574732F66726F6E742F696D672F73756D6D65726E6F74652F363066653439363063393834392E6A706722207374796C653D2277696474683A313030253B2220616C743D22363066653439363063393834392E6A706722202F3E3C6272202F3E3C2F703E3C70207374796C653D226C696E652D6865696768743A312E353B223E3C7370616E207374796C653D22666F6E742D66616D696C793A274F70656E2053616E73272C20417269616C2C2073616E732D73657269663B746578742D616C69676E3A6A7573746966793B666F6E742D73697A653A313470783B223E3C6272202F3E3C2F7370616E3E3C2F703E3C70207374796C653D226C696E652D6865696768743A312E383B223E3C7370616E207374796C653D22666F6E742D66616D696C793A56657264616E613B746578742D616C69676E3A6A7573746966793B666F6E742D73697A653A313470783B223E4275742049206D757374206578706C61696E20746F20796F7520686F7720616C6C2074686973206D697374616B656E2069646561206F662064656E6F756E63696E6720706C65617375726520616E64207072616973696E67207061696E2077617320626F726E20616E6420492077696C6C206769766520796F75206120636F6D706C657465206163636F756E74206F66207468652073797374656D2C20616E64206578706F756E64207468652061637475616C207465616368696E6773206F6620746865206772656174206578706C6F726572206F66207468652074727574682C20746865206D61737465722D6275696C646572206F662068756D616E2068617070696E6573732E204E6F206F6E652072656A656374732C206469736C696B65732C206F722061766F69647320706C65617375726520697473656C662C206265636175736520697420697320706C6561737572652C2062757420626563617573652074686F73652077686F20646F206E6F74206B6E6F7720686F7720746F2070757273756520706C65617375726520726174696F6E616C6C7920656E636F756E74657220636F6E73657175656E6365732074686174206172652065787472656D656C79207061696E66756C2E204E6F7220616761696E20697320746865726520616E796F6E652077686F206C6F766573206F722070757273756573206F72206465736972657320746F206F627461696E207061696E206F6620697473656C662C2062656361757365206974206973207061696E2C206275742062656361757365206F63636173696F6E616C6C792063697263756D7374616E636573206F6363757220696E20776869636820746F696C20616E64207061696E2063616E2070726F637572652068696D20736F6D6520677265617420706C6561737572652E20546F2074616B652061207472697669616C206578616D706C652C207768696368206F66207573206576657220756E64657274616B6573206C61626F72696F757320706879736963616C2065786572636973652C2065786365707420746F206F627461696E20736F6D6520616476616E746167652066726F6D2069743F204275742077686F2068617320616E7920726967687420746F2066696E64206661756C7420776974682061206D616E2077686F2063686F6F73657320746F20656E6A6F79206120706C656173757265207468617420686173206E6F20616E6E6F79696E6720636F6E73657175656E6365732C206F72206F6E652077686F2061766F6964732061207061696E20746861742070726F6475636573206E6F20726573756C74616E7420706C6561737572653C2F7370616E3E3C2F703E3C703E3C6272202F3E3C2F703E3C703E3C7370616E207374796C653D22666F6E742D66616D696C793A56657264616E613B746578742D616C69676E3A6A7573746966793B666F6E742D73697A653A313470783B223E4275742049206D757374206578706C61696E20746F20796F7520686F7720616C6C2074686973206D697374616B656E2069646561206F662064656E6F756E63696E6720706C65617375726520616E64207072616973696E67207061696E2077617320626F726E20616E6420492077696C6C206769766520796F75206120636F6D706C657465206163636F756E74206F66207468652073797374656D2C20616E64206578706F756E64207468652061637475616C207465616368696E6773206F6620746865206772656174206578706C6F726572206F66207468652074727574682C20746865206D61737465722D6275696C646572206F662068756D616E2068617070696E6573732E204E6F206F6E652072656A656374732C206469736C696B65732C206F722061766F69647320706C65617375726520697473656C662C206265636175736520697420697320706C6561737572652C2062757420626563617573652074686F73652077686F20646F206E6F74206B6E6F7720686F7720746F2070757273756520706C65617375726520726174696F6E616C6C7920656E636F756E74657220636F6E73657175656E6365732074686174206172652065787472656D656C79207061696E66756C2E204E6F7220616761696E20697320746865726520616E796F6E652077686F206C6F766573206F722070757273756573206F72206465736972657320746F206F627461696E207061696E206F6620697473656C662C2062656361757365206974206973207061696E2C206275742062656361757365206F63636173696F6E616C6C792063697263756D7374616E636573206F6363757220696E20776869636820746F696C20616E64207061696E2063616E2070726F637572652068696D20736F6D6520677265617420706C6561737572652E20546F2074616B652061207472697669616C206578616D706C652C207768696368206F66207573206576657220756E64657274616B6573206C61626F72696F757320706879736963616C2065786572636973652C2065786365707420746F206F627461696E20736F6D6520616476616E746167652066726F6D2069743F204275742077686F2068617320616E7920726967687420746F2066696E64206661756C7420776974682061206D616E2077686F2063686F6F73657320746F20656E6A6F79206120706C656173757265207468617420686173206E6F20616E6E6F79696E6720636F6E73657175656E6365732C206F72206F6E652077686F2061766F6964732061207061696E20746861742070726F6475636573206E6F20726573756C74616E7420706C6561737572653C2F7370616E3E3C7370616E207374796C653D22666F6E742D66616D696C793A274F70656E2053616E73272C20417269616C2C2073616E732D73657269663B746578742D616C69676E3A6A7573746966793B223E3C6272202F3E3C2F7370616E3E3C6272202F3E3C2F703E, 1, NULL, NULL, '2021-07-25 04:22:57', '2021-11-07 03:18:01'),
	(11, 176, 'Terms & Conditions', 'Terms & Conditions', 'terms-&-conditions', _binary 0x3C68323E5465726D732026616D703B20436F6E646974696F6E733A3C2F68323E3C756C3E3C6C69207374796C653D226C696E652D6865696768743A333B223E3C7370616E207374796C653D22666F6E742D73697A653A313870783B223E4C6F72656D20697073756D20646F6C6F722073697420616D65742C20636F6E7365637465747565722061646970697363696E6720656C69742E3C2F7370616E3E3C2F6C693E3C6C69207374796C653D226C696E652D6865696768743A333B223E3C7370616E207374796C653D22666F6E742D73697A653A313870783B223E416C697175616D2074696E636964756E74206D61757269732065752072697375732E3C2F7370616E3E3C2F6C693E3C6C69207374796C653D226C696E652D6865696768743A333B223E3C7370616E207374796C653D22666F6E742D73697A653A313870783B223E566573746962756C756D20617563746F722064617069627573206E657175652E3C2F7370616E3E3C2F6C693E3C6C69207374796C653D226C696E652D6865696768743A333B223E3C7370616E207374796C653D22666F6E742D73697A653A313870783B223E4E756E63206469676E697373696D207269737573206964206D657475732E3C2F7370616E3E3C2F6C693E3C6C69207374796C653D226C696E652D6865696768743A333B223E3C7370616E207374796C653D22666F6E742D73697A653A313870783B223E43726173206F726E6172652074726973746971756520656C69742E3C2F7370616E3E3C2F6C693E3C6C69207374796C653D226C696E652D6865696768743A333B223E3C7370616E207374796C653D22666F6E742D73697A653A313870783B223E566976616D757320766573746962756C756D206E74756C6C61206E656320616E74652E3C2F7370616E3E3C2F6C693E3C6C69207374796C653D226C696E652D6865696768743A333B223E3C7370616E207374796C653D22666F6E742D73697A653A313870783B223E5072616573656E7420706C61636572617420726973757320717569732065726F732E3C2F7370616E3E3C2F6C693E3C6C69207374796C653D226C696E652D6865696768743A333B223E3C7370616E207374796C653D22666F6E742D73697A653A313870783B223E46757363652070656C6C656E746573717565207375736369706974206E6962682E3C2F7370616E3E3C2F6C693E3C6C69207374796C653D226C696E652D6865696768743A333B223E3C7370616E207374796C653D22666F6E742D73697A653A313870783B223E496E7465676572207669746165206C696265726F206163207269737573206567657374617320706C6163657261742E3C2F7370616E3E3C2F6C693E3C6C69207374796C653D226C696E652D6865696768743A333B223E3C7370616E207374796C653D22666F6E742D73697A653A313870783B223E566573746962756C756D20636F6D6D6F646F2066656C6973207175697320746F72746F722E3C2F7370616E3E3C2F6C693E3C6C69207374796C653D226C696E652D6865696768743A333B223E3C7370616E207374796C653D22666F6E742D73697A653A313870783B223E557420616C697175616D20736F6C6C696369747564696E206C656F2E3C2F7370616E3E3C2F6C693E3C6C69207374796C653D226C696E652D6865696768743A333B223E3C7370616E207374796C653D22666F6E742D73697A653A313870783B223E4372617320696163756C697320756C74726963696573206E756C6C612E3C2F7370616E3E3C2F6C693E3C6C69207374796C653D226C696E652D6865696768743A333B223E3C7370616E207374796C653D22666F6E742D73697A653A313870783B223E446F6E656320717569732064756920617420646F6C6F722074656D706F7220696E74657264756D3C2F7370616E3E3C2F6C693E3C2F756C3E, 1, NULL, NULL, '2021-07-25 04:25:50', '2021-07-25 23:35:45'),
	(12, 177, 'معلومات عنا', 'معلومات عنا', 'معلومات-عنا', _binary 0x3C703E3C696D67207372633D22687474703A2F2F6C6F63616C686F73742F736173736F2F6173736574732F66726F6E742F696D672F73756D6D65726E6F74652F363066653533646438363934312E6A706722207374796C653D2277696474683A313030253B2220616C743D22363066653533646438363934312E6A706722202F3E3C7370616E3E3C6272202F3E3C2F7370616E3E3C2F703E3C703E3C7370616E3ED988D984D983D98620D98AD8ACD8A820D8A3D98620D8A3D8B4D8B1D8AD20D984D98320D983D98AD98120D983D98420D987D8B0D98720D8A7D984D981D983D8B1D8A920D8A7D984D8AED8A7D8B7D8A6D8A920D984D984D8AAD986D8AFD98AD8AF20D984D982D8AF20D988D984D8AFD8AA20D8A7D984D984D8B0D8A920D988D8A7D984D8ABD986D8A7D8A120D88C20D988D8B3D8A3D982D8AFD98520D984D98320D988D8B5D981D98BD8A720D983D8A7D985D984D8A7D98B20D984D984D986D8B8D8A7D98520D88C20D988D8A3D8B4D8B1D8AD20D8A7D984D8AAD8B9D8A7D984D98AD98520D8A7D984D981D8B9D984D98AD8A920D984D984D985D8B3D8AAD983D8B4D98120D8A7D984D8B9D8B8D98AD98520D984D984D8ADD982D98AD982D8A920D88C20D8A7D984D8A8D8A7D986D98A20D8A7D984D8B1D8A6D98AD8B3D98A20D984D984D8B3D8B9D8A7D8AFD8A920D8A7D984D8A8D8B4D8B1D98AD8A92E20D984D8A720D8A3D8ADD8AF20D98AD8B1D981D8B620D8A3D98820D98AD983D8B1D98720D8A3D98820D98AD8AAD8ACD986D8A820D8A7D984D985D8AAD8B9D8A920D986D981D8B3D987D8A720D88C20D984D8A3D986D987D8A720D985D8AAD8B9D8A920D88C20D988D984D983D98620D984D8A3D98620D8A3D988D984D8A6D98320D8A7D984D8B0D98AD98620D984D8A720D98AD8B9D8B1D981D988D98620D983D98AD981D98AD8A920D8A7D984D8B3D8B9D98A20D988D8B1D8A7D8A120D8A7D984D985D8AAD8B9D8A920D98AD988D8A7D8ACD987D988D98620D8B9D988D8A7D982D8A820D985D8A4D984D985D8A920D984D984D8BAD8A7D98AD8A92E20D988D984D8A720D98AD988D8ACD8AF20D8A3D98AD8B6D98BD8A720D8A3D98A20D8B4D8AED8B520D98AD8ADD8A820D8A3D98820D98AD8B3D8B9D98920D8A3D98820D98AD8B1D8BAD8A820D981D98A20D8A7D984D8ADD8B5D988D98420D8B9D984D98920D8A7D984D8A3D984D98520D985D98620D986D981D8B3D98720D88C20D984D8A3D986D98720D8A3D984D98520D88C20D988D984D983D98620D984D8A3D986D98720D98AD8ADD8AFD8AB20D8A3D8ADD98AD8A7D986D98BD8A720D8B8D8B1D988D98120D98AD985D983D98620D8A3D98620D98AD985D986D8ADD98720D981D98AD987D8A720D8A7D984D983D8AFD8AD20D988D8A7D984D8A3D984D98520D8A8D8B9D8B620D8A7D984D985D8AAD8B9D8A920D8A7D984D8B9D8B8D98AD985D8A92E20D984D986D8A3D8AED8B020D985D8ABD8A7D984D8A720D8AAD8A7D981D987D8A720D88C20D8A3D98A20D985D986D8A720D98AD982D988D98520D8A8D8AAD985D8A7D8B1D98AD98620D8A8D8AFD986D98AD8A920D8B4D8A7D982D8A920D88C20D8A5D984D8A720D984D984D8ADD8B5D988D98420D8B9D984D98920D8A8D8B9D8B620D8A7D984D985D8B2D8A7D98AD8A720D985D986D987D8A7D89F20D984D983D98620D985D98620D984D98720D8A7D984D8ADD98220D981D98A20D8A7D984D8B9D8ABD988D8B120D8B9D984D98920D8AED8B7D8A320D985D8B920D8B1D8ACD98420D98AD8AED8AAD8A7D8B120D8A7D984D8A7D8B3D8AAD985D8AAD8A7D8B920D8A8D8B3D8B1D988D8B120D984D98AD8B320D984D98720D8B9D988D8A7D982D8A820D985D8B2D8B9D8ACD8A920D88C20D8A3D98820D985D98620D98AD8AAD8ACD986D8A820D8A7D984D8A3D984D98520D8A7D984D8B0D98A20D984D8A720D98AD986D8AAD8AC20D8B9D986D98720D985D8AAD8B9D8A920203C2F7370616E3E3C2F703E203C703E203C6272202F3E20203C2F703E3C703E203C7370616E3E20D988D984D983D98620D98AD8ACD8A820D8A3D98620D8A3D8B4D8B1D8AD20D984D98320D983D98AD98120D983D98420D987D8B0D98720D8A7D984D981D983D8B1D8A920D8A7D984D8AED8A7D8B7D8A6D8A920D985D98620D8A5D8AFD8A7D986D8A920D8A7D984D984D8B0D8A920D988D8AAD985D8ACD98AD8AF20D8A7D984D8A3D984D98520D988D984D8AFD8AA20D988D8B3D8A3D982D8AFD98520D984D98320D988D8B5D981D98BD8A720D983D8A7D985D984D8A7D98B20D984D984D986D8B8D8A7D98520D88C20D988D8A3D8B4D8B1D8AD20D8A7D984D8AAD8B9D8A7D984D98AD98520D8A7D984D981D8B9D984D98AD8A920D984D984D985D8B3D8AAD983D8B4D98120D8A7D984D8B9D8B8D98AD98520D984D984D8ADD982D98AD982D8A920D88C20D8A7D984D8A8D8A7D986D98A20D8A7D984D8A8D8A7D8B1D8B920D984D984D8B3D8B9D8A7D8AFD8A920D8A7D984D8A8D8B4D8B1D98AD8A92E20D984D8A720D8A3D8ADD8AF20D98AD8B1D981D8B620D8A3D98820D98AD983D8B1D98720D8A3D98820D98AD8AAD8ACD986D8A820D8A7D984D985D8AAD8B9D8A920D986D981D8B3D987D8A720D88C20D984D8A3D986D987D8A720D985D8AAD8B9D8A920D88C20D988D984D983D98620D984D8A3D98620D8A3D988D984D8A6D98320D8A7D984D8B0D98AD98620D984D8A720D98AD8B9D8B1D981D988D98620D983D98AD981D98AD8A920D8A7D984D8B3D8B9D98A20D988D8B1D8A7D8A120D8A7D984D985D8AAD8B9D8A920D98AD988D8A7D8ACD987D988D98620D8B9D988D8A7D982D8A820D985D8A4D984D985D8A920D984D984D8BAD8A7D98AD8A92E20D988D984D8A720D98AD988D8ACD8AF20D8A3D98AD8B6D98BD8A720D8A3D98A20D8B4D8AED8B520D98AD8ADD8A820D8A3D98820D98AD8B3D8B9D98920D8A3D98820D98AD8B1D8BAD8A820D981D98A20D8A7D984D8ADD8B5D988D98420D8B9D984D98920D8A7D984D8A3D984D98520D985D98620D986D981D8B3D98720D88C20D984D8A3D986D98720D8A3D984D98520D88C20D988D984D983D98620D984D8A3D986D98720D98AD8ADD8AFD8AB20D8A3D8ADD98AD8A7D986D98BD8A720D8B8D8B1D988D98120D98AD985D983D98620D8A3D98620D98AD985D986D8ADD98720D981D98AD987D8A720D8A7D984D983D8AFD8AD20D988D8A7D984D8A3D984D98520D8A8D8B9D8B620D8A7D984D985D8AAD8B9D8A920D8A7D984D8B9D8B8D98AD985D8A92E20D984D986D8A3D8AED8B020D985D8ABD8A7D984D8A720D8AAD8A7D981D987D8A720D88C20D8A3D98A20D985D986D8A720D98AD982D988D98520D8A8D8AAD985D8A7D8B1D98AD98620D8A8D8AFD986D98AD8A920D8B4D8A7D982D8A920D88C20D8A5D984D8A720D984D984D8ADD8B5D988D98420D8B9D984D98920D8A8D8B9D8B620D8A7D984D985D8B2D8A7D98AD8A720D985D986D987D8A7D89F20D988D984D983D98620D985D98620D984D98720D8A7D984D8ADD98220D981D98A20D8A7D984D8B9D8ABD988D8B120D8B9D984D98920D8AED8B7D8A320D985D8B920D8B1D8ACD98420D98AD8AED8AAD8A7D8B120D8A7D984D8A7D8B3D8AAD985D8AAD8A7D8B920D8A8D8B3D8B1D988D8B120D984D98AD8B320D984D98720D8B9D988D8A7D982D8A820D985D8B2D8B9D8ACD8A920D88C20D8A3D98820D985D98620D98AD8AAD8ACD986D8A820D8A7D984D8A3D984D98520D8A7D984D8B0D98A20D984D8A720D98AD986D8AAD8AC20D8B9D986D98720D985D8AAD8B9D8A920203C7370616E3E203C6272202F3E203C2F7370616E3E203C6272202F3E203C2F7370616E3E3C2F703E, 1, NULL, NULL, '2021-07-25 04:22:57', '2021-07-26 00:19:15'),
	(13, 177, 'البنود و الظروف', 'البنود و الظروف', 'البنود-و-الظروف', _binary 0x3C68323ED8B4D8B1D988D8B720D988D8A3D985D8A8D98AD8B12E20D8A7D984D8B4D8B1D988D8B7203C2F68323E3C756C3E203C6C69207374796C653D226C696E652D6865696768743A333B223E203C7370616E3E206C6F72656D20697073756D20636172726F747320D88C20D8AAD8ADD8B3D98AD98620D8A7D984D8A8D98AD8A6D8A920D8A7D984D8A8D98AD8A6D98AD8A92E2020203C2F7370616E3E3C2F6C693E3C6C693E203C7370616E3E20D8A3D8ADD8AFD8AB20D985D8B7D988D991D8B1D98A20D8A7D984D8A8D8B1D8A7D985D8AC20D985D988D8B1D98AD8B320D98AD8B6D8ADD983D988D9862E2020203C2F7370616E3E3C2F6C693E3C6C693E203C7370616E3E2066656C69732070726F7465696E206F722E2020203C2F7370616E3E3C2F6C693E3C6C693E203C7370616E3E20D8A7D984D8A2D98620D8B6D8ADD98320D983D8B1D8A920D8A7D984D982D8AFD98520D984D984D8AED988D9812E2020203C2F7370616E3E3C2F6C693E3C6C693E203C7370616E3E20D985D8B7D988D8B120D983D8B1D8A920D8A7D984D982D8AFD98520D8A7D984D8ADD8B2D98AD98620D8BAD8AFD98BD8A72E2020266C743B202F206C692667743B203C2F7370616E3E3C2F6C693E3C6C693E203C7370616E3E20D8A7D984D8B1D987D8A7D98620D8A7D984D985D8A8D8A7D8B4D8B1206E74756C6C6120D984D98AD8B320D982D8A8D98420D8B0D984D9832E2020203C2F7370616E3E3C2F6C693E3C6C693E203C7370616E3E20D985D988D8ACD988D8AF20D8A5D98AD8B1D988D8B320D8A7D984D8B9D982D8A7D8B1D98AD8A920D8A7D984D8B6D8ADD9832E2020203C2F7370616E3E3C2F6C693E3C6C693E203C7370616E3E20436C696E6963616C2070726F6D6F206E6962682E2020203C2F7370616E3E3C2F6C693E3C6C693E203C7370616E3E20D8B9D8AFD8AF20D8B5D8ADD98AD8AD20D8BAD98AD8B120D985D8B9D988D98220D988D8A7D8B3D8AAD8ABD985D8A7D8B120D8A7D984D8B6D8ADD9832E2020203C2F7370616E3E3C2F6C693E3C6C693E203C7370616E3E20D8B2D8B120D8A7D984D8AFD987D984D98AD8B220D8B9D984D98920D8AFD8B1D8ACD8A920D8A7D984D8ADD8B1D8A7D8B1D8A92E2020203C2F7370616E3E3C2F6C693E3C6C693E203C7370616E3E20D8A5D984D98920D8A8D8B9D8B620D8A3D8B3D8AF20D8A7D984D8B1D8B9D8A7D98AD8A92E2020203C2F7370616E3E3C2F6C693E3C6C693E203C7370616E3E20D8AAD8B3D8AAD987D8AFD98120D8A7D984D8BAD8AF20D8A7D984D985D8AAD8B7D8B1D981D98AD98620D8B5D981D8B12E2020203C2F7370616E3E3C2F6C693E3C6C693E203C7370616E3E20D8ADD8AAD9892064756920D981D98A20D8A3D98A20D988D982D8AA20D988D984D983D98620D8A3D8ADD98AD8A7D986D98BD8A720D98AD983D988D98620D8A7D984D8A3D984D9852E2020203C2F7370616E3E3C2F6C693E3C2F756C3E, 1, NULL, NULL, '2021-07-25 04:25:50', '2021-07-26 00:19:59');
/*!40000 ALTER TABLE `pages` ENABLE KEYS */;

-- Dumping structure for table wiebo.partners
CREATE TABLE IF NOT EXISTS `partners` (
  `id` bigint(20) unsigned NOT NULL AUTO_INCREMENT,
  `language_id` int(11) NOT NULL,
  `image` varchar(255) COLLATE utf8mb4_unicode_ci NOT NULL,
  `url` varchar(255) COLLATE utf8mb4_unicode_ci NOT NULL,
  `serial_number` int(11) NOT NULL,
  `created_at` timestamp NULL DEFAULT NULL,
  `updated_at` timestamp NULL DEFAULT NULL,
  PRIMARY KEY (`id`)
) ENGINE=InnoDB AUTO_INCREMENT=71 DEFAULT CHARSET=utf8mb4 COLLATE=utf8mb4_unicode_ci;

-- Dumping data for table wiebo.partners: ~5 rows (approximately)
/*!40000 ALTER TABLE `partners` DISABLE KEYS */;
INSERT INTO `partners` (`id`, `language_id`, `image`, `url`, `serial_number`, `created_at`, `updated_at`) VALUES
	(66, 176, '1636898123.jpg', 'http://example.com/', 1, NULL, NULL),
	(67, 176, '1636898136.jpg', 'http://example.com/', 2, NULL, NULL),
	(68, 176, '1636898150.jpg', 'http://example.com/', 3, NULL, NULL),
	(69, 176, '1636898160.jpg', 'http://example.com/', 4, NULL, NULL),
	(70, 176, '1636898171.jpg', 'http://example.com/', 5, NULL, NULL);
/*!40000 ALTER TABLE `partners` ENABLE KEYS */;

-- Dumping structure for table wiebo.password_resets
CREATE TABLE IF NOT EXISTS `password_resets` (
  `email` varchar(255) COLLATE utf8mb4_unicode_ci NOT NULL,
  `token` varchar(255) COLLATE utf8mb4_unicode_ci NOT NULL,
  `created_at` timestamp NULL DEFAULT NULL,
  KEY `password_resets_email_index` (`email`)
) ENGINE=InnoDB DEFAULT CHARSET=utf8mb4 COLLATE=utf8mb4_unicode_ci;

-- Dumping data for table wiebo.password_resets: ~0 rows (approximately)
/*!40000 ALTER TABLE `password_resets` DISABLE KEYS */;
/*!40000 ALTER TABLE `password_resets` ENABLE KEYS */;

-- Dumping structure for table wiebo.payment_gateways
CREATE TABLE IF NOT EXISTS `payment_gateways` (
  `id` bigint(20) unsigned NOT NULL AUTO_INCREMENT,
  `subtitle` varchar(255) COLLATE utf8mb4_unicode_ci DEFAULT NULL,
  `title` varchar(255) COLLATE utf8mb4_unicode_ci DEFAULT NULL,
  `details` text COLLATE utf8mb4_unicode_ci,
  `name` varchar(100) COLLATE utf8mb4_unicode_ci DEFAULT NULL,
  `type` varchar(20) COLLATE utf8mb4_unicode_ci NOT NULL DEFAULT 'manual',
  `information` mediumtext COLLATE utf8mb4_unicode_ci,
  `keyword` varchar(255) COLLATE utf8mb4_unicode_ci DEFAULT NULL,
  `status` tinyint(4) NOT NULL DEFAULT '1',
  PRIMARY KEY (`id`)
) ENGINE=InnoDB AUTO_INCREMENT=21 DEFAULT CHARSET=utf8mb4 COLLATE=utf8mb4_unicode_ci;

-- Dumping data for table wiebo.payment_gateways: ~10 rows (approximately)
/*!40000 ALTER TABLE `payment_gateways` DISABLE KEYS */;
INSERT INTO `payment_gateways` (`id`, `subtitle`, `title`, `details`, `name`, `type`, `information`, `keyword`, `status`) VALUES
	(6, NULL, NULL, NULL, 'Flutterwave', 'automatic', '{"public_key":"FLWPUBK_TEST-a34940f2f87746abbdd8c117caee81cf-X","secret_key":"FLWSECK_TEST-1cb427c96e0b1e6772a04504be3638bd-X","text":"Pay via your Flutterwave account."}', 'flutterwave', 1),
	(9, NULL, NULL, NULL, 'Razorpay', 'automatic', '{"key":"rzp_test_fV9dM9URYbqjm7","secret":"nickxZ1du2ojPYVVRTDif2Xr","text":"Pay via your Razorpay account."}', 'razorpay', 1),
	(11, NULL, NULL, NULL, 'Paytm', 'automatic', '{"environment":"local","merchant":"tkogux49985047638244","secret":"LhNGUUKE9xCQ9xY8","website":"WEBSTAGING","industry":"Retail","text":"Pay via your paytm account."}', 'paytm', 1),
	(12, NULL, NULL, NULL, 'Paystack', 'automatic', '{"key":"sk_test_4ac9f2c43514e3cc08ab68f922201549ebda1bfd","email":null,"text":"Pay via your Paystack account."}', 'paystack', 1),
	(13, NULL, NULL, NULL, 'Instamojo', 'automatic', '{"key":"test_172371aa837ae5cad6047dc3052","token":"test_4ac5a785e25fc596b67dbc5c267","sandbox_check":"1","text":"Pay via your Instamojo account."}', 'instamojo', 1),
	(14, NULL, NULL, NULL, 'Stripe', 'automatic', '{"key":"pk_test_UnU1Coi1p5qFGwtpjZMRMgJM","secret":"sk_test_QQcg3vGsKRPlW6T3dXcNJsor","text":"Pay via your Credit account."}', 'stripe', 1),
	(15, NULL, NULL, NULL, 'Paypal', 'automatic', '{"client_id":"AVYKFEw63FtDt9aeYOe9biyifNI56s2Hc2F1Us11hWoY5GMuegipJRQBfWLiIKNbwQ5tmqKSrQTU3zB3","client_secret":"EJY0qOKliVg7wKsR3uPN7lngr9rL1N7q4WV0FulT1h4Fw3_e5Itv1mxSdbtSUwAaQoXQFgq-RLlk_sQu","sandbox_check":"1","text":"Pay via your PayPal account."}', 'paypal', 1),
	(17, NULL, NULL, NULL, 'Mollie Payment', 'automatic', '{"key":"test_3j4nSqkdAvdBkNuejCrkNbWv4WVDGg","text":"Pay via your Mollie Payment account."}', 'mollie', 1),
	(19, NULL, NULL, NULL, 'Mercado Pago', 'automatic', '{"token":"TEST-705032440135962-041006-ad2e021853f22338fe1a4db9f64d1491-421886156","sandbox_check":"1","text":"Pay via your Mercado Pago account."}', 'mercadopago', 1),
	(20, NULL, NULL, NULL, 'Authorize.net', 'automatic', '{"login_id":"3Ca5hYQ6h","transaction_key":"8bt8Kr5gPZ3ZE23C","public_key":"7m38JBnNjStNFq58BA6Wrr852ahtT533cGKavWwu6Fge28RDc5wC7wTL8Vsb35B3","sandbox_check":"1","text":"Pay via your Authorize.net account."}', 'authorize.net', 1);
/*!40000 ALTER TABLE `payment_gateways` ENABLE KEYS */;

-- Dumping structure for table wiebo.popups
CREATE TABLE IF NOT EXISTS `popups` (
  `id` bigint(20) unsigned NOT NULL AUTO_INCREMENT,
  `language_id` bigint(20) unsigned NOT NULL,
  `name` varchar(255) COLLATE utf8mb4_unicode_ci DEFAULT NULL,
  `image` varchar(100) COLLATE utf8mb4_unicode_ci DEFAULT NULL,
  `background_image` varchar(100) COLLATE utf8mb4_unicode_ci DEFAULT NULL,
  `background_color` varchar(100) COLLATE utf8mb4_unicode_ci DEFAULT NULL,
  `background_opacity` decimal(8,2) NOT NULL DEFAULT '1.00',
  `title` varchar(255) COLLATE utf8mb4_unicode_ci DEFAULT NULL,
  `text` text COLLATE utf8mb4_unicode_ci,
  `button_text` varchar(255) COLLATE utf8mb4_unicode_ci DEFAULT NULL,
  `button_url` text COLLATE utf8mb4_unicode_ci,
  `button_color` varchar(20) COLLATE utf8mb4_unicode_ci DEFAULT NULL,
  `end_date` varchar(255) COLLATE utf8mb4_unicode_ci DEFAULT NULL,
  `end_time` varchar(255) COLLATE utf8mb4_unicode_ci DEFAULT NULL,
  `delay` int(11) NOT NULL DEFAULT '1000' COMMENT 'in milisconds',
  `serial_number` int(11) NOT NULL DEFAULT '0',
  `type` tinyint(4) NOT NULL DEFAULT '1',
  `created_at` timestamp NULL DEFAULT NULL,
  `updated_at` timestamp NULL DEFAULT NULL,
  `status` tinyint(4) NOT NULL DEFAULT '1' COMMENT '1 - active, 0 - deactive',
  PRIMARY KEY (`id`),
  KEY `popups_language_id_foreign` (`language_id`)
) ENGINE=InnoDB DEFAULT CHARSET=utf8mb4 COLLATE=utf8mb4_unicode_ci;

-- Dumping data for table wiebo.popups: ~0 rows (approximately)
/*!40000 ALTER TABLE `popups` DISABLE KEYS */;
/*!40000 ALTER TABLE `popups` ENABLE KEYS */;

-- Dumping structure for table wiebo.processes
CREATE TABLE IF NOT EXISTS `processes` (
  `id` int(11) NOT NULL AUTO_INCREMENT,
  `language_id` int(11) DEFAULT NULL,
  `image` varchar(50) COLLATE utf8mb4_unicode_ci DEFAULT NULL,
  `title` varchar(255) COLLATE utf8mb4_unicode_ci DEFAULT NULL,
  `serial_number` int(11) NOT NULL DEFAULT '0',
  PRIMARY KEY (`id`)
) ENGINE=InnoDB AUTO_INCREMENT=17 DEFAULT CHARSET=utf8mb4 COLLATE=utf8mb4_unicode_ci;

-- Dumping data for table wiebo.processes: ~10 rows (approximately)
/*!40000 ALTER TABLE `processes` DISABLE KEYS */;
INSERT INTO `processes` (`id`, `language_id`, `image`, `title`, `serial_number`) VALUES
	(7, 176, '1637215394.png', 'Trial & Purchase Plan', 1),
	(8, 176, '1637215402.png', 'Regiser & Verify Email', 2),
	(9, 176, '1637215409.png', 'Add Languages', 3),
	(10, 176, '1637215416.png', 'Upload Website Contents', 4),
	(11, 176, '1637215425.png', 'You are good to go!', 5),
	(12, 177, '1637215461.png', 'التجربة وخطة الشراء', 1),
	(13, 177, '1637215469.png', 'المسجل والتحقق من البريد الإلكتروني', 2),
	(14, 177, '1637215476.png', 'أضف اللغات', 3),
	(15, 177, '1637215482.png', 'تحميل محتويات الملف الشخصي', 4),
	(16, 177, '1637215487.png', 'يمكنك الذهاب!', 5);
/*!40000 ALTER TABLE `processes` ENABLE KEYS */;

-- Dumping structure for table wiebo.roles
CREATE TABLE IF NOT EXISTS `roles` (
  `id` bigint(20) unsigned NOT NULL AUTO_INCREMENT,
  `name` varchar(255) COLLATE utf8mb4_unicode_ci DEFAULT NULL,
  `permissions` text COLLATE utf8mb4_unicode_ci,
  `created_at` timestamp NULL DEFAULT NULL,
  `updated_at` timestamp NULL DEFAULT NULL,
  PRIMARY KEY (`id`)
) ENGINE=InnoDB AUTO_INCREMENT=11 DEFAULT CHARSET=utf8mb4 COLLATE=utf8mb4_unicode_ci;

-- Dumping data for table wiebo.roles: ~2 rows (approximately)
/*!40000 ALTER TABLE `roles` DISABLE KEYS */;
INSERT INTO `roles` (`id`, `name`, `permissions`, `created_at`, `updated_at`) VALUES
	(9, 'Editor', '["Dashboard","Packages","Menu Builder","Home Page","Footer","Pages","Blogs","FAQ Management","Contact Page","Announcement Popup","Language Management"]', '2021-07-18 22:17:38', '2021-07-18 22:47:57'),
	(10, 'Manager', '["Dashboard","Packages","Payment Log","Menu Builder","Home Page","Footer","Pages","Blogs","FAQ Management","Contact Page","Announcement Popup","Registered Users","Subscribers","Settings","Language Management","Role Management","Admins Management"]', '2021-07-18 22:17:48', '2021-07-18 22:51:10');
/*!40000 ALTER TABLE `roles` ENABLE KEYS */;

-- Dumping structure for table wiebo.seos
CREATE TABLE IF NOT EXISTS `seos` (
  `id` int(11) NOT NULL AUTO_INCREMENT,
  `language_id` int(11) DEFAULT NULL,
  `home_meta_keywords` text COLLATE utf8mb4_unicode_ci,
  `home_meta_description` text COLLATE utf8mb4_unicode_ci,
  `profiles_meta_keywords` text COLLATE utf8mb4_unicode_ci,
  `profiles_meta_description` text COLLATE utf8mb4_unicode_ci,
  `pricing_meta_keywords` text COLLATE utf8mb4_unicode_ci,
  `pricing_meta_description` text COLLATE utf8mb4_unicode_ci,
  `blogs_meta_keywords` text COLLATE utf8mb4_unicode_ci,
  `blogs_meta_description` text COLLATE utf8mb4_unicode_ci,
  `faqs_meta_keywords` text COLLATE utf8mb4_unicode_ci,
  `faqs_meta_description` text COLLATE utf8mb4_unicode_ci,
  `contact_meta_keywords` text COLLATE utf8mb4_unicode_ci,
  `contact_meta_description` text COLLATE utf8mb4_unicode_ci,
  `login_meta_keywords` text COLLATE utf8mb4_unicode_ci,
  `login_meta_description` text COLLATE utf8mb4_unicode_ci,
  `forget_password_meta_keywords` text COLLATE utf8mb4_unicode_ci,
  `forget_password_meta_description` text COLLATE utf8mb4_unicode_ci,
  `checkout_meta_keywords` text COLLATE utf8mb4_unicode_ci,
  `checkout_meta_description` text COLLATE utf8mb4_unicode_ci,
  PRIMARY KEY (`id`)
) ENGINE=InnoDB AUTO_INCREMENT=9 DEFAULT CHARSET=utf8mb4 COLLATE=utf8mb4_unicode_ci;

-- Dumping data for table wiebo.seos: ~2 rows (approximately)
/*!40000 ALTER TABLE `seos` DISABLE KEYS */;
INSERT INTO `seos` (`id`, `language_id`, `home_meta_keywords`, `home_meta_description`, `profiles_meta_keywords`, `profiles_meta_description`, `pricing_meta_keywords`, `pricing_meta_description`, `blogs_meta_keywords`, `blogs_meta_description`, `faqs_meta_keywords`, `faqs_meta_description`, `contact_meta_keywords`, `contact_meta_description`, `login_meta_keywords`, `login_meta_description`, `forget_password_meta_keywords`, `forget_password_meta_description`, `checkout_meta_keywords`, `checkout_meta_description`) VALUES
	(7, 177, 'home,page', 'It is a long established fact that a reader will be distracted by the readable content of a page when looking at its layout.', 'profiles,page', 'There are many variations of passages of Lorem Ipsum available, but the majority have suffered', 'pricing,packages', 'There are many variations of passages of Lorem Ipsum available, but the majority have suffered', 'blogs,page', 'Content here, content here\', making it look like readable English. Many desktop publishing packages', 'faq,page', 'There are many variations of passages of Lorem Ipsum available, but the majority have suffered', 'contact,page', 'There are many variations of passages of Lorem Ipsum available, but the majority have suffered', NULL, NULL, NULL, NULL, NULL, NULL),
	(8, 176, 'home,page', 'It is a long established fact that a reader will be distracted by the readable content of a page when looking at its layout.', 'profiles,page', 'There are many variations of passages of Lorem Ipsum available, but the majority have suffered', 'pricing,packages', 'There are many variations of passages of Lorem Ipsum available, but the majority have suffered', 'blogs,page', 'Content here, content here\', making it look like readable English. Many desktop publishing packages', 'faq,page', 'There are many variations of passages of Lorem Ipsum available, but the majority have suffered', 'contact,page', 'There are many variations of passages of Lorem Ipsum available, but the majority have suffered', 'login,page', 'There are many variations of passages of Lorem Ipsum available, but the majority have suffered', 'forget,password', 'There are many variations of passages of Lorem Ipsum available, but the majority have suffered', 'checkout,page', 'There are many variations of passages of Lorem Ipsum available, but the majority have suffered');
/*!40000 ALTER TABLE `seos` ENABLE KEYS */;

-- Dumping structure for table wiebo.sitemaps
CREATE TABLE IF NOT EXISTS `sitemaps` (
  `id` bigint(20) unsigned NOT NULL AUTO_INCREMENT,
  `sitemap_url` varchar(255) COLLATE utf8mb4_unicode_ci DEFAULT NULL,
  `filename` varchar(255) COLLATE utf8mb4_unicode_ci DEFAULT NULL,
  `created_at` timestamp NULL DEFAULT NULL,
  `updated_at` timestamp NULL DEFAULT NULL,
  PRIMARY KEY (`id`)
) ENGINE=InnoDB AUTO_INCREMENT=3 DEFAULT CHARSET=utf8mb4 COLLATE=utf8mb4_unicode_ci;

-- Dumping data for table wiebo.sitemaps: ~1 rows (approximately)
/*!40000 ALTER TABLE `sitemaps` DISABLE KEYS */;
INSERT INTO `sitemaps` (`id`, `sitemap_url`, `filename`, `created_at`, `updated_at`) VALUES
	(2, 'http://localhost/superv/without_license/superv-1.2/', 'sitemap5f5e377957033.xml', '2020-09-13 12:15:26', '2020-09-13 12:15:26');
/*!40000 ALTER TABLE `sitemaps` ENABLE KEYS */;

-- Dumping structure for table wiebo.socials
CREATE TABLE IF NOT EXISTS `socials` (
  `id` bigint(20) unsigned NOT NULL AUTO_INCREMENT,
  `icon` text COLLATE utf8mb4_unicode_ci,
  `url` varchar(255) COLLATE utf8mb4_unicode_ci DEFAULT NULL,
  `serial_number` int(11) NOT NULL DEFAULT '0',
  PRIMARY KEY (`id`)
) ENGINE=InnoDB AUTO_INCREMENT=6 DEFAULT CHARSET=utf8mb4 COLLATE=utf8mb4_unicode_ci;

-- Dumping data for table wiebo.socials: ~5 rows (approximately)
/*!40000 ALTER TABLE `socials` DISABLE KEYS */;
INSERT INTO `socials` (`id`, `icon`, `url`, `serial_number`) VALUES
	(1, 'fab fa-facebook-f', 'https://www.facebook.com/', 1),
	(2, 'fab fa-twitter', 'https://twitter.com/', 2),
	(3, 'fab fa-linkedin-in', 'https://bd.linkedin.com/', 3),
	(4, 'fab fa-instagram', 'https://www.instagram.com/', 4),
	(5, 'fab fa-dribbble', 'https://dribbble.com/', 5);
/*!40000 ALTER TABLE `socials` ENABLE KEYS */;

-- Dumping structure for table wiebo.subscribers
CREATE TABLE IF NOT EXISTS `subscribers` (
  `id` bigint(20) unsigned NOT NULL AUTO_INCREMENT,
  `email` varchar(255) COLLATE utf8mb4_unicode_ci NOT NULL,
  `created_at` timestamp NULL DEFAULT NULL,
  `updated_at` timestamp NULL DEFAULT NULL,
  PRIMARY KEY (`id`)
) ENGINE=InnoDB AUTO_INCREMENT=19 DEFAULT CHARSET=utf8mb4 COLLATE=utf8mb4_unicode_ci;

-- Dumping data for table wiebo.subscribers: ~3 rows (approximately)
/*!40000 ALTER TABLE `subscribers` DISABLE KEYS */;
INSERT INTO `subscribers` (`id`, `email`, `created_at`, `updated_at`) VALUES
	(13, 'subscriber1@example.com', NULL, NULL),
	(15, 'subscriber2@example.com', NULL, NULL),
	(18, 'subscriber3@example.com', NULL, NULL);
/*!40000 ALTER TABLE `subscribers` ENABLE KEYS */;

-- Dumping structure for table wiebo.testimonials
CREATE TABLE IF NOT EXISTS `testimonials` (
  `id` bigint(20) unsigned NOT NULL AUTO_INCREMENT,
  `language_id` int(11) DEFAULT NULL,
  `image` varchar(255) COLLATE utf8mb4_unicode_ci DEFAULT NULL,
  `comment` text COLLATE utf8mb4_unicode_ci,
  `name` varchar(255) COLLATE utf8mb4_unicode_ci DEFAULT NULL,
  `rank` varchar(255) COLLATE utf8mb4_unicode_ci DEFAULT NULL,
  `serial_number` int(11) DEFAULT NULL,
  `created_at` timestamp NULL DEFAULT NULL,
  `updated_at` timestamp NULL DEFAULT NULL,
  PRIMARY KEY (`id`)
) ENGINE=InnoDB AUTO_INCREMENT=44 DEFAULT CHARSET=utf8mb4 COLLATE=utf8mb4_unicode_ci;

-- Dumping data for table wiebo.testimonials: ~8 rows (approximately)
/*!40000 ALTER TABLE `testimonials` DISABLE KEYS */;
INSERT INTO `testimonials` (`id`, `language_id`, `image`, `comment`, `name`, `rank`, `serial_number`, `created_at`, `updated_at`) VALUES
	(36, 176, '1637215604.png', 'At vero eos et accusamus et iusto odio dignissimos ducimus qui blanditiis praesentium voluptatum', 'Barella', 'Bank Manager', 1, NULL, NULL),
	(37, 176, '1637215610.png', 'avoids pleasure itself, because it is pleasure, but because those who do not know how', 'Jorginho', 'CEO, Malao', 2, NULL, NULL),
	(38, 176, '1637215617.png', 'Sed ut perspiciatis unde omnis iste natus error sit voluptatem accusantium doloremque laudantium', 'Insigne', 'Coach, Raoland', 3, NULL, NULL),
	(39, 176, '1637215625.png', 'Lorem ipsum dolor sit amet, consectetur adipiscing elit, sed do eiusmod tempor incididunt', 'Banega', 'Chef, Jastiford', 4, NULL, NULL),
	(40, 177, '1637215634.png', 'يتجنب اللذة نفسها ، لأنها لذة ، ولكن لأن أولئك الذين لا يعرفون كيف', 'نقالة', 'مدير بنك', 1, NULL, NULL),
	(41, 177, '1637215640.png', 'يتجنب اللذة نفسها ، لأنها لذة ، ولكن لأن أولئك الذين لا يعرفون كيف', 'جورجينيو', 'الرئيس التنفيذي ، ملالا', 2, NULL, NULL),
	(42, 177, '1637215645.png', 'إلا أن أشرح لكم كيف كل هذه الفكرة الخاطئة من استنكار اللذة وتمجيد الألم', 'شارة', 'المدرب ، راولاند', 3, NULL, NULL),
	(43, 177, '1637215651.png', 'جزر لوريم إيبسوم ، مطور جامعي محسّن ، لكنها تحبس الوقت والحيوية', 'بانيجا', 'الشيف ، جستيفورد', 4, NULL, NULL);
/*!40000 ALTER TABLE `testimonials` ENABLE KEYS */;

-- Dumping structure for table wiebo.timezones
CREATE TABLE IF NOT EXISTS `timezones` (
  `id` bigint(20) unsigned NOT NULL AUTO_INCREMENT,
  `country_code` varchar(10) COLLATE utf8mb4_unicode_ci NOT NULL,
  `timezone` varchar(125) COLLATE utf8mb4_unicode_ci NOT NULL,
  `gmt_offset` decimal(10,2) NOT NULL,
  `dst_offset` decimal(10,2) NOT NULL,
  `raw_offset` decimal(10,2) NOT NULL,
  PRIMARY KEY (`id`)
) ENGINE=InnoDB AUTO_INCREMENT=419 DEFAULT CHARSET=utf8mb4 COLLATE=utf8mb4_unicode_ci;

-- Dumping data for table wiebo.timezones: ~418 rows (approximately)
/*!40000 ALTER TABLE `timezones` DISABLE KEYS */;
INSERT INTO `timezones` (`id`, `country_code`, `timezone`, `gmt_offset`, `dst_offset`, `raw_offset`) VALUES
	(1, 'AD', 'Europe/Andorra', 1.00, 2.00, 1.00),
	(2, 'AE', 'Asia/Dubai', 4.00, 4.00, 4.00),
	(3, 'AF', 'Asia/Kabul', 4.50, 4.50, 4.50),
	(4, 'AG', 'America/Antigua', -4.00, -4.00, -4.00),
	(5, 'AI', 'America/Anguilla', -4.00, -4.00, -4.00),
	(6, 'AL', 'Europe/Tirane', 1.00, 2.00, 1.00),
	(7, 'AM', 'Asia/Yerevan', 4.00, 4.00, 4.00),
	(8, 'AO', 'Africa/Luanda', 1.00, 1.00, 1.00),
	(9, 'AQ', 'Antarctica/Casey', 8.00, 8.00, 8.00),
	(10, 'AQ', 'Antarctica/Davis', 7.00, 7.00, 7.00),
	(11, 'AQ', 'Antarctica/DumontDUrville', 10.00, 10.00, 10.00),
	(12, 'AQ', 'Antarctica/Mawson', 5.00, 5.00, 5.00),
	(13, 'AQ', 'Antarctica/McMurdo', 13.00, 12.00, 12.00),
	(14, 'AQ', 'Antarctica/Palmer', -3.00, -4.00, -4.00),
	(15, 'AQ', 'Antarctica/Rothera', -3.00, -3.00, -3.00),
	(16, 'AQ', 'Antarctica/South_Pole', 13.00, 12.00, 12.00),
	(17, 'AQ', 'Antarctica/Syowa', 3.00, 3.00, 3.00),
	(18, 'AQ', 'Antarctica/Vostok', 6.00, 6.00, 6.00),
	(19, 'AR', 'America/Argentina/Buenos_Aires', -3.00, -3.00, -3.00),
	(20, 'AR', 'America/Argentina/Catamarca', -3.00, -3.00, -3.00),
	(21, 'AR', 'America/Argentina/Cordoba', -3.00, -3.00, -3.00),
	(22, 'AR', 'America/Argentina/Jujuy', -3.00, -3.00, -3.00),
	(23, 'AR', 'America/Argentina/La_Rioja', -3.00, -3.00, -3.00),
	(24, 'AR', 'America/Argentina/Mendoza', -3.00, -3.00, -3.00),
	(25, 'AR', 'America/Argentina/Rio_Gallegos', -3.00, -3.00, -3.00),
	(26, 'AR', 'America/Argentina/Salta', -3.00, -3.00, -3.00),
	(27, 'AR', 'America/Argentina/San_Juan', -3.00, -3.00, -3.00),
	(28, 'AR', 'America/Argentina/San_Luis', -3.00, -3.00, -3.00),
	(29, 'AR', 'America/Argentina/Tucuman', -3.00, -3.00, -3.00),
	(30, 'AR', 'America/Argentina/Ushuaia', -3.00, -3.00, -3.00),
	(31, 'AS', 'Pacific/Pago_Pago', -11.00, -11.00, -11.00),
	(32, 'AT', 'Europe/Vienna', 1.00, 2.00, 1.00),
	(33, 'AU', 'Antarctica/Macquarie', 11.00, 11.00, 11.00),
	(34, 'AU', 'Australia/Adelaide', 10.50, 9.50, 9.50),
	(35, 'AU', 'Australia/Brisbane', 10.00, 10.00, 10.00),
	(36, 'AU', 'Australia/Broken_Hill', 10.50, 9.50, 9.50),
	(37, 'AU', 'Australia/Currie', 11.00, 10.00, 10.00),
	(38, 'AU', 'Australia/Darwin', 9.50, 9.50, 9.50),
	(39, 'AU', 'Australia/Eucla', 8.75, 8.75, 8.75),
	(40, 'AU', 'Australia/Hobart', 11.00, 10.00, 10.00),
	(41, 'AU', 'Australia/Lindeman', 10.00, 10.00, 10.00),
	(42, 'AU', 'Australia/Lord_Howe', 11.00, 10.50, 10.50),
	(43, 'AU', 'Australia/Melbourne', 11.00, 10.00, 10.00),
	(44, 'AU', 'Australia/Perth', 8.00, 8.00, 8.00),
	(45, 'AU', 'Australia/Sydney', 11.00, 10.00, 10.00),
	(46, 'AW', 'America/Aruba', -4.00, -4.00, -4.00),
	(47, 'AX', 'Europe/Mariehamn', 2.00, 3.00, 2.00),
	(48, 'AZ', 'Asia/Baku', 4.00, 5.00, 4.00),
	(49, 'BA', 'Europe/Sarajevo', 1.00, 2.00, 1.00),
	(50, 'BB', 'America/Barbados', -4.00, -4.00, -4.00),
	(51, 'BD', 'Asia/Dhaka', 6.00, 6.00, 6.00),
	(52, 'BE', 'Europe/Brussels', 1.00, 2.00, 1.00),
	(53, 'BF', 'Africa/Ouagadougou', 0.00, 0.00, 0.00),
	(54, 'BG', 'Europe/Sofia', 2.00, 3.00, 2.00),
	(55, 'BH', 'Asia/Bahrain', 3.00, 3.00, 3.00),
	(56, 'BI', 'Africa/Bujumbura', 2.00, 2.00, 2.00),
	(57, 'BJ', 'Africa/Porto-Novo', 1.00, 1.00, 1.00),
	(58, 'BL', 'America/St_Barthelemy', -4.00, -4.00, -4.00),
	(59, 'BM', 'Atlantic/Bermuda', -4.00, -3.00, -4.00),
	(60, 'BN', 'Asia/Brunei', 8.00, 8.00, 8.00),
	(61, 'BO', 'America/La_Paz', -4.00, -4.00, -4.00),
	(62, 'BQ', 'America/Kralendijk', -4.00, -4.00, -4.00),
	(63, 'BR', 'America/Araguaina', -3.00, -3.00, -3.00),
	(64, 'BR', 'America/Bahia', -3.00, -3.00, -3.00),
	(65, 'BR', 'America/Belem', -3.00, -3.00, -3.00),
	(66, 'BR', 'America/Boa_Vista', -4.00, -4.00, -4.00),
	(67, 'BR', 'America/Campo_Grande', -3.00, -4.00, -4.00),
	(68, 'BR', 'America/Cuiaba', -3.00, -4.00, -4.00),
	(69, 'BR', 'America/Eirunepe', -5.00, -5.00, -5.00),
	(70, 'BR', 'America/Fortaleza', -3.00, -3.00, -3.00),
	(71, 'BR', 'America/Maceio', -3.00, -3.00, -3.00),
	(72, 'BR', 'America/Manaus', -4.00, -4.00, -4.00),
	(73, 'BR', 'America/Noronha', -2.00, -2.00, -2.00),
	(74, 'BR', 'America/Porto_Velho', -4.00, -4.00, -4.00),
	(75, 'BR', 'America/Recife', -3.00, -3.00, -3.00),
	(76, 'BR', 'America/Rio_Branco', -5.00, -5.00, -5.00),
	(77, 'BR', 'America/Santarem', -3.00, -3.00, -3.00),
	(78, 'BR', 'America/Sao_Paulo', -2.00, -3.00, -3.00),
	(79, 'BS', 'America/Nassau', -5.00, -4.00, -5.00),
	(80, 'BT', 'Asia/Thimphu', 6.00, 6.00, 6.00),
	(81, 'BW', 'Africa/Gaborone', 2.00, 2.00, 2.00),
	(82, 'BY', 'Europe/Minsk', 3.00, 3.00, 3.00),
	(83, 'BZ', 'America/Belize', -6.00, -6.00, -6.00),
	(84, 'CA', 'America/Atikokan', -5.00, -5.00, -5.00),
	(85, 'CA', 'America/Blanc-Sablon', -4.00, -4.00, -4.00),
	(86, 'CA', 'America/Cambridge_Bay', -7.00, -6.00, -7.00),
	(87, 'CA', 'America/Creston', -7.00, -7.00, -7.00),
	(88, 'CA', 'America/Dawson', -8.00, -7.00, -8.00),
	(89, 'CA', 'America/Dawson_Creek', -7.00, -7.00, -7.00),
	(90, 'CA', 'America/Edmonton', -7.00, -6.00, -7.00),
	(91, 'CA', 'America/Glace_Bay', -4.00, -3.00, -4.00),
	(92, 'CA', 'America/Goose_Bay', -4.00, -3.00, -4.00),
	(93, 'CA', 'America/Halifax', -4.00, -3.00, -4.00),
	(94, 'CA', 'America/Inuvik', -7.00, -6.00, -7.00),
	(95, 'CA', 'America/Iqaluit', -5.00, -4.00, -5.00),
	(96, 'CA', 'America/Moncton', -4.00, -3.00, -4.00),
	(97, 'CA', 'America/Montreal', -5.00, -4.00, -5.00),
	(98, 'CA', 'America/Nipigon', -5.00, -4.00, -5.00),
	(99, 'CA', 'America/Pangnirtung', -5.00, -4.00, -5.00),
	(100, 'CA', 'America/Rainy_River', -6.00, -5.00, -6.00),
	(101, 'CA', 'America/Rankin_Inlet', -6.00, -5.00, -6.00),
	(102, 'CA', 'America/Regina', -6.00, -6.00, -6.00),
	(103, 'CA', 'America/Resolute', -6.00, -5.00, -6.00),
	(104, 'CA', 'America/St_Johns', -3.50, -2.50, -3.50),
	(105, 'CA', 'America/Swift_Current', -6.00, -6.00, -6.00),
	(106, 'CA', 'America/Thunder_Bay', -5.00, -4.00, -5.00),
	(107, 'CA', 'America/Toronto', -5.00, -4.00, -5.00),
	(108, 'CA', 'America/Vancouver', -8.00, -7.00, -8.00),
	(109, 'CA', 'America/Whitehorse', -8.00, -7.00, -8.00),
	(110, 'CA', 'America/Winnipeg', -6.00, -5.00, -6.00),
	(111, 'CA', 'America/Yellowknife', -7.00, -6.00, -7.00),
	(112, 'CC', 'Indian/Cocos', 6.50, 6.50, 6.50),
	(113, 'CD', 'Africa/Kinshasa', 1.00, 1.00, 1.00),
	(114, 'CD', 'Africa/Lubumbashi', 2.00, 2.00, 2.00),
	(115, 'CF', 'Africa/Bangui', 1.00, 1.00, 1.00),
	(116, 'CG', 'Africa/Brazzaville', 1.00, 1.00, 1.00),
	(117, 'CH', 'Europe/Zurich', 1.00, 2.00, 1.00),
	(118, 'CI', 'Africa/Abidjan', 0.00, 0.00, 0.00),
	(119, 'CK', 'Pacific/Rarotonga', -10.00, -10.00, -10.00),
	(120, 'CL', 'America/Santiago', -3.00, -4.00, -4.00),
	(121, 'CL', 'Pacific/Easter', -5.00, -6.00, -6.00),
	(122, 'CM', 'Africa/Douala', 1.00, 1.00, 1.00),
	(123, 'CN', 'Asia/Chongqing', 8.00, 8.00, 8.00),
	(124, 'CN', 'Asia/Harbin', 8.00, 8.00, 8.00),
	(125, 'CN', 'Asia/Kashgar', 8.00, 8.00, 8.00),
	(126, 'CN', 'Asia/Shanghai', 8.00, 8.00, 8.00),
	(127, 'CN', 'Asia/Urumqi', 8.00, 8.00, 8.00),
	(128, 'CO', 'America/Bogota', -5.00, -5.00, -5.00),
	(129, 'CR', 'America/Costa_Rica', -6.00, -6.00, -6.00),
	(130, 'CU', 'America/Havana', -5.00, -4.00, -5.00),
	(131, 'CV', 'Atlantic/Cape_Verde', -1.00, -1.00, -1.00),
	(132, 'CW', 'America/Curacao', -4.00, -4.00, -4.00),
	(133, 'CX', 'Indian/Christmas', 7.00, 7.00, 7.00),
	(134, 'CY', 'Asia/Nicosia', 2.00, 3.00, 2.00),
	(135, 'CZ', 'Europe/Prague', 1.00, 2.00, 1.00),
	(136, 'DE', 'Europe/Berlin', 1.00, 2.00, 1.00),
	(137, 'DE', 'Europe/Busingen', 1.00, 2.00, 1.00),
	(138, 'DJ', 'Africa/Djibouti', 3.00, 3.00, 3.00),
	(139, 'DK', 'Europe/Copenhagen', 1.00, 2.00, 1.00),
	(140, 'DM', 'America/Dominica', -4.00, -4.00, -4.00),
	(141, 'DO', 'America/Santo_Domingo', -4.00, -4.00, -4.00),
	(142, 'DZ', 'Africa/Algiers', 1.00, 1.00, 1.00),
	(143, 'EC', 'America/Guayaquil', -5.00, -5.00, -5.00),
	(144, 'EC', 'Pacific/Galapagos', -6.00, -6.00, -6.00),
	(145, 'EE', 'Europe/Tallinn', 2.00, 3.00, 2.00),
	(146, 'EG', 'Africa/Cairo', 2.00, 2.00, 2.00),
	(147, 'EH', 'Africa/El_Aaiun', 0.00, 0.00, 0.00),
	(148, 'ER', 'Africa/Asmara', 3.00, 3.00, 3.00),
	(149, 'ES', 'Africa/Ceuta', 1.00, 2.00, 1.00),
	(150, 'ES', 'Atlantic/Canary', 0.00, 1.00, 0.00),
	(151, 'ES', 'Europe/Madrid', 1.00, 2.00, 1.00),
	(152, 'ET', 'Africa/Addis_Ababa', 3.00, 3.00, 3.00),
	(153, 'FI', 'Europe/Helsinki', 2.00, 3.00, 2.00),
	(154, 'FJ', 'Pacific/Fiji', 13.00, 12.00, 12.00),
	(155, 'FK', 'Atlantic/Stanley', -3.00, -3.00, -3.00),
	(156, 'FM', 'Pacific/Chuuk', 10.00, 10.00, 10.00),
	(157, 'FM', 'Pacific/Kosrae', 11.00, 11.00, 11.00),
	(158, 'FM', 'Pacific/Pohnpei', 11.00, 11.00, 11.00),
	(159, 'FO', 'Atlantic/Faroe', 0.00, 1.00, 0.00),
	(160, 'FR', 'Europe/Paris', 1.00, 2.00, 1.00),
	(161, 'GA', 'Africa/Libreville', 1.00, 1.00, 1.00),
	(162, 'GB', 'Europe/London', 0.00, 1.00, 0.00),
	(163, 'GD', 'America/Grenada', -4.00, -4.00, -4.00),
	(164, 'GE', 'Asia/Tbilisi', 4.00, 4.00, 4.00),
	(165, 'GF', 'America/Cayenne', -3.00, -3.00, -3.00),
	(166, 'GG', 'Europe/Guernsey', 0.00, 1.00, 0.00),
	(167, 'GH', 'Africa/Accra', 0.00, 0.00, 0.00),
	(168, 'GI', 'Europe/Gibraltar', 1.00, 2.00, 1.00),
	(169, 'GL', 'America/Danmarkshavn', 0.00, 0.00, 0.00),
	(170, 'GL', 'America/Godthab', -3.00, -2.00, -3.00),
	(171, 'GL', 'America/Scoresbysund', -1.00, 0.00, -1.00),
	(172, 'GL', 'America/Thule', -4.00, -3.00, -4.00),
	(173, 'GM', 'Africa/Banjul', 0.00, 0.00, 0.00),
	(174, 'GN', 'Africa/Conakry', 0.00, 0.00, 0.00),
	(175, 'GP', 'America/Guadeloupe', -4.00, -4.00, -4.00),
	(176, 'GQ', 'Africa/Malabo', 1.00, 1.00, 1.00),
	(177, 'GR', 'Europe/Athens', 2.00, 3.00, 2.00),
	(178, 'GS', 'Atlantic/South_Georgia', -2.00, -2.00, -2.00),
	(179, 'GT', 'America/Guatemala', -6.00, -6.00, -6.00),
	(180, 'GU', 'Pacific/Guam', 10.00, 10.00, 10.00),
	(181, 'GW', 'Africa/Bissau', 0.00, 0.00, 0.00),
	(182, 'GY', 'America/Guyana', -4.00, -4.00, -4.00),
	(183, 'HK', 'Asia/Hong_Kong', 8.00, 8.00, 8.00),
	(184, 'HN', 'America/Tegucigalpa', -6.00, -6.00, -6.00),
	(185, 'HR', 'Europe/Zagreb', 1.00, 2.00, 1.00),
	(186, 'HT', 'America/Port-au-Prince', -5.00, -4.00, -5.00),
	(187, 'HU', 'Europe/Budapest', 1.00, 2.00, 1.00),
	(188, 'ID', 'Asia/Jakarta', 7.00, 7.00, 7.00),
	(189, 'ID', 'Asia/Jayapura', 9.00, 9.00, 9.00),
	(190, 'ID', 'Asia/Makassar', 8.00, 8.00, 8.00),
	(191, 'ID', 'Asia/Pontianak', 7.00, 7.00, 7.00),
	(192, 'IE', 'Europe/Dublin', 0.00, 1.00, 0.00),
	(193, 'IL', 'Asia/Jerusalem', 2.00, 3.00, 2.00),
	(194, 'IM', 'Europe/Isle_of_Man', 0.00, 1.00, 0.00),
	(195, 'IN', 'Asia/Kolkata', 5.50, 5.50, 5.50),
	(196, 'IO', 'Indian/Chagos', 6.00, 6.00, 6.00),
	(197, 'IQ', 'Asia/Baghdad', 3.00, 3.00, 3.00),
	(198, 'IR', 'Asia/Tehran', 3.50, 4.50, 3.50),
	(199, 'IS', 'Atlantic/Reykjavik', 0.00, 0.00, 0.00),
	(200, 'IT', 'Europe/Rome', 1.00, 2.00, 1.00),
	(201, 'JE', 'Europe/Jersey', 0.00, 1.00, 0.00),
	(202, 'JM', 'America/Jamaica', -5.00, -5.00, -5.00),
	(203, 'JO', 'Asia/Amman', 2.00, 3.00, 2.00),
	(204, 'JP', 'Asia/Tokyo', 9.00, 9.00, 9.00),
	(205, 'KE', 'Africa/Nairobi', 3.00, 3.00, 3.00),
	(206, 'KG', 'Asia/Bishkek', 6.00, 6.00, 6.00),
	(207, 'KH', 'Asia/Phnom_Penh', 7.00, 7.00, 7.00),
	(208, 'KI', 'Pacific/Enderbury', 13.00, 13.00, 13.00),
	(209, 'KI', 'Pacific/Kiritimati', 14.00, 14.00, 14.00),
	(210, 'KI', 'Pacific/Tarawa', 12.00, 12.00, 12.00),
	(211, 'KM', 'Indian/Comoro', 3.00, 3.00, 3.00),
	(212, 'KN', 'America/St_Kitts', -4.00, -4.00, -4.00),
	(213, 'KP', 'Asia/Pyongyang', 9.00, 9.00, 9.00),
	(214, 'KR', 'Asia/Seoul', 9.00, 9.00, 9.00),
	(215, 'KW', 'Asia/Kuwait', 3.00, 3.00, 3.00),
	(216, 'KY', 'America/Cayman', -5.00, -5.00, -5.00),
	(217, 'KZ', 'Asia/Almaty', 6.00, 6.00, 6.00),
	(218, 'KZ', 'Asia/Aqtau', 5.00, 5.00, 5.00),
	(219, 'KZ', 'Asia/Aqtobe', 5.00, 5.00, 5.00),
	(220, 'KZ', 'Asia/Oral', 5.00, 5.00, 5.00),
	(221, 'KZ', 'Asia/Qyzylorda', 6.00, 6.00, 6.00),
	(222, 'LA', 'Asia/Vientiane', 7.00, 7.00, 7.00),
	(223, 'LB', 'Asia/Beirut', 2.00, 3.00, 2.00),
	(224, 'LC', 'America/St_Lucia', -4.00, -4.00, -4.00),
	(225, 'LI', 'Europe/Vaduz', 1.00, 2.00, 1.00),
	(226, 'LK', 'Asia/Colombo', 5.50, 5.50, 5.50),
	(227, 'LR', 'Africa/Monrovia', 0.00, 0.00, 0.00),
	(228, 'LS', 'Africa/Maseru', 2.00, 2.00, 2.00),
	(229, 'LT', 'Europe/Vilnius', 2.00, 3.00, 2.00),
	(230, 'LU', 'Europe/Luxembourg', 1.00, 2.00, 1.00),
	(231, 'LV', 'Europe/Riga', 2.00, 3.00, 2.00),
	(232, 'LY', 'Africa/Tripoli', 2.00, 2.00, 2.00),
	(233, 'MA', 'Africa/Casablanca', 0.00, 0.00, 0.00),
	(234, 'MC', 'Europe/Monaco', 1.00, 2.00, 1.00),
	(235, 'MD', 'Europe/Chisinau', 2.00, 3.00, 2.00),
	(236, 'ME', 'Europe/Podgorica', 1.00, 2.00, 1.00),
	(237, 'MF', 'America/Marigot', -4.00, -4.00, -4.00),
	(238, 'MG', 'Indian/Antananarivo', 3.00, 3.00, 3.00),
	(239, 'MH', 'Pacific/Kwajalein', 12.00, 12.00, 12.00),
	(240, 'MH', 'Pacific/Majuro', 12.00, 12.00, 12.00),
	(241, 'MK', 'Europe/Skopje', 1.00, 2.00, 1.00),
	(242, 'ML', 'Africa/Bamako', 0.00, 0.00, 0.00),
	(243, 'MM', 'Asia/Rangoon', 6.50, 6.50, 6.50),
	(244, 'MN', 'Asia/Choibalsan', 8.00, 8.00, 8.00),
	(245, 'MN', 'Asia/Hovd', 7.00, 7.00, 7.00),
	(246, 'MN', 'Asia/Ulaanbaatar', 8.00, 8.00, 8.00),
	(247, 'MO', 'Asia/Macau', 8.00, 8.00, 8.00),
	(248, 'MP', 'Pacific/Saipan', 10.00, 10.00, 10.00),
	(249, 'MQ', 'America/Martinique', -4.00, -4.00, -4.00),
	(250, 'MR', 'Africa/Nouakchott', 0.00, 0.00, 0.00),
	(251, 'MS', 'America/Montserrat', -4.00, -4.00, -4.00),
	(252, 'MT', 'Europe/Malta', 1.00, 2.00, 1.00),
	(253, 'MU', 'Indian/Mauritius', 4.00, 4.00, 4.00),
	(254, 'MV', 'Indian/Maldives', 5.00, 5.00, 5.00),
	(255, 'MW', 'Africa/Blantyre', 2.00, 2.00, 2.00),
	(256, 'MX', 'America/Bahia_Banderas', -6.00, -5.00, -6.00),
	(257, 'MX', 'America/Cancun', -6.00, -5.00, -6.00),
	(258, 'MX', 'America/Chihuahua', -7.00, -6.00, -7.00),
	(259, 'MX', 'America/Hermosillo', -7.00, -7.00, -7.00),
	(260, 'MX', 'America/Matamoros', -6.00, -5.00, -6.00),
	(261, 'MX', 'America/Mazatlan', -7.00, -6.00, -7.00),
	(262, 'MX', 'America/Merida', -6.00, -5.00, -6.00),
	(263, 'MX', 'America/Mexico_City', -6.00, -5.00, -6.00),
	(264, 'MX', 'America/Monterrey', -6.00, -5.00, -6.00),
	(265, 'MX', 'America/Ojinaga', -7.00, -6.00, -7.00),
	(266, 'MX', 'America/Santa_Isabel', -8.00, -7.00, -8.00),
	(267, 'MX', 'America/Tijuana', -8.00, -7.00, -8.00),
	(268, 'MY', 'Asia/Kuala_Lumpur', 8.00, 8.00, 8.00),
	(269, 'MY', 'Asia/Kuching', 8.00, 8.00, 8.00),
	(270, 'MZ', 'Africa/Maputo', 2.00, 2.00, 2.00),
	(271, 'NA', 'Africa/Windhoek', 2.00, 1.00, 1.00),
	(272, 'NC', 'Pacific/Noumea', 11.00, 11.00, 11.00),
	(273, 'NE', 'Africa/Niamey', 1.00, 1.00, 1.00),
	(274, 'NF', 'Pacific/Norfolk', 11.50, 11.50, 11.50),
	(275, 'NG', 'Africa/Lagos', 1.00, 1.00, 1.00),
	(276, 'NI', 'America/Managua', -6.00, -6.00, -6.00),
	(277, 'NL', 'Europe/Amsterdam', 1.00, 2.00, 1.00),
	(278, 'NO', 'Europe/Oslo', 1.00, 2.00, 1.00),
	(279, 'NP', 'Asia/Kathmandu', 5.75, 5.75, 5.75),
	(280, 'NR', 'Pacific/Nauru', 12.00, 12.00, 12.00),
	(281, 'NU', 'Pacific/Niue', -11.00, -11.00, -11.00),
	(282, 'NZ', 'Pacific/Auckland', 13.00, 12.00, 12.00),
	(283, 'NZ', 'Pacific/Chatham', 13.75, 12.75, 12.75),
	(284, 'OM', 'Asia/Muscat', 4.00, 4.00, 4.00),
	(285, 'PA', 'America/Panama', -5.00, -5.00, -5.00),
	(286, 'PE', 'America/Lima', -5.00, -5.00, -5.00),
	(287, 'PF', 'Pacific/Gambier', -9.00, -9.00, -9.00),
	(288, 'PF', 'Pacific/Marquesas', -9.50, -9.50, -9.50),
	(289, 'PF', 'Pacific/Tahiti', -10.00, -10.00, -10.00),
	(290, 'PG', 'Pacific/Port_Moresby', 10.00, 10.00, 10.00),
	(291, 'PH', 'Asia/Manila', 8.00, 8.00, 8.00),
	(292, 'PK', 'Asia/Karachi', 5.00, 5.00, 5.00),
	(293, 'PL', 'Europe/Warsaw', 1.00, 2.00, 1.00),
	(294, 'PM', 'America/Miquelon', -3.00, -2.00, -3.00),
	(295, 'PN', 'Pacific/Pitcairn', -8.00, -8.00, -8.00),
	(296, 'PR', 'America/Puerto_Rico', -4.00, -4.00, -4.00),
	(297, 'PS', 'Asia/Gaza', 2.00, 3.00, 2.00),
	(298, 'PS', 'Asia/Hebron', 2.00, 3.00, 2.00),
	(299, 'PT', 'Atlantic/Azores', -1.00, 0.00, -1.00),
	(300, 'PT', 'Atlantic/Madeira', 0.00, 1.00, 0.00),
	(301, 'PT', 'Europe/Lisbon', 0.00, 1.00, 0.00),
	(302, 'PW', 'Pacific/Palau', 9.00, 9.00, 9.00),
	(303, 'PY', 'America/Asuncion', -3.00, -4.00, -4.00),
	(304, 'QA', 'Asia/Qatar', 3.00, 3.00, 3.00),
	(305, 'RE', 'Indian/Reunion', 4.00, 4.00, 4.00),
	(306, 'RO', 'Europe/Bucharest', 2.00, 3.00, 2.00),
	(307, 'RS', 'Europe/Belgrade', 1.00, 2.00, 1.00),
	(308, 'RU', 'Asia/Anadyr', 12.00, 12.00, 12.00),
	(309, 'RU', 'Asia/Irkutsk', 9.00, 9.00, 9.00),
	(310, 'RU', 'Asia/Kamchatka', 12.00, 12.00, 12.00),
	(311, 'RU', 'Asia/Khandyga', 10.00, 10.00, 10.00),
	(312, 'RU', 'Asia/Krasnoyarsk', 8.00, 8.00, 8.00),
	(313, 'RU', 'Asia/Magadan', 12.00, 12.00, 12.00),
	(314, 'RU', 'Asia/Novokuznetsk', 7.00, 7.00, 7.00),
	(315, 'RU', 'Asia/Novosibirsk', 7.00, 7.00, 7.00),
	(316, 'RU', 'Asia/Omsk', 7.00, 7.00, 7.00),
	(317, 'RU', 'Asia/Sakhalin', 11.00, 11.00, 11.00),
	(318, 'RU', 'Asia/Ust-Nera', 11.00, 11.00, 11.00),
	(319, 'RU', 'Asia/Vladivostok', 11.00, 11.00, 11.00),
	(320, 'RU', 'Asia/Yakutsk', 10.00, 10.00, 10.00),
	(321, 'RU', 'Asia/Yekaterinburg', 6.00, 6.00, 6.00),
	(322, 'RU', 'Europe/Kaliningrad', 3.00, 3.00, 3.00),
	(323, 'RU', 'Europe/Moscow', 4.00, 4.00, 4.00),
	(324, 'RU', 'Europe/Samara', 4.00, 4.00, 4.00),
	(325, 'RU', 'Europe/Volgograd', 4.00, 4.00, 4.00),
	(326, 'RW', 'Africa/Kigali', 2.00, 2.00, 2.00),
	(327, 'SA', 'Asia/Riyadh', 3.00, 3.00, 3.00),
	(328, 'SB', 'Pacific/Guadalcanal', 11.00, 11.00, 11.00),
	(329, 'SC', 'Indian/Mahe', 4.00, 4.00, 4.00),
	(330, 'SD', 'Africa/Khartoum', 3.00, 3.00, 3.00),
	(331, 'SE', 'Europe/Stockholm', 1.00, 2.00, 1.00),
	(332, 'SG', 'Asia/Singapore', 8.00, 8.00, 8.00),
	(333, 'SH', 'Atlantic/St_Helena', 0.00, 0.00, 0.00),
	(334, 'SI', 'Europe/Ljubljana', 1.00, 2.00, 1.00),
	(335, 'SJ', 'Arctic/Longyearbyen', 1.00, 2.00, 1.00),
	(336, 'SK', 'Europe/Bratislava', 1.00, 2.00, 1.00),
	(337, 'SL', 'Africa/Freetown', 0.00, 0.00, 0.00),
	(338, 'SM', 'Europe/San_Marino', 1.00, 2.00, 1.00),
	(339, 'SN', 'Africa/Dakar', 0.00, 0.00, 0.00),
	(340, 'SO', 'Africa/Mogadishu', 3.00, 3.00, 3.00),
	(341, 'SR', 'America/Paramaribo', -3.00, -3.00, -3.00),
	(342, 'SS', 'Africa/Juba', 3.00, 3.00, 3.00),
	(343, 'ST', 'Africa/Sao_Tome', 0.00, 0.00, 0.00),
	(344, 'SV', 'America/El_Salvador', -6.00, -6.00, -6.00),
	(345, 'SX', 'America/Lower_Princes', -4.00, -4.00, -4.00),
	(346, 'SY', 'Asia/Damascus', 2.00, 3.00, 2.00),
	(347, 'SZ', 'Africa/Mbabane', 2.00, 2.00, 2.00),
	(348, 'TC', 'America/Grand_Turk', -5.00, -4.00, -5.00),
	(349, 'TD', 'Africa/Ndjamena', 1.00, 1.00, 1.00),
	(350, 'TF', 'Indian/Kerguelen', 5.00, 5.00, 5.00),
	(351, 'TG', 'Africa/Lome', 0.00, 0.00, 0.00),
	(352, 'TH', 'Asia/Bangkok', 7.00, 7.00, 7.00),
	(353, 'TJ', 'Asia/Dushanbe', 5.00, 5.00, 5.00),
	(354, 'TK', 'Pacific/Fakaofo', 13.00, 13.00, 13.00),
	(355, 'TL', 'Asia/Dili', 9.00, 9.00, 9.00),
	(356, 'TM', 'Asia/Ashgabat', 5.00, 5.00, 5.00),
	(357, 'TN', 'Africa/Tunis', 1.00, 1.00, 1.00),
	(358, 'TO', 'Pacific/Tongatapu', 13.00, 13.00, 13.00),
	(359, 'TR', 'Europe/Istanbul', 2.00, 3.00, 2.00),
	(360, 'TT', 'America/Port_of_Spain', -4.00, -4.00, -4.00),
	(361, 'TV', 'Pacific/Funafuti', 12.00, 12.00, 12.00),
	(362, 'TW', 'Asia/Taipei', 8.00, 8.00, 8.00),
	(363, 'TZ', 'Africa/Dar_es_Salaam', 3.00, 3.00, 3.00),
	(364, 'UA', 'Europe/Kiev', 2.00, 3.00, 2.00),
	(365, 'UA', 'Europe/Simferopol', 2.00, 4.00, 4.00),
	(366, 'UA', 'Europe/Uzhgorod', 2.00, 3.00, 2.00),
	(367, 'UA', 'Europe/Zaporozhye', 2.00, 3.00, 2.00),
	(368, 'UG', 'Africa/Kampala', 3.00, 3.00, 3.00),
	(369, 'UM', 'Pacific/Johnston', -10.00, -10.00, -10.00),
	(370, 'UM', 'Pacific/Midway', -11.00, -11.00, -11.00),
	(371, 'UM', 'Pacific/Wake', 12.00, 12.00, 12.00),
	(372, 'US', 'America/Adak', -10.00, -9.00, -10.00),
	(373, 'US', 'America/Anchorage', -9.00, -8.00, -9.00),
	(374, 'US', 'America/Boise', -7.00, -6.00, -7.00),
	(375, 'US', 'America/Chicago', -6.00, -5.00, -6.00),
	(376, 'US', 'America/Denver', -7.00, -6.00, -7.00),
	(377, 'US', 'America/Detroit', -5.00, -4.00, -5.00),
	(378, 'US', 'America/Indiana/Indianapolis', -5.00, -4.00, -5.00),
	(379, 'US', 'America/Indiana/Knox', -6.00, -5.00, -6.00),
	(380, 'US', 'America/Indiana/Marengo', -5.00, -4.00, -5.00),
	(381, 'US', 'America/Indiana/Petersburg', -5.00, -4.00, -5.00),
	(382, 'US', 'America/Indiana/Tell_City', -6.00, -5.00, -6.00),
	(383, 'US', 'America/Indiana/Vevay', -5.00, -4.00, -5.00),
	(384, 'US', 'America/Indiana/Vincennes', -5.00, -4.00, -5.00),
	(385, 'US', 'America/Indiana/Winamac', -5.00, -4.00, -5.00),
	(386, 'US', 'America/Juneau', -9.00, -8.00, -9.00),
	(387, 'US', 'America/Kentucky/Louisville', -5.00, -4.00, -5.00),
	(388, 'US', 'America/Kentucky/Monticello', -5.00, -4.00, -5.00),
	(389, 'US', 'America/Los_Angeles', -8.00, -7.00, -8.00),
	(390, 'US', 'America/Menominee', -6.00, -5.00, -6.00),
	(391, 'US', 'America/Metlakatla', -8.00, -8.00, -8.00),
	(392, 'US', 'America/New_York', -5.00, -4.00, -5.00),
	(393, 'US', 'America/Nome', -9.00, -8.00, -9.00),
	(394, 'US', 'America/North_Dakota/Beulah', -6.00, -5.00, -6.00),
	(395, 'US', 'America/North_Dakota/Center', -6.00, -5.00, -6.00),
	(396, 'US', 'America/North_Dakota/New_Salem', -6.00, -5.00, -6.00),
	(397, 'US', 'America/Phoenix', -7.00, -7.00, -7.00),
	(398, 'US', 'America/Shiprock', -7.00, -6.00, -7.00),
	(399, 'US', 'America/Sitka', -9.00, -8.00, -9.00),
	(400, 'US', 'America/Yakutat', -9.00, -8.00, -9.00),
	(401, 'US', 'Pacific/Honolulu', -10.00, -10.00, -10.00),
	(402, 'UY', 'America/Montevideo', -2.00, -3.00, -3.00),
	(403, 'UZ', 'Asia/Samarkand', 5.00, 5.00, 5.00),
	(404, 'UZ', 'Asia/Tashkent', 5.00, 5.00, 5.00),
	(405, 'VA', 'Europe/Vatican', 1.00, 2.00, 1.00),
	(406, 'VC', 'America/St_Vincent', -4.00, -4.00, -4.00),
	(407, 'VE', 'America/Caracas', -4.50, -4.50, -4.50),
	(408, 'VG', 'America/Tortola', -4.00, -4.00, -4.00),
	(409, 'VI', 'America/St_Thomas', -4.00, -4.00, -4.00),
	(410, 'VN', 'Asia/Ho_Chi_Minh', 7.00, 7.00, 7.00),
	(411, 'VU', 'Pacific/Efate', 11.00, 11.00, 11.00),
	(412, 'WF', 'Pacific/Wallis', 12.00, 12.00, 12.00),
	(413, 'WS', 'Pacific/Apia', 14.00, 13.00, 13.00),
	(414, 'YE', 'Asia/Aden', 3.00, 3.00, 3.00),
	(415, 'YT', 'Indian/Mayotte', 3.00, 3.00, 3.00),
	(416, 'ZA', 'Africa/Johannesburg', 2.00, 2.00, 2.00),
	(417, 'ZM', 'Africa/Lusaka', 2.00, 2.00, 2.00),
	(418, 'ZW', 'Africa/Harare', 2.00, 2.00, 2.00);
/*!40000 ALTER TABLE `timezones` ENABLE KEYS */;

-- Dumping structure for table wiebo.ulinks
CREATE TABLE IF NOT EXISTS `ulinks` (
  `id` bigint(20) unsigned NOT NULL AUTO_INCREMENT,
  `language_id` int(11) NOT NULL DEFAULT '0',
  `name` varchar(255) COLLATE utf8mb4_unicode_ci DEFAULT NULL,
  `url` varchar(255) COLLATE utf8mb4_unicode_ci DEFAULT NULL,
  `created_at` timestamp NULL DEFAULT NULL,
  `updated_at` timestamp NULL DEFAULT NULL,
  PRIMARY KEY (`id`)
) ENGINE=InnoDB AUTO_INCREMENT=52 DEFAULT CHARSET=utf8mb4 COLLATE=utf8mb4_unicode_ci;

-- Dumping data for table wiebo.ulinks: ~10 rows (approximately)
/*!40000 ALTER TABLE `ulinks` DISABLE KEYS */;
INSERT INTO `ulinks` (`id`, `language_id`, `name`, `url`, `created_at`, `updated_at`) VALUES
	(42, 176, 'About Us', 'http://example.com/', NULL, NULL),
	(43, 176, 'Terms & Conditions', 'http://example.com/', NULL, NULL),
	(44, 176, 'Privacy Policy', 'http://example.com/', NULL, NULL),
	(45, 176, 'Contact Us', 'http://example.com/', NULL, NULL),
	(46, 176, 'Our Blogs', 'http://example.com/', NULL, NULL),
	(47, 177, 'معلومات عنا', 'http://example.com/', NULL, NULL),
	(48, 177, 'البنود و الظروف', 'http://example.com/', NULL, NULL),
	(49, 177, 'سياسة الخصوصية', 'http://example.com/', NULL, NULL),
	(50, 177, 'اتصل بنا', 'http://example.com/', NULL, NULL),
	(51, 177, 'مدوناتنا', 'http://example.com/', NULL, NULL);
/*!40000 ALTER TABLE `ulinks` ENABLE KEYS */;

-- Dumping structure for table wiebo.users
CREATE TABLE IF NOT EXISTS `users` (
  `id` bigint(20) unsigned NOT NULL AUTO_INCREMENT,
  `first_name` varchar(255) COLLATE utf8mb4_unicode_ci DEFAULT NULL,
  `last_name` varchar(255) COLLATE utf8mb4_unicode_ci DEFAULT NULL,
  `photo` varchar(255) COLLATE utf8mb4_unicode_ci DEFAULT NULL,
  `username` varchar(255) COLLATE utf8mb4_unicode_ci DEFAULT NULL,
  `email` varchar(255) COLLATE utf8mb4_unicode_ci DEFAULT NULL,
  `password` varchar(255) COLLATE utf8mb4_unicode_ci DEFAULT NULL,
  `company_name` varchar(255) COLLATE utf8mb4_unicode_ci DEFAULT NULL,
  `phone` varchar(255) COLLATE utf8mb4_unicode_ci DEFAULT NULL,
  `city` varchar(255) COLLATE utf8mb4_unicode_ci DEFAULT NULL,
  `state` varchar(255) COLLATE utf8mb4_unicode_ci DEFAULT NULL,
  `address` varchar(255) COLLATE utf8mb4_unicode_ci DEFAULT NULL,
  `country` varchar(255) COLLATE utf8mb4_unicode_ci DEFAULT NULL,
  `remember_token` varchar(255) COLLATE utf8mb4_unicode_ci DEFAULT NULL,
  `featured` int(11) NOT NULL DEFAULT '0',
  `status` int(11) NOT NULL DEFAULT '0',
  `online_status` tinyint(4) NOT NULL DEFAULT '1' COMMENT '1 = Active ,0 = offline',
  `verification_link` text COLLATE utf8mb4_unicode_ci,
  `email_verified` tinyint(4) NOT NULL DEFAULT '0' COMMENT '1 - verified, 0 - not verified',
  `subdomain_status` tinyint(4) NOT NULL DEFAULT '0' COMMENT '0 - pending, 1 - connected',
  `created_at` timestamp NULL DEFAULT NULL,
  `updated_at` timestamp NULL DEFAULT NULL,
  PRIMARY KEY (`id`)
) ENGINE=InnoDB AUTO_INCREMENT=172 DEFAULT CHARSET=utf8mb4 COLLATE=utf8mb4_unicode_ci;

-- Dumping data for table wiebo.users: ~3 rows (approximately)
/*!40000 ALTER TABLE `users` DISABLE KEYS */;
INSERT INTO `users` (`id`, `first_name`, `last_name`, `photo`, `username`, `email`, `password`, `company_name`, `phone`, `city`, `state`, `address`, `country`, `remember_token`, `featured`, `status`, `online_status`, `verification_link`, `email_verified`, `subdomain_status`, `created_at`, `updated_at`) VALUES
	(169, 'Marcus', 'Olmo', NULL, 'EastTex', 'easttex@example.com', '$2y$10$5iyJEtH.tkPmySd49ncDAe6NpB/XaTHSTWfThaVqvHmGkAltU8gKm', 'EastTex', '47347348', 'NIVERVILLE', 'New York', '4820 Providence Lane', 'United States', NULL, 1, 1, 1, 'd58f7731b0a963a93e02adcc85230289', 1, 0, '2021-11-15 00:18:27', '2021-11-18 03:06:05'),
	(170, 'Xavier', 'Hernandez', '1637068581job-7.png', 'Kreton', 'kreton@example.com', '$2y$10$eyr9sntCwx.yUIzgyOMwnOviw02cZp8ZKO/btXDu0uPU1UeBim8MO', 'Kreton', '347347834', 'Portland', 'Washington', '2507 Mutton Town Road', 'United States', NULL, 1, 1, 1, '15bcece35c70b6e6c761163069fc26c7', 1, 0, '2021-11-16 09:47:45', '2021-11-18 03:06:04'),
	(171, 'John', 'Obey', '1637145226job-8.png', 'MJSoft', 'mjsoft@example.com', '$2y$10$Y51fES.NLGJJZFCbZc7vzOdfluNxtKXYQ2jmN64crLnlD6Zz0wRua', 'MJSoft', '2362375970', 'Haughton', 'Louisiana', '3265 Tecumsah Lane', 'Canada', NULL, 1, 1, 1, 'c756fa90f911ab6b306c4a082012b1f7', 1, 0, '2021-11-17 07:30:27', '2021-11-18 03:06:03');
/*!40000 ALTER TABLE `users` ENABLE KEYS */;

-- Dumping structure for table wiebo.user_basic_settings
CREATE TABLE IF NOT EXISTS `user_basic_settings` (
  `id` bigint(20) unsigned NOT NULL AUTO_INCREMENT,
  `favicon` text COLLATE utf8mb4_unicode_ci,
  `breadcrumb` varchar(255) COLLATE utf8mb4_unicode_ci DEFAULT NULL,
  `logo` text COLLATE utf8mb4_unicode_ci,
  `preloader` varchar(50) COLLATE utf8mb4_unicode_ci DEFAULT NULL,
  `base_color` varchar(20) COLLATE utf8mb4_unicode_ci NOT NULL DEFAULT 'ff4a17',
  `theme` varchar(50) COLLATE utf8mb4_unicode_ci NOT NULL DEFAULT 'home_one' COMMENT 'home_one, home_two',
  `email` varchar(50) COLLATE utf8mb4_unicode_ci DEFAULT NULL,
  `from_name` varchar(50) COLLATE utf8mb4_unicode_ci DEFAULT NULL,
  `is_quote` tinyint(4) NOT NULL DEFAULT '1',
  `user_id` int(11) NOT NULL,
  `qr_image` varchar(100) COLLATE utf8mb4_unicode_ci DEFAULT NULL,
  `qr_color` varchar(50) COLLATE utf8mb4_unicode_ci NOT NULL DEFAULT '000000',
  `qr_size` int(11) NOT NULL DEFAULT '250',
  `qr_style` varchar(250) COLLATE utf8mb4_unicode_ci NOT NULL DEFAULT 'square',
  `qr_eye_style` varchar(250) COLLATE utf8mb4_unicode_ci NOT NULL DEFAULT 'square',
  `qr_margin` int(11) NOT NULL DEFAULT '0',
  `qr_text` varchar(255) COLLATE utf8mb4_unicode_ci DEFAULT NULL,
  `qr_text_color` varchar(50) COLLATE utf8mb4_unicode_ci NOT NULL DEFAULT '000000',
  `qr_text_size` int(11) NOT NULL DEFAULT '15',
  `qr_text_x` int(11) NOT NULL DEFAULT '50',
  `qr_text_y` int(11) NOT NULL DEFAULT '50',
  `qr_inserted_image` varchar(250) COLLATE utf8mb4_unicode_ci DEFAULT NULL,
  `qr_inserted_image_size` int(11) NOT NULL DEFAULT '20',
  `qr_inserted_image_x` int(11) NOT NULL DEFAULT '50',
  `qr_inserted_image_y` int(11) NOT NULL DEFAULT '50',
  `qr_type` varchar(50) COLLATE utf8mb4_unicode_ci NOT NULL DEFAULT 'default' COMMENT 'default, image, text',
  `qr_url` varchar(255) COLLATE utf8mb4_unicode_ci DEFAULT NULL,
  `created_at` timestamp NULL DEFAULT NULL,
  `updated_at` timestamp NULL DEFAULT NULL,
  PRIMARY KEY (`id`)
) ENGINE=InnoDB AUTO_INCREMENT=107 DEFAULT CHARSET=utf8mb4 COLLATE=utf8mb4_unicode_ci;

-- Dumping data for table wiebo.user_basic_settings: ~4 rows (approximately)
/*!40000 ALTER TABLE `user_basic_settings` DISABLE KEYS */;
INSERT INTO `user_basic_settings` (`id`, `favicon`, `breadcrumb`, `logo`, `preloader`, `base_color`, `theme`, `email`, `from_name`, `is_quote`, `user_id`, `qr_image`, `qr_color`, `qr_size`, `qr_style`, `qr_eye_style`, `qr_margin`, `qr_text`, `qr_text_color`, `qr_text_size`, `qr_text_x`, `qr_text_y`, `qr_inserted_image`, `qr_inserted_image_size`, `qr_inserted_image_x`, `qr_inserted_image_y`, `qr_type`, `qr_url`, `created_at`, `updated_at`) VALUES
	(10, '60fe931084502.png', NULL, '60fe92120fba7.png', '60fe92123486dc.jpg', '4C3EC7', 'home_one', NULL, NULL, 1, 62, NULL, '000000', 0, 'square', 'square', 0, NULL, '000000', 15, 50, 50, NULL, 20, 50, 50, 'default', NULL, '2021-07-26 04:44:34', '2021-09-21 13:10:36'),
	(104, '619239135a9a3.png', NULL, '6191fc63475b4.png', '61923928cf9ba.png', 'FF4A17', 'home_one', NULL, NULL, 1, 169, '6195f83a2e9ed.png', '000000', 250, 'square', 'square', 0, NULL, '000000', 15, 50, 50, NULL, 20, 50, 50, 'default', 'http://businesso.test/EastTex', '2021-11-15 00:18:35', '2021-11-18 03:52:42'),
	(105, '6193af1524df2.png', NULL, '6194de4b0b83f.png', '6193afa18faa7.png', 'ff4a17', 'home_two', NULL, NULL, 1, 170, NULL, '000000', 250, 'square', 'square', 0, NULL, '000000', 15, 50, 50, NULL, 20, 50, 50, 'default', NULL, '2021-11-16 09:47:51', '2021-11-17 07:49:47'),
	(106, '6194dae85798b.png', NULL, '6194db15d5ca3.png', '6195e6a37b591.png', 'ff4a17', 'home_three', NULL, NULL, 1, 171, NULL, '000000', 250, 'square', 'square', 0, NULL, '000000', 15, 50, 50, NULL, 20, 50, 50, 'default', NULL, '2021-11-17 07:30:33', '2021-11-18 02:37:39');
/*!40000 ALTER TABLE `user_basic_settings` ENABLE KEYS */;

-- Dumping structure for table wiebo.user_blogs
CREATE TABLE IF NOT EXISTS `user_blogs` (
  `id` bigint(20) unsigned NOT NULL AUTO_INCREMENT,
  `title` varchar(255) COLLATE utf8mb4_unicode_ci DEFAULT NULL,
  `slug` varchar(255) COLLATE utf8mb4_unicode_ci DEFAULT NULL,
  `image` varchar(255) COLLATE utf8mb4_unicode_ci DEFAULT NULL,
  `content` longtext COLLATE utf8mb4_unicode_ci,
  `serial_number` int(11) NOT NULL DEFAULT '0',
  `language_id` bigint(20) unsigned NOT NULL DEFAULT '0',
  `category_id` bigint(20) unsigned DEFAULT NULL,
  `user_id` bigint(20) unsigned DEFAULT NULL,
  `meta_keywords` text COLLATE utf8mb4_unicode_ci,
  `meta_description` text COLLATE utf8mb4_unicode_ci,
  `created_at` timestamp NULL DEFAULT NULL,
  `updated_at` timestamp NULL DEFAULT NULL,
  PRIMARY KEY (`id`),
  KEY `user_blogs_user_id_foreign` (`user_id`),
  KEY `user_blogs_language_id_foreign` (`language_id`),
  KEY `user_blogs_category_id_foreign` (`category_id`),
  CONSTRAINT `user_blogs_category_id_foreign` FOREIGN KEY (`category_id`) REFERENCES `user_blog_categories` (`id`) ON DELETE CASCADE,
  CONSTRAINT `user_blogs_language_id_foreign` FOREIGN KEY (`language_id`) REFERENCES `user_languages` (`id`) ON DELETE CASCADE,
  CONSTRAINT `user_blogs_user_id_foreign` FOREIGN KEY (`user_id`) REFERENCES `users` (`id`) ON DELETE CASCADE
) ENGINE=InnoDB AUTO_INCREMENT=138 DEFAULT CHARSET=utf8mb4 COLLATE=utf8mb4_unicode_ci;

-- Dumping data for table wiebo.user_blogs: ~36 rows (approximately)
/*!40000 ALTER TABLE `user_blogs` DISABLE KEYS */;
INSERT INTO `user_blogs` (`id`, `title`, `slug`, `image`, `content`, `serial_number`, `language_id`, `category_id`, `user_id`, `meta_keywords`, `meta_description`, `created_at`, `updated_at`) VALUES
	(102, 'How Performance Visiblety With GitLab CI And Hood', 'how-performance-visiblety-with-gitlab-ci-and-hood', '1636966665.jpg', '<p style="color:rgb(97,97,97);font-family:\'Nunito Sans\', sans-serif;font-size:15px;"><span style="font-family:Verdana;">But I must explain to you how all this mistaken idea of denouncing pleasure and praising pain was born and I will give you a complete account of the system, and expound the actual teachings of the great explorer of the truth, the master-builder of human happiness. No one rejects, dislikes, or avoids pleasure itself, because it is pleasure, but because those who do not know how to pursue pleasure rationally encounter consequences that are extremely painful. Nor again is there anyone who loves or pursues or desires to obtain pain of itself, because it is pain, but because occasionally circumstances occur in which toil and pain can procure him some great pleasure. To take a trivial example, which of us ever undertakes laborious physical exercise, except to obtain some advantage from it but who has any right to find fault with a man who chooses</span></p><p style="color:rgb(97,97,97);font-family:\'Nunito Sans\', sans-serif;font-size:15px;"><br /></p><p style="color:rgb(97,97,97);font-family:\'Nunito Sans\', sans-serif;font-size:15px;">No one rejects, dislikes, or avoids pleasure itself, because it is pleasure, but because those who do not know how to pursue pleasure rationally encounter consequences that are extremely painful. Nor again is there anyone who loves or pursues or desires to obtain pain of itself, because it is pain, but because occasionally circumstances occur in which toil and pain can procure him some great pleasure.</p>', 1, 183, 64, 169, NULL, NULL, '2021-11-15 02:57:45', '2021-11-15 02:57:45'),
	(103, 'Inspired Design Decisions With Max Huber Turne', 'inspired-design-decisions-with-max-huber-turne', '1636967126.jpg', '<p style="color:rgb(97,97,97);font-family:\'Nunito Sans\', sans-serif;font-size:15px;"><span style="font-family:Verdana;">But I must explain to you how all this mistaken idea of denouncing pleasure and praising pain was born and I will give you a complete account of the system, and expound the actual teachings of the great explorer of the truth, the master-builder of human happiness. No one rejects, dislikes, or avoids pleasure itself, because it is pleasure, but because those who do not know how to pursue pleasure rationally encounter consequences that are extremely painful. Nor again is there anyone who loves or pursues or desires to obtain pain of itself, because it is pain, but because occasionally circumstances occur in which toil and pain can procure him some great pleasure. To take a trivial example, which of us ever undertakes laborious physical exercise, except to obtain some advantage from it but who has any right to find fault with a man who chooses</span></p><p style="color:rgb(97,97,97);font-family:\'Nunito Sans\', sans-serif;font-size:15px;"><br /></p><p style="color:rgb(97,97,97);font-family:\'Nunito Sans\', sans-serif;font-size:15px;">No one rejects, dislikes, or avoids pleasure itself, because it is pleasure, but because those who do not know how to pursue pleasure rationally encounter consequences that are extremely painful. Nor again is there anyone who loves or pursues or desires to obtain pain of itself, because it is pain, but because occasionally circumstances occur in which toil and pain can procure him some great pleasure.</p>', 2, 183, 65, 169, NULL, NULL, '2021-11-15 02:57:45', '2021-11-15 03:05:26'),
	(104, 'Understanding Machines An Open Standard For', 'understanding-machines-an-open-standard-for', '1636967139.jpg', '<p style="color:rgb(97,97,97);font-family:\'Nunito Sans\', sans-serif;font-size:15px;"><span style="font-family:Verdana;">But I must explain to you how all this mistaken idea of denouncing pleasure and praising pain was born and I will give you a complete account of the system, and expound the actual teachings of the great explorer of the truth, the master-builder of human happiness. No one rejects, dislikes, or avoids pleasure itself, because it is pleasure, but because those who do not know how to pursue pleasure rationally encounter consequences that are extremely painful. Nor again is there anyone who loves or pursues or desires to obtain pain of itself, because it is pain, but because occasionally circumstances occur in which toil and pain can procure him some great pleasure. To take a trivial example, which of us ever undertakes laborious physical exercise, except to obtain some advantage from it but who has any right to find fault with a man who chooses</span></p><p style="color:rgb(97,97,97);font-family:\'Nunito Sans\', sans-serif;font-size:15px;"><br /></p><p style="color:rgb(97,97,97);font-family:\'Nunito Sans\', sans-serif;font-size:15px;">No one rejects, dislikes, or avoids pleasure itself, because it is pleasure, but because those who do not know how to pursue pleasure rationally encounter consequences that are extremely painful. Nor again is there anyone who loves or pursues or desires to obtain pain of itself, because it is pain, but because occasionally circumstances occur in which toil and pain can procure him some great pleasure.</p>', 3, 183, 66, 169, NULL, NULL, '2021-11-15 02:57:45', '2021-11-15 03:05:39'),
	(105, 'Lorem Ipsum has been the industry\'s standard', 'lorem-ipsum-has-been-the-industry\'s-standard', '1636967151.jpg', '<p style="color:rgb(97,97,97);font-family:\'Nunito Sans\', sans-serif;font-size:15px;"><span style="font-family:Verdana;">But I must explain to you how all this mistaken idea of denouncing pleasure and praising pain was born and I will give you a complete account of the system, and expound the actual teachings of the great explorer of the truth, the master-builder of human happiness. No one rejects, dislikes, or avoids pleasure itself, because it is pleasure, but because those who do not know how to pursue pleasure rationally encounter consequences that are extremely painful. Nor again is there anyone who loves or pursues or desires to obtain pain of itself, because it is pain, but because occasionally circumstances occur in which toil and pain can procure him some great pleasure. To take a trivial example, which of us ever undertakes laborious physical exercise, except to obtain some advantage from it but who has any right to find fault with a man who chooses</span></p><p style="color:rgb(97,97,97);font-family:\'Nunito Sans\', sans-serif;font-size:15px;"><br /></p><p style="color:rgb(97,97,97);font-family:\'Nunito Sans\', sans-serif;font-size:15px;">No one rejects, dislikes, or avoids pleasure itself, because it is pleasure, but because those who do not know how to pursue pleasure rationally encounter consequences that are extremely painful. Nor again is there anyone who loves or pursues or desires to obtain pain of itself, because it is pain, but because occasionally circumstances occur in which toil and pain can procure him some great pleasure.</p>', 4, 183, 64, 169, NULL, NULL, '2021-11-15 02:57:45', '2021-11-15 03:05:51'),
	(106, 'Many desktop publishing packages and web page', 'many-desktop-publishing-packages-and-web-page', '1636967165.jpg', '<p style="color:rgb(97,97,97);font-family:\'Nunito Sans\', sans-serif;font-size:15px;"><span style="font-family:Verdana;">But I must explain to you how all this mistaken idea of denouncing pleasure and praising pain was born and I will give you a complete account of the system, and expound the actual teachings of the great explorer of the truth, the master-builder of human happiness. No one rejects, dislikes, or avoids pleasure itself, because it is pleasure, but because those who do not know how to pursue pleasure rationally encounter consequences that are extremely painful. Nor again is there anyone who loves or pursues or desires to obtain pain of itself, because it is pain, but because occasionally circumstances occur in which toil and pain can procure him some great pleasure. To take a trivial example, which of us ever undertakes laborious physical exercise, except to obtain some advantage from it but who has any right to find fault with a man who chooses</span></p><p style="color:rgb(97,97,97);font-family:\'Nunito Sans\', sans-serif;font-size:15px;"><br /></p><p style="color:rgb(97,97,97);font-family:\'Nunito Sans\', sans-serif;font-size:15px;">No one rejects, dislikes, or avoids pleasure itself, because it is pleasure, but because those who do not know how to pursue pleasure rationally encounter consequences that are extremely painful. Nor again is there anyone who loves or pursues or desires to obtain pain of itself, because it is pain, but because occasionally circumstances occur in which toil and pain can procure him some great pleasure.</p>', 5, 183, 65, 169, NULL, NULL, '2021-11-15 02:57:45', '2021-11-15 03:06:05'),
	(107, 'All the Lorem Ipsum generators on the Internet', 'all-the-lorem-ipsum-generators-on-the-internet', '1636967179.jpg', '<p style="color:rgb(97,97,97);font-family:\'Nunito Sans\', sans-serif;font-size:15px;"><span style="font-family:Verdana;">But I must explain to you how all this mistaken idea of denouncing pleasure and praising pain was born and I will give you a complete account of the system, and expound the actual teachings of the great explorer of the truth, the master-builder of human happiness. No one rejects, dislikes, or avoids pleasure itself, because it is pleasure, but because those who do not know how to pursue pleasure rationally encounter consequences that are extremely painful. Nor again is there anyone who loves or pursues or desires to obtain pain of itself, because it is pain, but because occasionally circumstances occur in which toil and pain can procure him some great pleasure. To take a trivial example, which of us ever undertakes laborious physical exercise, except to obtain some advantage from it but who has any right to find fault with a man who chooses</span></p><p style="color:rgb(97,97,97);font-family:\'Nunito Sans\', sans-serif;font-size:15px;"><br /></p><p style="color:rgb(97,97,97);font-family:\'Nunito Sans\', sans-serif;font-size:15px;">No one rejects, dislikes, or avoids pleasure itself, because it is pleasure, but because those who do not know how to pursue pleasure rationally encounter consequences that are extremely painful. Nor again is there anyone who loves or pursues or desires to obtain pain of itself, because it is pain, but because occasionally circumstances occur in which toil and pain can procure him some great pleasure.</p>', 6, 183, 66, 169, NULL, NULL, '2021-11-15 02:57:45', '2021-11-15 03:06:19'),
	(108, 'كيفية رؤية الأداء مع GitLab CI وغطاء محرك السيارة', 'كيفية-رؤية-الأداء-مع-gitlab-ci-وغطاء-محرك-السيارة', '1636966665.jpg', 'خلافاَ للإعتقاد السائد فإن لوريم إيبسوم ليس نصاَ عشوائياً، بل إن له جذور في الأدب اللاتيني الكلاسيكي منذ العام 45 قبل الميلاد، مما يجعله أكثر من 2000 عام في القدم. قام البروفيسور "ريتشارد ماك لينتوك" (Richard McClintock) وهو بروفيسور اللغة اللاتينية في جامعة هامبدن-سيدني في فيرجينيا بالبحث عن أصول كلمة لاتينية غامضة في نص لوريم إيبسوم وهي "consectetur"، وخلال تتبعه لهذه الكلمة في الأدب اللاتيني اكتشف المصدر الغير قابل للشك. فلقد اتضح أن كلمات نص لوريم إيبسوم تأتي من الأقسام 1.10.32 و 1.10.33 من كتاب "حول أقاصي الخير والشر" (de Finibus Bonorum et Malorum) للمفكر شيشيرون (Cicero) والذي كتبه في عام 45 قبل الميلاد. هذا الكتاب هو بمثابة مقالة علمية مطولة في نظرية الأخلاق، وكان له شعبية كبيرة في عصر النهضة. السطر الأول من لوريم إيبسوم "Lorem ipsum dolor sit amet.." يأتي من سطر في القسم 1.20.32 من هذا الكتاب.\r\n\r\n', 1, 184, 67, 169, NULL, NULL, '2021-11-15 02:57:45', '2021-11-15 02:57:45'),
	(109, 'قرارات التصميم المستوحاة من ماكس هوبر تورن', 'قرارات-التصميم-المستوحاة-من-ماكس-هوبر-تورن', '1636967126.jpg', 'خلافاَ للإعتقاد السائد فإن لوريم إيبسوم ليس نصاَ عشوائياً، بل إن له جذور في الأدب اللاتيني الكلاسيكي منذ العام 45 قبل الميلاد، مما يجعله أكثر من 2000 عام في القدم. قام البروفيسور "ريتشارد ماك لينتوك" (Richard McClintock) وهو بروفيسور اللغة اللاتينية في جامعة هامبدن-سيدني في فيرجينيا بالبحث عن أصول كلمة لاتينية غامضة في نص لوريم إيبسوم وهي "consectetur"، وخلال تتبعه لهذه الكلمة في الأدب اللاتيني اكتشف المصدر الغير قابل للشك. فلقد اتضح أن كلمات نص لوريم إيبسوم تأتي من الأقسام 1.10.32 و 1.10.33 من كتاب "حول أقاصي الخير والشر" (de Finibus Bonorum et Malorum) للمفكر شيشيرون (Cicero) والذي كتبه في عام 45 قبل الميلاد. هذا الكتاب هو بمثابة مقالة علمية مطولة في نظرية الأخلاق، وكان له شعبية كبيرة في عصر النهضة. السطر الأول من لوريم إيبسوم "Lorem ipsum dolor sit amet.." يأتي من سطر في القسم 1.20.32 من هذا الكتاب.\r\n\r\n', 2, 184, 68, 169, NULL, NULL, '2021-11-15 02:57:45', '2021-11-15 03:05:26'),
	(110, 'فهم الآلات معيار مفتوح ل', 'فهم-الآلات-معيار-مفتوح-ل', '1636967139.jpg', 'خلافاَ للإعتقاد السائد فإن لوريم إيبسوم ليس نصاَ عشوائياً، بل إن له جذور في الأدب اللاتيني الكلاسيكي منذ العام 45 قبل الميلاد، مما يجعله أكثر من 2000 عام في القدم. قام البروفيسور "ريتشارد ماك لينتوك" (Richard McClintock) وهو بروفيسور اللغة اللاتينية في جامعة هامبدن-سيدني في فيرجينيا بالبحث عن أصول كلمة لاتينية غامضة في نص لوريم إيبسوم وهي "consectetur"، وخلال تتبعه لهذه الكلمة في الأدب اللاتيني اكتشف المصدر الغير قابل للشك. فلقد اتضح أن كلمات نص لوريم إيبسوم تأتي من الأقسام 1.10.32 و 1.10.33 من كتاب "حول أقاصي الخير والشر" (de Finibus Bonorum et Malorum) للمفكر شيشيرون (Cicero) والذي كتبه في عام 45 قبل الميلاد. هذا الكتاب هو بمثابة مقالة علمية مطولة في نظرية الأخلاق، وكان له شعبية كبيرة في عصر النهضة. السطر الأول من لوريم إيبسوم "Lorem ipsum dolor sit amet.." يأتي من سطر في القسم 1.20.32 من هذا الكتاب.\r\n\r\n', 3, 184, 69, 169, NULL, NULL, '2021-11-15 02:57:45', '2021-11-15 03:05:39'),
	(111, 'كان Lorem Ipsum هو معيار الصناعة', 'كان-lorem-ipsum-هو-معيار-الصناعة', '1636967151.jpg', 'خلافاَ للإعتقاد السائد فإن لوريم إيبسوم ليس نصاَ عشوائياً، بل إن له جذور في الأدب اللاتيني الكلاسيكي منذ العام 45 قبل الميلاد، مما يجعله أكثر من 2000 عام في القدم. قام البروفيسور "ريتشارد ماك لينتوك" (Richard McClintock) وهو بروفيسور اللغة اللاتينية في جامعة هامبدن-سيدني في فيرجينيا بالبحث عن أصول كلمة لاتينية غامضة في نص لوريم إيبسوم وهي "consectetur"، وخلال تتبعه لهذه الكلمة في الأدب اللاتيني اكتشف المصدر الغير قابل للشك. فلقد اتضح أن كلمات نص لوريم إيبسوم تأتي من الأقسام 1.10.32 و 1.10.33 من كتاب "حول أقاصي الخير والشر" (de Finibus Bonorum et Malorum) للمفكر شيشيرون (Cicero) والذي كتبه في عام 45 قبل الميلاد. هذا الكتاب هو بمثابة مقالة علمية مطولة في نظرية الأخلاق، وكان له شعبية كبيرة في عصر النهضة. السطر الأول من لوريم إيبسوم "Lorem ipsum dolor sit amet.." يأتي من سطر في القسم 1.20.32 من هذا الكتاب.\r\n\r\n', 4, 184, 67, 169, NULL, NULL, '2021-11-15 02:57:45', '2021-11-15 03:05:51'),
	(112, 'العديد من حزم النشر المكتبي وصفحة الويب', 'العديد-من-حزم-النشر-المكتبي-وصفحة-الويب', '1636967165.jpg', 'خلافاَ للإعتقاد السائد فإن لوريم إيبسوم ليس نصاَ عشوائياً، بل إن له جذور في الأدب اللاتيني الكلاسيكي منذ العام 45 قبل الميلاد، مما يجعله أكثر من 2000 عام في القدم. قام البروفيسور "ريتشارد ماك لينتوك" (Richard McClintock) وهو بروفيسور اللغة اللاتينية في جامعة هامبدن-سيدني في فيرجينيا بالبحث عن أصول كلمة لاتينية غامضة في نص لوريم إيبسوم وهي "consectetur"، وخلال تتبعه لهذه الكلمة في الأدب اللاتيني اكتشف المصدر الغير قابل للشك. فلقد اتضح أن كلمات نص لوريم إيبسوم تأتي من الأقسام 1.10.32 و 1.10.33 من كتاب "حول أقاصي الخير والشر" (de Finibus Bonorum et Malorum) للمفكر شيشيرون (Cicero) والذي كتبه في عام 45 قبل الميلاد. هذا الكتاب هو بمثابة مقالة علمية مطولة في نظرية الأخلاق، وكان له شعبية كبيرة في عصر النهضة. السطر الأول من لوريم إيبسوم "Lorem ipsum dolor sit amet.." يأتي من سطر في القسم 1.20.32 من هذا الكتاب.\r\n\r\n', 5, 184, 68, 169, NULL, NULL, '2021-11-15 02:57:45', '2021-11-15 03:06:05'),
	(113, 'جميع مولدات لوريم إيبسوم على الإنترنت', 'جميع-مولدات-لوريم-إيبسوم-على-الإنترنت', '1636967179.jpg', 'خلافاَ للإعتقاد السائد فإن لوريم إيبسوم ليس نصاَ عشوائياً، بل إن له جذور في الأدب اللاتيني الكلاسيكي منذ العام 45 قبل الميلاد، مما يجعله أكثر من 2000 عام في القدم. قام البروفيسور "ريتشارد ماك لينتوك" (Richard McClintock) وهو بروفيسور اللغة اللاتينية في جامعة هامبدن-سيدني في فيرجينيا بالبحث عن أصول كلمة لاتينية غامضة في نص لوريم إيبسوم وهي "consectetur"، وخلال تتبعه لهذه الكلمة في الأدب اللاتيني اكتشف المصدر الغير قابل للشك. فلقد اتضح أن كلمات نص لوريم إيبسوم تأتي من الأقسام 1.10.32 و 1.10.33 من كتاب "حول أقاصي الخير والشر" (de Finibus Bonorum et Malorum) للمفكر شيشيرون (Cicero) والذي كتبه في عام 45 قبل الميلاد. هذا الكتاب هو بمثابة مقالة علمية مطولة في نظرية الأخلاق، وكان له شعبية كبيرة في عصر النهضة. السطر الأول من لوريم إيبسوم "Lorem ipsum dolor sit amet.." يأتي من سطر في القسم 1.20.32 من هذا الكتاب.\r\n\r\n', 6, 184, 69, 169, NULL, NULL, '2021-11-15 02:57:45', '2021-11-15 03:06:19'),
	(114, 'How Performance Visiblety With GitLab CI And Hood', 'how-performance-visiblety-with-gitlab-ci-and-hood', '1636966665.jpg', '<p style="color:rgb(97,97,97);font-family:\'Nunito Sans\', sans-serif;font-size:15px;"><span style="font-family:Verdana;">But I must explain to you how all this mistaken idea of denouncing pleasure and praising pain was born and I will give you a complete account of the system, and expound the actual teachings of the great explorer of the truth, the master-builder of human happiness. No one rejects, dislikes, or avoids pleasure itself, because it is pleasure, but because those who do not know how to pursue pleasure rationally encounter consequences that are extremely painful. Nor again is there anyone who loves or pursues or desires to obtain pain of itself, because it is pain, but because occasionally circumstances occur in which toil and pain can procure him some great pleasure. To take a trivial example, which of us ever undertakes laborious physical exercise, except to obtain some advantage from it but who has any right to find fault with a man who chooses</span></p><p style="color:rgb(97,97,97);font-family:\'Nunito Sans\', sans-serif;font-size:15px;"><br /></p><p style="color:rgb(97,97,97);font-family:\'Nunito Sans\', sans-serif;font-size:15px;">No one rejects, dislikes, or avoids pleasure itself, because it is pleasure, but because those who do not know how to pursue pleasure rationally encounter consequences that are extremely painful. Nor again is there anyone who loves or pursues or desires to obtain pain of itself, because it is pain, but because occasionally circumstances occur in which toil and pain can procure him some great pleasure.</p>', 1, 185, 70, 170, NULL, NULL, '2021-11-15 02:57:45', '2021-11-15 02:57:45'),
	(115, 'Inspired Design Decisions With Max Huber Turne', 'inspired-design-decisions-with-max-huber-turne', '1636967126.jpg', '<p style="color:rgb(97,97,97);font-family:\'Nunito Sans\', sans-serif;font-size:15px;"><span style="font-family:Verdana;">But I must explain to you how all this mistaken idea of denouncing pleasure and praising pain was born and I will give you a complete account of the system, and expound the actual teachings of the great explorer of the truth, the master-builder of human happiness. No one rejects, dislikes, or avoids pleasure itself, because it is pleasure, but because those who do not know how to pursue pleasure rationally encounter consequences that are extremely painful. Nor again is there anyone who loves or pursues or desires to obtain pain of itself, because it is pain, but because occasionally circumstances occur in which toil and pain can procure him some great pleasure. To take a trivial example, which of us ever undertakes laborious physical exercise, except to obtain some advantage from it but who has any right to find fault with a man who chooses</span></p><p style="color:rgb(97,97,97);font-family:\'Nunito Sans\', sans-serif;font-size:15px;"><br /></p><p style="color:rgb(97,97,97);font-family:\'Nunito Sans\', sans-serif;font-size:15px;">No one rejects, dislikes, or avoids pleasure itself, because it is pleasure, but because those who do not know how to pursue pleasure rationally encounter consequences that are extremely painful. Nor again is there anyone who loves or pursues or desires to obtain pain of itself, because it is pain, but because occasionally circumstances occur in which toil and pain can procure him some great pleasure.</p>', 2, 185, 71, 170, NULL, NULL, '2021-11-15 02:57:45', '2021-11-15 03:05:26'),
	(116, 'Understanding Machines An Open Standard For', 'understanding-machines-an-open-standard-for', '1636967139.jpg', '<p style="color:rgb(97,97,97);font-family:\'Nunito Sans\', sans-serif;font-size:15px;"><span style="font-family:Verdana;">But I must explain to you how all this mistaken idea of denouncing pleasure and praising pain was born and I will give you a complete account of the system, and expound the actual teachings of the great explorer of the truth, the master-builder of human happiness. No one rejects, dislikes, or avoids pleasure itself, because it is pleasure, but because those who do not know how to pursue pleasure rationally encounter consequences that are extremely painful. Nor again is there anyone who loves or pursues or desires to obtain pain of itself, because it is pain, but because occasionally circumstances occur in which toil and pain can procure him some great pleasure. To take a trivial example, which of us ever undertakes laborious physical exercise, except to obtain some advantage from it but who has any right to find fault with a man who chooses</span></p><p style="color:rgb(97,97,97);font-family:\'Nunito Sans\', sans-serif;font-size:15px;"><br /></p><p style="color:rgb(97,97,97);font-family:\'Nunito Sans\', sans-serif;font-size:15px;">No one rejects, dislikes, or avoids pleasure itself, because it is pleasure, but because those who do not know how to pursue pleasure rationally encounter consequences that are extremely painful. Nor again is there anyone who loves or pursues or desires to obtain pain of itself, because it is pain, but because occasionally circumstances occur in which toil and pain can procure him some great pleasure.</p>', 3, 185, 72, 170, NULL, NULL, '2021-11-15 02:57:45', '2021-11-15 03:05:39'),
	(117, 'Lorem Ipsum has been the industry\'s standard', 'lorem-ipsum-has-been-the-industry\'s-standard', '1636967151.jpg', '<p style="color:rgb(97,97,97);font-family:\'Nunito Sans\', sans-serif;font-size:15px;"><span style="font-family:Verdana;">But I must explain to you how all this mistaken idea of denouncing pleasure and praising pain was born and I will give you a complete account of the system, and expound the actual teachings of the great explorer of the truth, the master-builder of human happiness. No one rejects, dislikes, or avoids pleasure itself, because it is pleasure, but because those who do not know how to pursue pleasure rationally encounter consequences that are extremely painful. Nor again is there anyone who loves or pursues or desires to obtain pain of itself, because it is pain, but because occasionally circumstances occur in which toil and pain can procure him some great pleasure. To take a trivial example, which of us ever undertakes laborious physical exercise, except to obtain some advantage from it but who has any right to find fault with a man who chooses</span></p><p style="color:rgb(97,97,97);font-family:\'Nunito Sans\', sans-serif;font-size:15px;"><br /></p><p style="color:rgb(97,97,97);font-family:\'Nunito Sans\', sans-serif;font-size:15px;">No one rejects, dislikes, or avoids pleasure itself, because it is pleasure, but because those who do not know how to pursue pleasure rationally encounter consequences that are extremely painful. Nor again is there anyone who loves or pursues or desires to obtain pain of itself, because it is pain, but because occasionally circumstances occur in which toil and pain can procure him some great pleasure.</p>', 4, 185, 70, 170, NULL, NULL, '2021-11-15 02:57:45', '2021-11-15 03:05:51'),
	(118, 'Many desktop publishing packages and web page', 'many-desktop-publishing-packages-and-web-page', '1636967165.jpg', '<p style="color:rgb(97,97,97);font-family:\'Nunito Sans\', sans-serif;font-size:15px;"><span style="font-family:Verdana;">But I must explain to you how all this mistaken idea of denouncing pleasure and praising pain was born and I will give you a complete account of the system, and expound the actual teachings of the great explorer of the truth, the master-builder of human happiness. No one rejects, dislikes, or avoids pleasure itself, because it is pleasure, but because those who do not know how to pursue pleasure rationally encounter consequences that are extremely painful. Nor again is there anyone who loves or pursues or desires to obtain pain of itself, because it is pain, but because occasionally circumstances occur in which toil and pain can procure him some great pleasure. To take a trivial example, which of us ever undertakes laborious physical exercise, except to obtain some advantage from it but who has any right to find fault with a man who chooses</span></p><p style="color:rgb(97,97,97);font-family:\'Nunito Sans\', sans-serif;font-size:15px;"><br /></p><p style="color:rgb(97,97,97);font-family:\'Nunito Sans\', sans-serif;font-size:15px;">No one rejects, dislikes, or avoids pleasure itself, because it is pleasure, but because those who do not know how to pursue pleasure rationally encounter consequences that are extremely painful. Nor again is there anyone who loves or pursues or desires to obtain pain of itself, because it is pain, but because occasionally circumstances occur in which toil and pain can procure him some great pleasure.</p>', 5, 185, 71, 170, NULL, NULL, '2021-11-15 02:57:45', '2021-11-15 03:06:05'),
	(119, 'All the Lorem Ipsum generators on the Internet', 'all-the-lorem-ipsum-generators-on-the-internet', '1636967179.jpg', '<p style="color:rgb(97,97,97);font-family:\'Nunito Sans\', sans-serif;font-size:15px;"><span style="font-family:Verdana;">But I must explain to you how all this mistaken idea of denouncing pleasure and praising pain was born and I will give you a complete account of the system, and expound the actual teachings of the great explorer of the truth, the master-builder of human happiness. No one rejects, dislikes, or avoids pleasure itself, because it is pleasure, but because those who do not know how to pursue pleasure rationally encounter consequences that are extremely painful. Nor again is there anyone who loves or pursues or desires to obtain pain of itself, because it is pain, but because occasionally circumstances occur in which toil and pain can procure him some great pleasure. To take a trivial example, which of us ever undertakes laborious physical exercise, except to obtain some advantage from it but who has any right to find fault with a man who chooses</span></p><p style="color:rgb(97,97,97);font-family:\'Nunito Sans\', sans-serif;font-size:15px;"><br /></p><p style="color:rgb(97,97,97);font-family:\'Nunito Sans\', sans-serif;font-size:15px;">No one rejects, dislikes, or avoids pleasure itself, because it is pleasure, but because those who do not know how to pursue pleasure rationally encounter consequences that are extremely painful. Nor again is there anyone who loves or pursues or desires to obtain pain of itself, because it is pain, but because occasionally circumstances occur in which toil and pain can procure him some great pleasure.</p>', 6, 185, 72, 170, NULL, NULL, '2021-11-15 02:57:45', '2021-11-15 03:06:19'),
	(120, 'كيفية رؤية الأداء مع GitLab CI وغطاء محرك السيارة', 'كيفية-رؤية-الأداء-مع-gitlab-ci-وغطاء-محرك-السيارة', '1636966665.jpg', 'خلافاَ للإعتقاد السائد فإن لوريم إيبسوم ليس نصاَ عشوائياً، بل إن له جذور في الأدب اللاتيني الكلاسيكي منذ العام 45 قبل الميلاد، مما يجعله أكثر من 2000 عام في القدم. قام البروفيسور "ريتشارد ماك لينتوك" (Richard McClintock) وهو بروفيسور اللغة اللاتينية في جامعة هامبدن-سيدني في فيرجينيا بالبحث عن أصول كلمة لاتينية غامضة في نص لوريم إيبسوم وهي "consectetur"، وخلال تتبعه لهذه الكلمة في الأدب اللاتيني اكتشف المصدر الغير قابل للشك. فلقد اتضح أن كلمات نص لوريم إيبسوم تأتي من الأقسام 1.10.32 و 1.10.33 من كتاب "حول أقاصي الخير والشر" (de Finibus Bonorum et Malorum) للمفكر شيشيرون (Cicero) والذي كتبه في عام 45 قبل الميلاد. هذا الكتاب هو بمثابة مقالة علمية مطولة في نظرية الأخلاق، وكان له شعبية كبيرة في عصر النهضة. السطر الأول من لوريم إيبسوم "Lorem ipsum dolor sit amet.." يأتي من سطر في القسم 1.20.32 من هذا الكتاب.\r\n\r\n', 1, 186, 73, 170, NULL, NULL, '2021-11-15 02:57:45', '2021-11-15 02:57:45'),
	(121, 'قرارات التصميم المستوحاة من ماكس هوبر تورن', 'قرارات-التصميم-المستوحاة-من-ماكس-هوبر-تورن', '1636967126.jpg', 'خلافاَ للإعتقاد السائد فإن لوريم إيبسوم ليس نصاَ عشوائياً، بل إن له جذور في الأدب اللاتيني الكلاسيكي منذ العام 45 قبل الميلاد، مما يجعله أكثر من 2000 عام في القدم. قام البروفيسور "ريتشارد ماك لينتوك" (Richard McClintock) وهو بروفيسور اللغة اللاتينية في جامعة هامبدن-سيدني في فيرجينيا بالبحث عن أصول كلمة لاتينية غامضة في نص لوريم إيبسوم وهي "consectetur"، وخلال تتبعه لهذه الكلمة في الأدب اللاتيني اكتشف المصدر الغير قابل للشك. فلقد اتضح أن كلمات نص لوريم إيبسوم تأتي من الأقسام 1.10.32 و 1.10.33 من كتاب "حول أقاصي الخير والشر" (de Finibus Bonorum et Malorum) للمفكر شيشيرون (Cicero) والذي كتبه في عام 45 قبل الميلاد. هذا الكتاب هو بمثابة مقالة علمية مطولة في نظرية الأخلاق، وكان له شعبية كبيرة في عصر النهضة. السطر الأول من لوريم إيبسوم "Lorem ipsum dolor sit amet.." يأتي من سطر في القسم 1.20.32 من هذا الكتاب.\r\n\r\n', 2, 186, 74, 170, NULL, NULL, '2021-11-15 02:57:45', '2021-11-15 03:05:26'),
	(122, 'فهم الآلات معيار مفتوح ل', 'فهم-الآلات-معيار-مفتوح-ل', '1636967139.jpg', 'خلافاَ للإعتقاد السائد فإن لوريم إيبسوم ليس نصاَ عشوائياً، بل إن له جذور في الأدب اللاتيني الكلاسيكي منذ العام 45 قبل الميلاد، مما يجعله أكثر من 2000 عام في القدم. قام البروفيسور "ريتشارد ماك لينتوك" (Richard McClintock) وهو بروفيسور اللغة اللاتينية في جامعة هامبدن-سيدني في فيرجينيا بالبحث عن أصول كلمة لاتينية غامضة في نص لوريم إيبسوم وهي "consectetur"، وخلال تتبعه لهذه الكلمة في الأدب اللاتيني اكتشف المصدر الغير قابل للشك. فلقد اتضح أن كلمات نص لوريم إيبسوم تأتي من الأقسام 1.10.32 و 1.10.33 من كتاب "حول أقاصي الخير والشر" (de Finibus Bonorum et Malorum) للمفكر شيشيرون (Cicero) والذي كتبه في عام 45 قبل الميلاد. هذا الكتاب هو بمثابة مقالة علمية مطولة في نظرية الأخلاق، وكان له شعبية كبيرة في عصر النهضة. السطر الأول من لوريم إيبسوم "Lorem ipsum dolor sit amet.." يأتي من سطر في القسم 1.20.32 من هذا الكتاب.\r\n\r\n', 3, 186, 75, 170, NULL, NULL, '2021-11-15 02:57:45', '2021-11-15 03:05:39'),
	(123, 'كان Lorem Ipsum هو معيار الصناعة', 'كان-lorem-ipsum-هو-معيار-الصناعة', '1636967151.jpg', 'خلافاَ للإعتقاد السائد فإن لوريم إيبسوم ليس نصاَ عشوائياً، بل إن له جذور في الأدب اللاتيني الكلاسيكي منذ العام 45 قبل الميلاد، مما يجعله أكثر من 2000 عام في القدم. قام البروفيسور "ريتشارد ماك لينتوك" (Richard McClintock) وهو بروفيسور اللغة اللاتينية في جامعة هامبدن-سيدني في فيرجينيا بالبحث عن أصول كلمة لاتينية غامضة في نص لوريم إيبسوم وهي "consectetur"، وخلال تتبعه لهذه الكلمة في الأدب اللاتيني اكتشف المصدر الغير قابل للشك. فلقد اتضح أن كلمات نص لوريم إيبسوم تأتي من الأقسام 1.10.32 و 1.10.33 من كتاب "حول أقاصي الخير والشر" (de Finibus Bonorum et Malorum) للمفكر شيشيرون (Cicero) والذي كتبه في عام 45 قبل الميلاد. هذا الكتاب هو بمثابة مقالة علمية مطولة في نظرية الأخلاق، وكان له شعبية كبيرة في عصر النهضة. السطر الأول من لوريم إيبسوم "Lorem ipsum dolor sit amet.." يأتي من سطر في القسم 1.20.32 من هذا الكتاب.\r\n\r\n', 4, 186, 73, 170, NULL, NULL, '2021-11-15 02:57:45', '2021-11-15 03:05:51'),
	(124, 'العديد من حزم النشر المكتبي وصفحة الويب', 'العديد-من-حزم-النشر-المكتبي-وصفحة-الويب', '1636967165.jpg', 'خلافاَ للإعتقاد السائد فإن لوريم إيبسوم ليس نصاَ عشوائياً، بل إن له جذور في الأدب اللاتيني الكلاسيكي منذ العام 45 قبل الميلاد، مما يجعله أكثر من 2000 عام في القدم. قام البروفيسور "ريتشارد ماك لينتوك" (Richard McClintock) وهو بروفيسور اللغة اللاتينية في جامعة هامبدن-سيدني في فيرجينيا بالبحث عن أصول كلمة لاتينية غامضة في نص لوريم إيبسوم وهي "consectetur"، وخلال تتبعه لهذه الكلمة في الأدب اللاتيني اكتشف المصدر الغير قابل للشك. فلقد اتضح أن كلمات نص لوريم إيبسوم تأتي من الأقسام 1.10.32 و 1.10.33 من كتاب "حول أقاصي الخير والشر" (de Finibus Bonorum et Malorum) للمفكر شيشيرون (Cicero) والذي كتبه في عام 45 قبل الميلاد. هذا الكتاب هو بمثابة مقالة علمية مطولة في نظرية الأخلاق، وكان له شعبية كبيرة في عصر النهضة. السطر الأول من لوريم إيبسوم "Lorem ipsum dolor sit amet.." يأتي من سطر في القسم 1.20.32 من هذا الكتاب.\r\n\r\n', 5, 186, 74, 170, NULL, NULL, '2021-11-15 02:57:45', '2021-11-15 03:06:05'),
	(125, 'جميع مولدات لوريم إيبسوم على الإنترنت', 'جميع-مولدات-لوريم-إيبسوم-على-الإنترنت', '1636967179.jpg', 'خلافاَ للإعتقاد السائد فإن لوريم إيبسوم ليس نصاَ عشوائياً، بل إن له جذور في الأدب اللاتيني الكلاسيكي منذ العام 45 قبل الميلاد، مما يجعله أكثر من 2000 عام في القدم. قام البروفيسور "ريتشارد ماك لينتوك" (Richard McClintock) وهو بروفيسور اللغة اللاتينية في جامعة هامبدن-سيدني في فيرجينيا بالبحث عن أصول كلمة لاتينية غامضة في نص لوريم إيبسوم وهي "consectetur"، وخلال تتبعه لهذه الكلمة في الأدب اللاتيني اكتشف المصدر الغير قابل للشك. فلقد اتضح أن كلمات نص لوريم إيبسوم تأتي من الأقسام 1.10.32 و 1.10.33 من كتاب "حول أقاصي الخير والشر" (de Finibus Bonorum et Malorum) للمفكر شيشيرون (Cicero) والذي كتبه في عام 45 قبل الميلاد. هذا الكتاب هو بمثابة مقالة علمية مطولة في نظرية الأخلاق، وكان له شعبية كبيرة في عصر النهضة. السطر الأول من لوريم إيبسوم "Lorem ipsum dolor sit amet.." يأتي من سطر في القسم 1.20.32 من هذا الكتاب.\r\n\r\n', 6, 186, 75, 170, NULL, NULL, '2021-11-15 02:57:45', '2021-11-15 03:06:19'),
	(126, 'How Performance Visiblety With GitLab CI And Hood', 'how-performance-visiblety-with-gitlab-ci-and-hood', '1636966665.jpg', '<p style="color:rgb(97,97,97);font-family:\'Nunito Sans\', sans-serif;font-size:15px;"><span style="font-family:Verdana;">But I must explain to you how all this mistaken idea of denouncing pleasure and praising pain was born and I will give you a complete account of the system, and expound the actual teachings of the great explorer of the truth, the master-builder of human happiness. No one rejects, dislikes, or avoids pleasure itself, because it is pleasure, but because those who do not know how to pursue pleasure rationally encounter consequences that are extremely painful. Nor again is there anyone who loves or pursues or desires to obtain pain of itself, because it is pain, but because occasionally circumstances occur in which toil and pain can procure him some great pleasure. To take a trivial example, which of us ever undertakes laborious physical exercise, except to obtain some advantage from it but who has any right to find fault with a man who chooses</span></p><p style="color:rgb(97,97,97);font-family:\'Nunito Sans\', sans-serif;font-size:15px;"><br /></p><p style="color:rgb(97,97,97);font-family:\'Nunito Sans\', sans-serif;font-size:15px;">No one rejects, dislikes, or avoids pleasure itself, because it is pleasure, but because those who do not know how to pursue pleasure rationally encounter consequences that are extremely painful. Nor again is there anyone who loves or pursues or desires to obtain pain of itself, because it is pain, but because occasionally circumstances occur in which toil and pain can procure him some great pleasure.</p>', 1, 187, 76, 171, NULL, NULL, '2021-11-15 02:57:45', '2021-11-15 02:57:45'),
	(127, 'Inspired Design Decisions With Max Huber Turne', 'inspired-design-decisions-with-max-huber-turne', '1636967126.jpg', '<p style="color:rgb(97,97,97);font-family:\'Nunito Sans\', sans-serif;font-size:15px;"><span style="font-family:Verdana;">But I must explain to you how all this mistaken idea of denouncing pleasure and praising pain was born and I will give you a complete account of the system, and expound the actual teachings of the great explorer of the truth, the master-builder of human happiness. No one rejects, dislikes, or avoids pleasure itself, because it is pleasure, but because those who do not know how to pursue pleasure rationally encounter consequences that are extremely painful. Nor again is there anyone who loves or pursues or desires to obtain pain of itself, because it is pain, but because occasionally circumstances occur in which toil and pain can procure him some great pleasure. To take a trivial example, which of us ever undertakes laborious physical exercise, except to obtain some advantage from it but who has any right to find fault with a man who chooses</span></p><p style="color:rgb(97,97,97);font-family:\'Nunito Sans\', sans-serif;font-size:15px;"><br /></p><p style="color:rgb(97,97,97);font-family:\'Nunito Sans\', sans-serif;font-size:15px;">No one rejects, dislikes, or avoids pleasure itself, because it is pleasure, but because those who do not know how to pursue pleasure rationally encounter consequences that are extremely painful. Nor again is there anyone who loves or pursues or desires to obtain pain of itself, because it is pain, but because occasionally circumstances occur in which toil and pain can procure him some great pleasure.</p>', 2, 187, 77, 171, NULL, NULL, '2021-11-15 02:57:45', '2021-11-15 03:05:26'),
	(128, 'Understanding Machines An Open Standard For', 'understanding-machines-an-open-standard-for', '1636967139.jpg', '<p style="color:rgb(97,97,97);font-family:\'Nunito Sans\', sans-serif;font-size:15px;"><span style="font-family:Verdana;">But I must explain to you how all this mistaken idea of denouncing pleasure and praising pain was born and I will give you a complete account of the system, and expound the actual teachings of the great explorer of the truth, the master-builder of human happiness. No one rejects, dislikes, or avoids pleasure itself, because it is pleasure, but because those who do not know how to pursue pleasure rationally encounter consequences that are extremely painful. Nor again is there anyone who loves or pursues or desires to obtain pain of itself, because it is pain, but because occasionally circumstances occur in which toil and pain can procure him some great pleasure. To take a trivial example, which of us ever undertakes laborious physical exercise, except to obtain some advantage from it but who has any right to find fault with a man who chooses</span></p><p style="color:rgb(97,97,97);font-family:\'Nunito Sans\', sans-serif;font-size:15px;"><br /></p><p style="color:rgb(97,97,97);font-family:\'Nunito Sans\', sans-serif;font-size:15px;">No one rejects, dislikes, or avoids pleasure itself, because it is pleasure, but because those who do not know how to pursue pleasure rationally encounter consequences that are extremely painful. Nor again is there anyone who loves or pursues or desires to obtain pain of itself, because it is pain, but because occasionally circumstances occur in which toil and pain can procure him some great pleasure.</p>', 3, 187, 78, 171, NULL, NULL, '2021-11-15 02:57:45', '2021-11-15 03:05:39'),
	(129, 'Lorem Ipsum has been the industry\'s standard', 'lorem-ipsum-has-been-the-industry\'s-standard', '1636967151.jpg', '<p style="color:rgb(97,97,97);font-family:\'Nunito Sans\', sans-serif;font-size:15px;"><span style="font-family:Verdana;">But I must explain to you how all this mistaken idea of denouncing pleasure and praising pain was born and I will give you a complete account of the system, and expound the actual teachings of the great explorer of the truth, the master-builder of human happiness. No one rejects, dislikes, or avoids pleasure itself, because it is pleasure, but because those who do not know how to pursue pleasure rationally encounter consequences that are extremely painful. Nor again is there anyone who loves or pursues or desires to obtain pain of itself, because it is pain, but because occasionally circumstances occur in which toil and pain can procure him some great pleasure. To take a trivial example, which of us ever undertakes laborious physical exercise, except to obtain some advantage from it but who has any right to find fault with a man who chooses</span></p><p style="color:rgb(97,97,97);font-family:\'Nunito Sans\', sans-serif;font-size:15px;"><br /></p><p style="color:rgb(97,97,97);font-family:\'Nunito Sans\', sans-serif;font-size:15px;">No one rejects, dislikes, or avoids pleasure itself, because it is pleasure, but because those who do not know how to pursue pleasure rationally encounter consequences that are extremely painful. Nor again is there anyone who loves or pursues or desires to obtain pain of itself, because it is pain, but because occasionally circumstances occur in which toil and pain can procure him some great pleasure.</p>', 4, 187, 76, 171, NULL, NULL, '2021-11-15 02:57:45', '2021-11-15 03:05:51'),
	(130, 'Many desktop publishing packages and web page', 'many-desktop-publishing-packages-and-web-page', '1636967165.jpg', '<p style="color:rgb(97,97,97);font-family:\'Nunito Sans\', sans-serif;font-size:15px;"><span style="font-family:Verdana;">But I must explain to you how all this mistaken idea of denouncing pleasure and praising pain was born and I will give you a complete account of the system, and expound the actual teachings of the great explorer of the truth, the master-builder of human happiness. No one rejects, dislikes, or avoids pleasure itself, because it is pleasure, but because those who do not know how to pursue pleasure rationally encounter consequences that are extremely painful. Nor again is there anyone who loves or pursues or desires to obtain pain of itself, because it is pain, but because occasionally circumstances occur in which toil and pain can procure him some great pleasure. To take a trivial example, which of us ever undertakes laborious physical exercise, except to obtain some advantage from it but who has any right to find fault with a man who chooses</span></p><p style="color:rgb(97,97,97);font-family:\'Nunito Sans\', sans-serif;font-size:15px;"><br /></p><p style="color:rgb(97,97,97);font-family:\'Nunito Sans\', sans-serif;font-size:15px;">No one rejects, dislikes, or avoids pleasure itself, because it is pleasure, but because those who do not know how to pursue pleasure rationally encounter consequences that are extremely painful. Nor again is there anyone who loves or pursues or desires to obtain pain of itself, because it is pain, but because occasionally circumstances occur in which toil and pain can procure him some great pleasure.</p>', 5, 187, 77, 171, NULL, NULL, '2021-11-15 02:57:45', '2021-11-15 03:06:05'),
	(131, 'All the Lorem Ipsum generators on the Internet', 'all-the-lorem-ipsum-generators-on-the-internet', '1636967179.jpg', '<p style="color:rgb(97,97,97);font-family:\'Nunito Sans\', sans-serif;font-size:15px;"><span style="font-family:Verdana;">But I must explain to you how all this mistaken idea of denouncing pleasure and praising pain was born and I will give you a complete account of the system, and expound the actual teachings of the great explorer of the truth, the master-builder of human happiness. No one rejects, dislikes, or avoids pleasure itself, because it is pleasure, but because those who do not know how to pursue pleasure rationally encounter consequences that are extremely painful. Nor again is there anyone who loves or pursues or desires to obtain pain of itself, because it is pain, but because occasionally circumstances occur in which toil and pain can procure him some great pleasure. To take a trivial example, which of us ever undertakes laborious physical exercise, except to obtain some advantage from it but who has any right to find fault with a man who chooses</span></p><p style="color:rgb(97,97,97);font-family:\'Nunito Sans\', sans-serif;font-size:15px;"><br /></p><p style="color:rgb(97,97,97);font-family:\'Nunito Sans\', sans-serif;font-size:15px;">No one rejects, dislikes, or avoids pleasure itself, because it is pleasure, but because those who do not know how to pursue pleasure rationally encounter consequences that are extremely painful. Nor again is there anyone who loves or pursues or desires to obtain pain of itself, because it is pain, but because occasionally circumstances occur in which toil and pain can procure him some great pleasure.</p>', 6, 187, 78, 171, NULL, NULL, '2021-11-15 02:57:45', '2021-11-15 03:06:19'),
	(132, 'كيفية رؤية الأداء مع GitLab CI وغطاء محرك السيارة', 'كيفية-رؤية-الأداء-مع-gitlab-ci-وغطاء-محرك-السيارة', '1636966665.jpg', 'خلافاَ للإعتقاد السائد فإن لوريم إيبسوم ليس نصاَ عشوائياً، بل إن له جذور في الأدب اللاتيني الكلاسيكي منذ العام 45 قبل الميلاد، مما يجعله أكثر من 2000 عام في القدم. قام البروفيسور "ريتشارد ماك لينتوك" (Richard McClintock) وهو بروفيسور اللغة اللاتينية في جامعة هامبدن-سيدني في فيرجينيا بالبحث عن أصول كلمة لاتينية غامضة في نص لوريم إيبسوم وهي "consectetur"، وخلال تتبعه لهذه الكلمة في الأدب اللاتيني اكتشف المصدر الغير قابل للشك. فلقد اتضح أن كلمات نص لوريم إيبسوم تأتي من الأقسام 1.10.32 و 1.10.33 من كتاب "حول أقاصي الخير والشر" (de Finibus Bonorum et Malorum) للمفكر شيشيرون (Cicero) والذي كتبه في عام 45 قبل الميلاد. هذا الكتاب هو بمثابة مقالة علمية مطولة في نظرية الأخلاق، وكان له شعبية كبيرة في عصر النهضة. السطر الأول من لوريم إيبسوم "Lorem ipsum dolor sit amet.." يأتي من سطر في القسم 1.20.32 من هذا الكتاب.\r\n\r\n', 1, 188, 79, 171, NULL, NULL, '2021-11-15 02:57:45', '2021-11-15 02:57:45'),
	(133, 'قرارات التصميم المستوحاة من ماكس هوبر تورن', 'قرارات-التصميم-المستوحاة-من-ماكس-هوبر-تورن', '1636967126.jpg', 'خلافاَ للإعتقاد السائد فإن لوريم إيبسوم ليس نصاَ عشوائياً، بل إن له جذور في الأدب اللاتيني الكلاسيكي منذ العام 45 قبل الميلاد، مما يجعله أكثر من 2000 عام في القدم. قام البروفيسور "ريتشارد ماك لينتوك" (Richard McClintock) وهو بروفيسور اللغة اللاتينية في جامعة هامبدن-سيدني في فيرجينيا بالبحث عن أصول كلمة لاتينية غامضة في نص لوريم إيبسوم وهي "consectetur"، وخلال تتبعه لهذه الكلمة في الأدب اللاتيني اكتشف المصدر الغير قابل للشك. فلقد اتضح أن كلمات نص لوريم إيبسوم تأتي من الأقسام 1.10.32 و 1.10.33 من كتاب "حول أقاصي الخير والشر" (de Finibus Bonorum et Malorum) للمفكر شيشيرون (Cicero) والذي كتبه في عام 45 قبل الميلاد. هذا الكتاب هو بمثابة مقالة علمية مطولة في نظرية الأخلاق، وكان له شعبية كبيرة في عصر النهضة. السطر الأول من لوريم إيبسوم "Lorem ipsum dolor sit amet.." يأتي من سطر في القسم 1.20.32 من هذا الكتاب.\r\n\r\n', 2, 188, 80, 171, NULL, NULL, '2021-11-15 02:57:45', '2021-11-15 03:05:26'),
	(134, 'فهم الآلات معيار مفتوح ل', 'فهم-الآلات-معيار-مفتوح-ل', '1636967139.jpg', 'خلافاَ للإعتقاد السائد فإن لوريم إيبسوم ليس نصاَ عشوائياً، بل إن له جذور في الأدب اللاتيني الكلاسيكي منذ العام 45 قبل الميلاد، مما يجعله أكثر من 2000 عام في القدم. قام البروفيسور "ريتشارد ماك لينتوك" (Richard McClintock) وهو بروفيسور اللغة اللاتينية في جامعة هامبدن-سيدني في فيرجينيا بالبحث عن أصول كلمة لاتينية غامضة في نص لوريم إيبسوم وهي "consectetur"، وخلال تتبعه لهذه الكلمة في الأدب اللاتيني اكتشف المصدر الغير قابل للشك. فلقد اتضح أن كلمات نص لوريم إيبسوم تأتي من الأقسام 1.10.32 و 1.10.33 من كتاب "حول أقاصي الخير والشر" (de Finibus Bonorum et Malorum) للمفكر شيشيرون (Cicero) والذي كتبه في عام 45 قبل الميلاد. هذا الكتاب هو بمثابة مقالة علمية مطولة في نظرية الأخلاق، وكان له شعبية كبيرة في عصر النهضة. السطر الأول من لوريم إيبسوم "Lorem ipsum dolor sit amet.." يأتي من سطر في القسم 1.20.32 من هذا الكتاب.\r\n\r\n', 3, 188, 81, 171, NULL, NULL, '2021-11-15 02:57:45', '2021-11-15 03:05:39'),
	(135, 'كان Lorem Ipsum هو معيار الصناعة', 'كان-lorem-ipsum-هو-معيار-الصناعة', '1636967151.jpg', 'خلافاَ للإعتقاد السائد فإن لوريم إيبسوم ليس نصاَ عشوائياً، بل إن له جذور في الأدب اللاتيني الكلاسيكي منذ العام 45 قبل الميلاد، مما يجعله أكثر من 2000 عام في القدم. قام البروفيسور "ريتشارد ماك لينتوك" (Richard McClintock) وهو بروفيسور اللغة اللاتينية في جامعة هامبدن-سيدني في فيرجينيا بالبحث عن أصول كلمة لاتينية غامضة في نص لوريم إيبسوم وهي "consectetur"، وخلال تتبعه لهذه الكلمة في الأدب اللاتيني اكتشف المصدر الغير قابل للشك. فلقد اتضح أن كلمات نص لوريم إيبسوم تأتي من الأقسام 1.10.32 و 1.10.33 من كتاب "حول أقاصي الخير والشر" (de Finibus Bonorum et Malorum) للمفكر شيشيرون (Cicero) والذي كتبه في عام 45 قبل الميلاد. هذا الكتاب هو بمثابة مقالة علمية مطولة في نظرية الأخلاق، وكان له شعبية كبيرة في عصر النهضة. السطر الأول من لوريم إيبسوم "Lorem ipsum dolor sit amet.." يأتي من سطر في القسم 1.20.32 من هذا الكتاب.\r\n\r\n', 4, 188, 79, 171, NULL, NULL, '2021-11-15 02:57:45', '2021-11-15 03:05:51'),
	(136, 'العديد من حزم النشر المكتبي وصفحة الويب', 'العديد-من-حزم-النشر-المكتبي-وصفحة-الويب', '1636967165.jpg', 'خلافاَ للإعتقاد السائد فإن لوريم إيبسوم ليس نصاَ عشوائياً، بل إن له جذور في الأدب اللاتيني الكلاسيكي منذ العام 45 قبل الميلاد، مما يجعله أكثر من 2000 عام في القدم. قام البروفيسور "ريتشارد ماك لينتوك" (Richard McClintock) وهو بروفيسور اللغة اللاتينية في جامعة هامبدن-سيدني في فيرجينيا بالبحث عن أصول كلمة لاتينية غامضة في نص لوريم إيبسوم وهي "consectetur"، وخلال تتبعه لهذه الكلمة في الأدب اللاتيني اكتشف المصدر الغير قابل للشك. فلقد اتضح أن كلمات نص لوريم إيبسوم تأتي من الأقسام 1.10.32 و 1.10.33 من كتاب "حول أقاصي الخير والشر" (de Finibus Bonorum et Malorum) للمفكر شيشيرون (Cicero) والذي كتبه في عام 45 قبل الميلاد. هذا الكتاب هو بمثابة مقالة علمية مطولة في نظرية الأخلاق، وكان له شعبية كبيرة في عصر النهضة. السطر الأول من لوريم إيبسوم "Lorem ipsum dolor sit amet.." يأتي من سطر في القسم 1.20.32 من هذا الكتاب.\r\n\r\n', 5, 188, 80, 171, NULL, NULL, '2021-11-15 02:57:45', '2021-11-15 03:06:05'),
	(137, 'جميع مولدات لوريم إيبسوم على الإنترنت', 'جميع-مولدات-لوريم-إيبسوم-على-الإنترنت', '1636967179.jpg', 'خلافاَ للإعتقاد السائد فإن لوريم إيبسوم ليس نصاَ عشوائياً، بل إن له جذور في الأدب اللاتيني الكلاسيكي منذ العام 45 قبل الميلاد، مما يجعله أكثر من 2000 عام في القدم. قام البروفيسور "ريتشارد ماك لينتوك" (Richard McClintock) وهو بروفيسور اللغة اللاتينية في جامعة هامبدن-سيدني في فيرجينيا بالبحث عن أصول كلمة لاتينية غامضة في نص لوريم إيبسوم وهي "consectetur"، وخلال تتبعه لهذه الكلمة في الأدب اللاتيني اكتشف المصدر الغير قابل للشك. فلقد اتضح أن كلمات نص لوريم إيبسوم تأتي من الأقسام 1.10.32 و 1.10.33 من كتاب "حول أقاصي الخير والشر" (de Finibus Bonorum et Malorum) للمفكر شيشيرون (Cicero) والذي كتبه في عام 45 قبل الميلاد. هذا الكتاب هو بمثابة مقالة علمية مطولة في نظرية الأخلاق، وكان له شعبية كبيرة في عصر النهضة. السطر الأول من لوريم إيبسوم "Lorem ipsum dolor sit amet.." يأتي من سطر في القسم 1.20.32 من هذا الكتاب.\r\n\r\n', 6, 188, 81, 171, NULL, NULL, '2021-11-15 02:57:45', '2021-11-15 03:06:19');
/*!40000 ALTER TABLE `user_blogs` ENABLE KEYS */;

-- Dumping structure for table wiebo.user_blog_categories
CREATE TABLE IF NOT EXISTS `user_blog_categories` (
  `id` bigint(20) unsigned NOT NULL AUTO_INCREMENT,
  `name` varchar(255) COLLATE utf8mb4_unicode_ci DEFAULT NULL,
  `status` tinyint(4) NOT NULL DEFAULT '1',
  `language_id` bigint(20) unsigned NOT NULL DEFAULT '0',
  `user_id` int(11) NOT NULL DEFAULT '0',
  `serial_number` int(11) NOT NULL DEFAULT '0',
  `created_at` timestamp NULL DEFAULT NULL,
  `updated_at` timestamp NULL DEFAULT NULL,
  PRIMARY KEY (`id`),
  KEY `user_blog_categories_language_id_foreign` (`language_id`),
  CONSTRAINT `user_blog_categories_language_id_foreign` FOREIGN KEY (`language_id`) REFERENCES `user_languages` (`id`) ON DELETE CASCADE
) ENGINE=InnoDB AUTO_INCREMENT=82 DEFAULT CHARSET=utf8mb4 COLLATE=utf8mb4_unicode_ci;

-- Dumping data for table wiebo.user_blog_categories: ~18 rows (approximately)
/*!40000 ALTER TABLE `user_blog_categories` DISABLE KEYS */;
INSERT INTO `user_blog_categories` (`id`, `name`, `status`, `language_id`, `user_id`, `serial_number`, `created_at`, `updated_at`) VALUES
	(64, 'Tech', 1, 183, 169, 1, '2021-11-15 02:55:43', '2021-11-15 02:55:43'),
	(65, 'Entertainment', 1, 183, 169, 2, '2021-11-15 02:55:57', '2021-11-15 02:55:57'),
	(66, 'Corporate', 1, 183, 169, 3, '2021-11-15 02:56:17', '2021-11-15 02:56:17'),
	(67, 'تقنية', 1, 184, 169, 1, '2021-11-15 02:55:43', '2021-11-15 02:55:43'),
	(68, 'تسلية', 1, 184, 169, 2, '2021-11-15 02:55:57', '2021-11-15 02:55:57'),
	(69, 'شركة كبرى', 1, 184, 169, 3, '2021-11-15 02:56:17', '2021-11-15 02:56:17'),
	(70, 'Tech', 1, 185, 170, 1, '2021-11-15 02:55:43', '2021-11-15 02:55:43'),
	(71, 'Entertainment', 1, 185, 170, 2, '2021-11-15 02:55:57', '2021-11-15 02:55:57'),
	(72, 'Corporate', 1, 185, 170, 3, '2021-11-15 02:56:17', '2021-11-15 02:56:17'),
	(73, 'تقنية', 1, 186, 170, 1, '2021-11-15 02:55:43', '2021-11-15 02:55:43'),
	(74, 'تسلية', 1, 186, 170, 2, '2021-11-15 02:55:57', '2021-11-15 02:55:57'),
	(75, 'شركة كبرى', 1, 186, 170, 3, '2021-11-15 02:56:17', '2021-11-15 02:56:17'),
	(76, 'Tech', 1, 187, 171, 1, '2021-11-15 02:55:43', '2021-11-15 02:55:43'),
	(77, 'Entertainment', 1, 187, 171, 2, '2021-11-15 02:55:57', '2021-11-15 02:55:57'),
	(78, 'Corporate', 1, 187, 171, 3, '2021-11-15 02:56:17', '2021-11-15 02:56:17'),
	(79, 'تقنية', 1, 188, 171, 1, '2021-11-15 02:55:43', '2021-11-15 02:55:43'),
	(80, 'تسلية', 1, 188, 171, 2, '2021-11-15 02:55:57', '2021-11-15 02:55:57'),
	(81, 'شركة كبرى', 1, 188, 171, 3, '2021-11-15 02:56:17', '2021-11-15 02:56:17');
/*!40000 ALTER TABLE `user_blog_categories` ENABLE KEYS */;

-- Dumping structure for table wiebo.user_brands
CREATE TABLE IF NOT EXISTS `user_brands` (
  `id` int(11) NOT NULL AUTO_INCREMENT,
  `user_id` int(11) NOT NULL,
  `brand_img` varchar(255) NOT NULL,
  `brand_url` varchar(255) NOT NULL,
  `serial_number` int(11) NOT NULL,
  `created_at` timestamp NOT NULL DEFAULT CURRENT_TIMESTAMP,
  `updated_at` timestamp NOT NULL DEFAULT CURRENT_TIMESTAMP,
  PRIMARY KEY (`id`)
) ENGINE=InnoDB AUTO_INCREMENT=36 DEFAULT CHARSET=utf8;

-- Dumping data for table wiebo.user_brands: ~15 rows (approximately)
/*!40000 ALTER TABLE `user_brands` DISABLE KEYS */;
INSERT INTO `user_brands` (`id`, `user_id`, `brand_img`, `brand_url`, `serial_number`, `created_at`, `updated_at`) VALUES
	(21, 169, 'eb486303456b8c47925caee964ae265bc20d2b87.png', 'http://example.com/', 1, '2021-11-15 08:18:36', '2021-11-15 08:18:36'),
	(22, 169, 'a6e10c8fde72bc90db2b22091188f79e417d4413.png', 'http://example.com/', 2, '2021-11-15 08:18:44', '2021-11-15 08:18:44'),
	(23, 169, '4fbff80e3f9e9ea08b12469ee3e60319d564f89b.png', 'http://example.com/', 3, '2021-11-15 08:18:56', '2021-11-15 08:18:56'),
	(24, 169, 'cde024a3b2db30ba95942a52f77b87547ed05f94.png', 'http://example.com/', 4, '2021-11-15 08:19:05', '2021-11-15 08:19:05'),
	(25, 169, 'afbc41af610db62a8e9531d50796cbc326f119d4.png', 'http://example.com/', 5, '2021-11-15 08:19:14', '2021-11-15 08:19:14'),
	(26, 170, 'eb486303456b8c47925caee964ae265bc20d2b87.png', 'http://example.com/', 1, '2021-11-15 08:18:36', '2021-11-15 08:18:36'),
	(27, 170, 'a6e10c8fde72bc90db2b22091188f79e417d4413.png', 'http://example.com/', 2, '2021-11-15 08:18:44', '2021-11-15 08:18:44'),
	(28, 170, '4fbff80e3f9e9ea08b12469ee3e60319d564f89b.png', 'http://example.com/', 3, '2021-11-15 08:18:56', '2021-11-15 08:18:56'),
	(29, 170, 'cde024a3b2db30ba95942a52f77b87547ed05f94.png', 'http://example.com/', 4, '2021-11-15 08:19:05', '2021-11-15 08:19:05'),
	(30, 170, 'afbc41af610db62a8e9531d50796cbc326f119d4.png', 'http://example.com/', 5, '2021-11-15 08:19:14', '2021-11-15 08:19:14'),
	(31, 171, 'eb486303456b8c47925caee964ae265bc20d2b87.png', 'http://example.com/', 1, '2021-11-15 08:18:36', '2021-11-15 08:18:36'),
	(32, 171, 'a6e10c8fde72bc90db2b22091188f79e417d4413.png', 'http://example.com/', 2, '2021-11-15 08:18:44', '2021-11-15 08:18:44'),
	(33, 171, '4fbff80e3f9e9ea08b12469ee3e60319d564f89b.png', 'http://example.com/', 3, '2021-11-15 08:18:56', '2021-11-15 08:18:56'),
	(34, 171, 'cde024a3b2db30ba95942a52f77b87547ed05f94.png', 'http://example.com/', 4, '2021-11-15 08:19:05', '2021-11-15 08:19:05'),
	(35, 171, 'afbc41af610db62a8e9531d50796cbc326f119d4.png', 'http://example.com/', 5, '2021-11-15 08:19:14', '2021-11-15 08:19:14');
/*!40000 ALTER TABLE `user_brands` ENABLE KEYS */;

-- Dumping structure for table wiebo.user_contacts
CREATE TABLE IF NOT EXISTS `user_contacts` (
  `id` int(11) NOT NULL AUTO_INCREMENT,
  `contact_form_image` text,
  `contact_form_title` varchar(255) DEFAULT NULL,
  `contact_form_subtitle` varchar(255) DEFAULT NULL,
  `contact_addresses` text,
  `contact_numbers` text,
  `contact_mails` varchar(255) DEFAULT NULL,
  `latitude` varchar(255) DEFAULT NULL,
  `longitude` varchar(255) DEFAULT NULL,
  `map_zoom` varchar(255) DEFAULT NULL,
  `user_id` int(11) NOT NULL,
  `language_id` int(11) NOT NULL,
  `created_at` timestamp NOT NULL DEFAULT CURRENT_TIMESTAMP,
  `updated_at` timestamp NOT NULL DEFAULT CURRENT_TIMESTAMP,
  PRIMARY KEY (`id`)
) ENGINE=InnoDB AUTO_INCREMENT=11 DEFAULT CHARSET=utf8;

-- Dumping data for table wiebo.user_contacts: ~6 rows (approximately)
/*!40000 ALTER TABLE `user_contacts` DISABLE KEYS */;
INSERT INTO `user_contacts` (`id`, `contact_form_image`, `contact_form_title`, `contact_form_subtitle`, `contact_addresses`, `contact_numbers`, `contact_mails`, `latitude`, `longitude`, `map_zoom`, `user_id`, `language_id`, `created_at`, `updated_at`) VALUES
	(5, 'cf7a1a499fea2a1a2f4afd121a6666a93141a714.png', 'Get In Touch', 'Need Any Help For Business & Consulting', 'Broklyn Street USA\r\nNewyork, USA', '+012 (345) 6789', 'support@gmail.com', '3.1580', '101.7118', '14', 169, 183, '2021-11-15 04:47:53', '2021-11-15 04:56:42'),
	(6, 'cf7a1a499fea2a1a2f4afd121a6666a93141a714.png', 'ابقى على تواصل', 'بحاجة إلى أي مساعدة للأعمال والاستشارات', 'شارع بروكلين الولايات المتحدة الأمريكية\r\nنيويورك ، الولايات المتحدة الأمريكية', '+012 (345) 6789', 'support@gmail.com', '3.1580', '101.7118', '14', 169, 184, '2021-11-15 04:47:53', '2021-11-15 04:56:42'),
	(7, 'cf7a1a499fea2a1a2f4afd121a6666a93141a714.png', 'Get In Touch', 'Need Any Help For Business & Consulting', 'Broklyn Street USA\r\nNewyork, USA', '+012 (345) 6789', 'support@gmail.com', '3.1580', '101.7118', '14', 170, 185, '2021-11-15 04:47:53', '2021-11-15 04:56:42'),
	(8, 'cf7a1a499fea2a1a2f4afd121a6666a93141a714.png', 'ابقى على تواصل', 'بحاجة إلى أي مساعدة للأعمال والاستشارات', 'شارع بروكلين الولايات المتحدة الأمريكية\r\nنيويورك ، الولايات المتحدة الأمريكية', '+012 (345) 6789', 'support@gmail.com', '3.1580', '101.7118', '14', 170, 186, '2021-11-15 04:47:53', '2021-11-15 04:56:42'),
	(9, 'cf7a1a499fea2a1a2f4afd121a6666a93141a714.png', 'Get In Touch', 'Need Any Help For Business & Consulting', 'Broklyn Street USA\r\nNewyork, USA', '+012 (345) 6789', 'support@gmail.com', '3.1580', '101.7118', '14', 171, 187, '2021-11-15 04:47:53', '2021-11-15 04:56:42'),
	(10, 'cf7a1a499fea2a1a2f4afd121a6666a93141a714.png', 'ابقى على تواصل', 'بحاجة إلى أي مساعدة للأعمال والاستشارات', 'شارع بروكلين الولايات المتحدة الأمريكية\r\nنيويورك ، الولايات المتحدة الأمريكية', '+012 (345) 6789', 'support@gmail.com', '3.1580', '101.7118', '14', 171, 188, '2021-11-15 04:47:53', '2021-11-15 04:56:42');
/*!40000 ALTER TABLE `user_contacts` ENABLE KEYS */;

-- Dumping structure for table wiebo.user_counter_informations
CREATE TABLE IF NOT EXISTS `user_counter_informations` (
  `id` int(11) NOT NULL AUTO_INCREMENT,
  `user_id` int(11) DEFAULT NULL,
  `language_id` int(11) DEFAULT NULL,
  `title` varchar(255) COLLATE utf8mb4_unicode_ci DEFAULT NULL,
  `icon` varchar(255) COLLATE utf8mb4_unicode_ci DEFAULT NULL,
  `count` int(11) DEFAULT NULL,
  `serial_number` int(11) NOT NULL DEFAULT '0',
  PRIMARY KEY (`id`)
) ENGINE=InnoDB AUTO_INCREMENT=97 DEFAULT CHARSET=utf8mb4 COLLATE=utf8mb4_unicode_ci;

-- Dumping data for table wiebo.user_counter_informations: ~24 rows (approximately)
/*!40000 ALTER TABLE `user_counter_informations` DISABLE KEYS */;
INSERT INTO `user_counter_informations` (`id`, `user_id`, `language_id`, `title`, `icon`, `count`, `serial_number`) VALUES
	(73, 169, 183, 'Completed Projects', 'fas fa-laptop-code', 800, 1),
	(74, 169, 183, 'Happy Customers', 'far fa-smile', 2000, 2),
	(75, 169, 183, 'Countries', 'fas fa-globe-americas', 120, 3),
	(76, 169, 183, 'Positive Reviews', 'far fa-star', 500, 4),
	(77, 169, 184, 'المشاريع المنجزة', 'fas fa-laptop-code', 800, 1),
	(78, 169, 184, 'الزبائن سعداء', 'far fa-smile', 2000, 2),
	(79, 169, 184, 'بلدان', 'fas fa-globe-americas', 120, 3),
	(80, 169, 184, 'مراجعات إيجابية', 'far fa-star', 500, 4),
	(81, 170, 185, 'Completed Projects', 'fas fa-laptop-code', 800, 1),
	(82, 170, 185, 'Happy Customers', 'far fa-smile', 2000, 2),
	(83, 170, 185, 'Countries', 'fas fa-globe-americas', 120, 3),
	(84, 170, 185, 'Positive Reviews', 'far fa-star', 500, 4),
	(85, 170, 186, 'المشاريع المنجزة', 'fas fa-laptop-code', 800, 1),
	(86, 170, 186, 'الزبائن سعداء', 'far fa-smile', 2000, 2),
	(87, 170, 186, 'بلدان', 'fas fa-globe-americas', 120, 3),
	(88, 170, 186, 'مراجعات إيجابية', 'far fa-star', 500, 4),
	(89, 171, 187, 'Completed Projects', 'fas fa-laptop-code', 800, 1),
	(90, 171, 187, 'Happy Customers', 'far fa-smile', 2000, 2),
	(91, 171, 187, 'Countries', 'fas fa-globe-americas', 120, 3),
	(92, 171, 187, 'Positive Reviews', 'far fa-star', 500, 4),
	(93, 171, 188, 'المشاريع المنجزة', 'fas fa-laptop-code', 800, 1),
	(94, 171, 188, 'الزبائن سعداء', 'far fa-smile', 2000, 2),
	(95, 171, 188, 'بلدان', 'fas fa-globe-americas', 120, 3),
	(96, 171, 188, 'مراجعات إيجابية', 'far fa-star', 500, 4);
/*!40000 ALTER TABLE `user_counter_informations` ENABLE KEYS */;

-- Dumping structure for table wiebo.user_custom_domains
CREATE TABLE IF NOT EXISTS `user_custom_domains` (
  `id` int(11) NOT NULL AUTO_INCREMENT,
  `user_id` int(11) NOT NULL,
  `requested_domain` varchar(255) DEFAULT NULL,
  `current_domain` varchar(255) DEFAULT NULL,
  `status` tinyint(4) NOT NULL COMMENT '0 - Pending, 1 - Connected, 2 - Rejected, 3 - Removed',
  `created_at` timestamp NOT NULL DEFAULT CURRENT_TIMESTAMP,
  `updated_at` timestamp NOT NULL DEFAULT CURRENT_TIMESTAMP,
  PRIMARY KEY (`id`)
) ENGINE=InnoDB AUTO_INCREMENT=5 DEFAULT CHARSET=utf8;

-- Dumping data for table wiebo.user_custom_domains: ~1 rows (approximately)
/*!40000 ALTER TABLE `user_custom_domains` DISABLE KEYS */;
INSERT INTO `user_custom_domains` (`id`, `user_id`, `requested_domain`, `current_domain`, `status`, `created_at`, `updated_at`) VALUES
	(4, 165, 'abc.test', '0', 1, '2021-11-04 06:58:57', '2021-11-04 06:59:19');
/*!40000 ALTER TABLE `user_custom_domains` ENABLE KEYS */;

-- Dumping structure for table wiebo.user_faqs
CREATE TABLE IF NOT EXISTS `user_faqs` (
  `id` int(11) NOT NULL AUTO_INCREMENT,
  `language_id` int(11) NOT NULL,
  `user_id` int(11) NOT NULL,
  `question` varchar(255) NOT NULL,
  `answer` text NOT NULL,
  `serial_number` int(11) NOT NULL,
  `featured` tinyint(4) NOT NULL DEFAULT '0' COMMENT '1- featured, 0 - not featured',
  `created_at` timestamp NOT NULL DEFAULT CURRENT_TIMESTAMP,
  `updated_at` timestamp NOT NULL DEFAULT CURRENT_TIMESTAMP,
  PRIMARY KEY (`id`)
) ENGINE=InnoDB AUTO_INCREMENT=62 DEFAULT CHARSET=utf8;

-- Dumping data for table wiebo.user_faqs: ~42 rows (approximately)
/*!40000 ALTER TABLE `user_faqs` DISABLE KEYS */;
INSERT INTO `user_faqs` (`id`, `language_id`, `user_id`, `question`, `answer`, `serial_number`, `featured`, `created_at`, `updated_at`) VALUES
	(18, 183, 169, 'There are many variations of passages of Lorem Ipsum available', 'There are many variations of passages of Lorem Ipsum available, but the majority have suffered alteration in some form, by injected humour, or randomised words which don\'t look even slightly believable', 1, 0, '2021-11-15 06:57:52', '2021-11-15 06:57:52'),
	(19, 183, 169, 'If you are going to use a passage of Lorem Ipsum', 'If you are going to use a passage of Lorem Ipsum, you need to be sure there isn\'t anything embarrassing hidden in the middle of text. All the Lorem Ipsum generators on the Internet tend to repeat predefined chunks as necessary', 2, 0, '2021-11-15 07:03:38', '2021-11-15 07:03:38'),
	(20, 183, 169, 'when an unknown printer took a galley of type and scrambled', 'It is a long established fact that a reader will be distracted by the readable content of a page when looking at its layout. The point of using Lorem Ipsum is that it has a more-or-less normal distribution of letters', 3, 0, '2021-11-15 07:04:23', '2021-11-15 07:04:23'),
	(21, 183, 169, 'There are many variations of passages of Lorem Ipsum available', 'There are many variations of passages of Lorem Ipsum available, but the majority have suffered alteration in some form, by injected humour, or randomised words which don\'t look even slightly believable', 1, 0, '2021-11-15 06:57:52', '2021-11-15 06:57:52'),
	(22, 183, 169, 'If you are going to use a passage of Lorem Ipsum', 'If you are going to use a passage of Lorem Ipsum, you need to be sure there isn\'t anything embarrassing hidden in the middle of text. All the Lorem Ipsum generators on the Internet tend to repeat predefined chunks as necessary', 2, 0, '2021-11-15 07:03:38', '2021-11-15 07:03:38'),
	(23, 183, 169, 'when an unknown printer took a galley of type and scrambled', 'It is a long established fact that a reader will be distracted by the readable content of a page when looking at its layout. The point of using Lorem Ipsum is that it has a more-or-less normal distribution of letters', 3, 0, '2021-11-15 07:04:23', '2021-11-15 07:04:23'),
	(24, 183, 169, 'There are many variations of passages of Lorem Ipsum available', 'There are many variations of passages of Lorem Ipsum available, but the majority have suffered alteration in some form, by injected humour, or randomised words which don\'t look even slightly believable', 1, 0, '2021-11-15 06:57:52', '2021-11-15 06:57:52'),
	(27, 184, 169, 'هناك العديد من الأنواع المتوفرة لنصوص لوريم إيبسوم', 'هناك العديد من الأشكال المتوفرة لنصوص لوريم إيبسوم ، لكن الغالبية قد تعرضت للتغيير بشكل ما ، عن طريق إدخال بعض الفكاهة أو الكلمات العشوائية التي لا تبدو قابلة للتصديق إلى حد ما', 1, 0, '2021-11-15 06:57:52', '2021-11-15 06:57:52'),
	(28, 184, 169, 'إذا كنت ستستخدم فقرة من لوريم إيبسوم', 'إذا كنت ستستخدم مقطعًا من لوريم إيبسوم ، فعليك التأكد من عدم وجود أي شيء محرج مخفي في منتصف النص. تميل جميع مولدات Lorem Ipsum على الإنترنت إلى تكرار الأجزاء المحددة مسبقًا حسب الضرورة', 2, 0, '2021-11-15 07:03:38', '2021-11-15 07:03:38'),
	(29, 184, 169, 'عندما أخذت طابعة غير معروفة لوحًا من النوع وتدافعت', 'هناك حقيقة مثبتة منذ زمن طويل وهي أن المحتوى المقروء لصفحة ما سيلهي القارئ عن التركيز على الشكل الخارجي للنص أو شكل توضع الفقرات في الصفحة التي يقرأها. الهدف من استخدام Lorem Ipsum هو أنه يحتوي على توزيع طبيعي للأحرف إلى حد ما', 3, 0, '2021-11-15 07:04:23', '2021-11-15 07:04:23'),
	(30, 184, 169, 'هناك العديد من الأنواع المتوفرة لنصوص لوريم إيبسوم', 'هناك العديد من الأشكال المتوفرة لنصوص لوريم إيبسوم ، لكن الغالبية قد تعرضت للتغيير بشكل ما ، عن طريق إدخال بعض الفكاهة أو الكلمات العشوائية التي لا تبدو قابلة للتصديق إلى حد ما', 1, 0, '2021-11-15 06:57:52', '2021-11-15 06:57:52'),
	(31, 184, 169, 'إذا كنت ستستخدم فقرة من لوريم إيبسوم', 'إذا كنت ستستخدم مقطعًا من لوريم إيبسوم ، فعليك التأكد من عدم وجود أي شيء محرج مخفي في منتصف النص. تميل جميع مولدات Lorem Ipsum على الإنترنت إلى تكرار الأجزاء المحددة مسبقًا حسب الضرورة', 2, 0, '2021-11-15 07:03:38', '2021-11-15 07:03:38'),
	(32, 184, 169, 'عندما أخذت طابعة غير معروفة لوحًا من النوع وتدافعت', 'هناك حقيقة مثبتة منذ زمن طويل وهي أن المحتوى المقروء لصفحة ما سيلهي القارئ عن التركيز على الشكل الخارجي للنص أو شكل توضع الفقرات في الصفحة التي يقرأها. الهدف من استخدام Lorem Ipsum هو أنه يحتوي على توزيع طبيعي للأحرف إلى حد ما', 3, 0, '2021-11-15 07:04:23', '2021-11-15 07:04:23'),
	(33, 184, 169, 'هناك العديد من الأنواع المتوفرة لنصوص لوريم إيبسوم', 'هناك العديد من الأشكال المتوفرة لنصوص لوريم إيبسوم ، لكن الغالبية قد تعرضت للتغيير بشكل ما ، عن طريق إدخال بعض الفكاهة أو الكلمات العشوائية التي لا تبدو قابلة للتصديق إلى حد ما', 1, 0, '2021-11-15 06:57:52', '2021-11-15 06:57:52'),
	(34, 185, 170, 'There are many variations of passages of Lorem Ipsum available', 'There are many variations of passages of Lorem Ipsum available, but the majority have suffered alteration in some form, by injected humour, or randomised words which don\'t look even slightly believable', 1, 0, '2021-11-15 06:57:52', '2021-11-15 06:57:52'),
	(35, 185, 170, 'If you are going to use a passage of Lorem Ipsum', 'If you are going to use a passage of Lorem Ipsum, you need to be sure there isn\'t anything embarrassing hidden in the middle of text. All the Lorem Ipsum generators on the Internet tend to repeat predefined chunks as necessary', 2, 0, '2021-11-15 07:03:38', '2021-11-15 07:03:38'),
	(36, 185, 170, 'when an unknown printer took a galley of type and scrambled', 'It is a long established fact that a reader will be distracted by the readable content of a page when looking at its layout. The point of using Lorem Ipsum is that it has a more-or-less normal distribution of letters', 3, 0, '2021-11-15 07:04:23', '2021-11-15 07:04:23'),
	(37, 185, 170, 'There are many variations of passages of Lorem Ipsum available', 'There are many variations of passages of Lorem Ipsum available, but the majority have suffered alteration in some form, by injected humour, or randomised words which don\'t look even slightly believable', 1, 0, '2021-11-15 06:57:52', '2021-11-15 06:57:52'),
	(38, 185, 170, 'If you are going to use a passage of Lorem Ipsum', 'If you are going to use a passage of Lorem Ipsum, you need to be sure there isn\'t anything embarrassing hidden in the middle of text. All the Lorem Ipsum generators on the Internet tend to repeat predefined chunks as necessary', 2, 0, '2021-11-15 07:03:38', '2021-11-15 07:03:38'),
	(39, 185, 170, 'when an unknown printer took a galley of type and scrambled', 'It is a long established fact that a reader will be distracted by the readable content of a page when looking at its layout. The point of using Lorem Ipsum is that it has a more-or-less normal distribution of letters', 3, 0, '2021-11-15 07:04:23', '2021-11-15 07:04:23'),
	(40, 185, 170, 'There are many variations of passages of Lorem Ipsum available', 'There are many variations of passages of Lorem Ipsum available, but the majority have suffered alteration in some form, by injected humour, or randomised words which don\'t look even slightly believable', 1, 0, '2021-11-15 06:57:52', '2021-11-15 06:57:52'),
	(41, 186, 170, 'هناك العديد من الأنواع المتوفرة لنصوص لوريم إيبسوم', 'هناك العديد من الأشكال المتوفرة لنصوص لوريم إيبسوم ، لكن الغالبية قد تعرضت للتغيير بشكل ما ، عن طريق إدخال بعض الفكاهة أو الكلمات العشوائية التي لا تبدو قابلة للتصديق إلى حد ما', 1, 0, '2021-11-15 06:57:52', '2021-11-15 06:57:52'),
	(42, 186, 170, 'إذا كنت ستستخدم فقرة من لوريم إيبسوم', 'إذا كنت ستستخدم مقطعًا من لوريم إيبسوم ، فعليك التأكد من عدم وجود أي شيء محرج مخفي في منتصف النص. تميل جميع مولدات Lorem Ipsum على الإنترنت إلى تكرار الأجزاء المحددة مسبقًا حسب الضرورة', 2, 0, '2021-11-15 07:03:38', '2021-11-15 07:03:38'),
	(43, 186, 170, 'عندما أخذت طابعة غير معروفة لوحًا من النوع وتدافعت', 'هناك حقيقة مثبتة منذ زمن طويل وهي أن المحتوى المقروء لصفحة ما سيلهي القارئ عن التركيز على الشكل الخارجي للنص أو شكل توضع الفقرات في الصفحة التي يقرأها. الهدف من استخدام Lorem Ipsum هو أنه يحتوي على توزيع طبيعي للأحرف إلى حد ما', 3, 0, '2021-11-15 07:04:23', '2021-11-15 07:04:23'),
	(44, 186, 170, 'هناك العديد من الأنواع المتوفرة لنصوص لوريم إيبسوم', 'هناك العديد من الأشكال المتوفرة لنصوص لوريم إيبسوم ، لكن الغالبية قد تعرضت للتغيير بشكل ما ، عن طريق إدخال بعض الفكاهة أو الكلمات العشوائية التي لا تبدو قابلة للتصديق إلى حد ما', 1, 0, '2021-11-15 06:57:52', '2021-11-15 06:57:52'),
	(45, 186, 170, 'إذا كنت ستستخدم فقرة من لوريم إيبسوم', 'إذا كنت ستستخدم مقطعًا من لوريم إيبسوم ، فعليك التأكد من عدم وجود أي شيء محرج مخفي في منتصف النص. تميل جميع مولدات Lorem Ipsum على الإنترنت إلى تكرار الأجزاء المحددة مسبقًا حسب الضرورة', 2, 0, '2021-11-15 07:03:38', '2021-11-15 07:03:38'),
	(46, 186, 170, 'عندما أخذت طابعة غير معروفة لوحًا من النوع وتدافعت', 'هناك حقيقة مثبتة منذ زمن طويل وهي أن المحتوى المقروء لصفحة ما سيلهي القارئ عن التركيز على الشكل الخارجي للنص أو شكل توضع الفقرات في الصفحة التي يقرأها. الهدف من استخدام Lorem Ipsum هو أنه يحتوي على توزيع طبيعي للأحرف إلى حد ما', 3, 0, '2021-11-15 07:04:23', '2021-11-15 07:04:23'),
	(47, 186, 170, 'هناك العديد من الأنواع المتوفرة لنصوص لوريم إيبسوم', 'هناك العديد من الأشكال المتوفرة لنصوص لوريم إيبسوم ، لكن الغالبية قد تعرضت للتغيير بشكل ما ، عن طريق إدخال بعض الفكاهة أو الكلمات العشوائية التي لا تبدو قابلة للتصديق إلى حد ما', 1, 0, '2021-11-15 06:57:52', '2021-11-15 06:57:52'),
	(48, 187, 171, 'There are many variations of passages of Lorem Ipsum available', 'There are many variations of passages of Lorem Ipsum available, but the majority have suffered alteration in some form, by injected humour, or randomised words which don\'t look even slightly believable', 1, 1, '2021-11-15 06:57:52', '2021-11-15 06:57:52'),
	(49, 187, 171, 'If you are going to use a passage of Lorem Ipsum', 'If you are going to use a passage of Lorem Ipsum, you need to be sure there isn\'t anything embarrassing hidden in the middle of text. All the Lorem Ipsum generators on the Internet tend to repeat predefined chunks as necessary', 2, 1, '2021-11-15 07:03:38', '2021-11-15 07:03:38'),
	(50, 187, 171, 'when an unknown printer took a galley of type and scrambled', 'It is a long established fact that a reader will be distracted by the readable content of a page when looking at its layout. The point of using Lorem Ipsum is that it has a more-or-less normal distribution of letters', 3, 1, '2021-11-15 07:04:23', '2021-11-15 07:04:23'),
	(51, 187, 171, 'There are many variations of passages of Lorem Ipsum available', 'There are many variations of passages of Lorem Ipsum available, but the majority have suffered alteration in some form, by injected humour, or randomised words which don\'t look even slightly believable', 1, 0, '2021-11-15 06:57:52', '2021-11-15 06:57:52'),
	(52, 187, 171, 'If you are going to use a passage of Lorem Ipsum', 'If you are going to use a passage of Lorem Ipsum, you need to be sure there isn\'t anything embarrassing hidden in the middle of text. All the Lorem Ipsum generators on the Internet tend to repeat predefined chunks as necessary', 2, 0, '2021-11-15 07:03:38', '2021-11-15 07:03:38'),
	(53, 187, 171, 'when an unknown printer took a galley of type and scrambled', 'It is a long established fact that a reader will be distracted by the readable content of a page when looking at its layout. The point of using Lorem Ipsum is that it has a more-or-less normal distribution of letters', 3, 0, '2021-11-15 07:04:23', '2021-11-15 07:04:23'),
	(54, 187, 171, 'There are many variations of passages of Lorem Ipsum available', 'There are many variations of passages of Lorem Ipsum available, but the majority have suffered alteration in some form, by injected humour, or randomised words which don\'t look even slightly believable', 1, 0, '2021-11-15 06:57:52', '2021-11-15 06:57:52'),
	(55, 188, 171, 'هناك العديد من الأنواع المتوفرة لنصوص لوريم إيبسوم', 'هناك العديد من الأشكال المتوفرة لنصوص لوريم إيبسوم ، لكن الغالبية قد تعرضت للتغيير بشكل ما ، عن طريق إدخال بعض الفكاهة أو الكلمات العشوائية التي لا تبدو قابلة للتصديق إلى حد ما', 1, 1, '2021-11-15 06:57:52', '2021-11-15 06:57:52'),
	(56, 188, 171, 'إذا كنت ستستخدم فقرة من لوريم إيبسوم', 'إذا كنت ستستخدم مقطعًا من لوريم إيبسوم ، فعليك التأكد من عدم وجود أي شيء محرج مخفي في منتصف النص. تميل جميع مولدات Lorem Ipsum على الإنترنت إلى تكرار الأجزاء المحددة مسبقًا حسب الضرورة', 2, 1, '2021-11-15 07:03:38', '2021-11-15 07:03:38'),
	(57, 188, 171, 'عندما أخذت طابعة غير معروفة لوحًا من النوع وتدافعت', 'هناك حقيقة مثبتة منذ زمن طويل وهي أن المحتوى المقروء لصفحة ما سيلهي القارئ عن التركيز على الشكل الخارجي للنص أو شكل توضع الفقرات في الصفحة التي يقرأها. الهدف من استخدام Lorem Ipsum هو أنه يحتوي على توزيع طبيعي للأحرف إلى حد ما', 3, 1, '2021-11-15 07:04:23', '2021-11-15 07:04:23'),
	(58, 188, 171, 'هناك العديد من الأنواع المتوفرة لنصوص لوريم إيبسوم', 'هناك العديد من الأشكال المتوفرة لنصوص لوريم إيبسوم ، لكن الغالبية قد تعرضت للتغيير بشكل ما ، عن طريق إدخال بعض الفكاهة أو الكلمات العشوائية التي لا تبدو قابلة للتصديق إلى حد ما', 1, 0, '2021-11-15 06:57:52', '2021-11-15 06:57:52'),
	(59, 188, 171, 'إذا كنت ستستخدم فقرة من لوريم إيبسوم', 'إذا كنت ستستخدم مقطعًا من لوريم إيبسوم ، فعليك التأكد من عدم وجود أي شيء محرج مخفي في منتصف النص. تميل جميع مولدات Lorem Ipsum على الإنترنت إلى تكرار الأجزاء المحددة مسبقًا حسب الضرورة', 2, 0, '2021-11-15 07:03:38', '2021-11-15 07:03:38'),
	(60, 188, 171, 'عندما أخذت طابعة غير معروفة لوحًا من النوع وتدافعت', 'هناك حقيقة مثبتة منذ زمن طويل وهي أن المحتوى المقروء لصفحة ما سيلهي القارئ عن التركيز على الشكل الخارجي للنص أو شكل توضع الفقرات في الصفحة التي يقرأها. الهدف من استخدام Lorem Ipsum هو أنه يحتوي على توزيع طبيعي للأحرف إلى حد ما', 3, 0, '2021-11-15 07:04:23', '2021-11-15 07:04:23'),
	(61, 188, 171, 'هناك العديد من الأنواع المتوفرة لنصوص لوريم إيبسوم', 'هناك العديد من الأشكال المتوفرة لنصوص لوريم إيبسوم ، لكن الغالبية قد تعرضت للتغيير بشكل ما ، عن طريق إدخال بعض الفكاهة أو الكلمات العشوائية التي لا تبدو قابلة للتصديق إلى حد ما', 1, 0, '2021-11-15 06:57:52', '2021-11-15 06:57:52');
/*!40000 ALTER TABLE `user_faqs` ENABLE KEYS */;

-- Dumping structure for table wiebo.user_footer_quick_links
CREATE TABLE IF NOT EXISTS `user_footer_quick_links` (
  `id` int(11) NOT NULL AUTO_INCREMENT,
  `language_id` int(11) NOT NULL,
  `title` varchar(255) NOT NULL,
  `url` varchar(255) NOT NULL,
  `serial_number` int(11) NOT NULL,
  `user_id` int(11) NOT NULL,
  `created_at` timestamp NOT NULL DEFAULT CURRENT_TIMESTAMP,
  `updated_at` timestamp NOT NULL DEFAULT CURRENT_TIMESTAMP,
  PRIMARY KEY (`id`)
) ENGINE=InnoDB AUTO_INCREMENT=41 DEFAULT CHARSET=utf8;

-- Dumping data for table wiebo.user_footer_quick_links: ~24 rows (approximately)
/*!40000 ALTER TABLE `user_footer_quick_links` DISABLE KEYS */;
INSERT INTO `user_footer_quick_links` (`id`, `language_id`, `title`, `url`, `serial_number`, `user_id`, `created_at`, `updated_at`) VALUES
	(17, 183, 'About Us', 'http://example.com/', 1, 169, '2021-11-15 06:22:12', '2021-11-15 06:22:12'),
	(18, 183, 'Terms & Conditions', 'http://example.com/', 2, 169, '2021-11-15 06:22:26', '2021-11-15 06:22:26'),
	(19, 183, 'Privacy Policy', 'http://example.com/', 3, 169, '2021-11-15 06:22:41', '2021-11-15 06:22:41'),
	(20, 183, 'Contact Us', 'http://example.com/', 4, 169, '2021-11-15 06:45:32', '2021-11-15 06:45:32'),
	(21, 184, 'معلومات عنا', 'http://example.com/', 1, 169, '2021-11-15 06:22:12', '2021-11-15 06:22:12'),
	(22, 184, 'البنود و الظروف', 'http://example.com/', 2, 169, '2021-11-15 06:22:26', '2021-11-15 06:22:26'),
	(23, 184, 'سياسة خاصة', 'http://example.com/', 3, 169, '2021-11-15 06:22:41', '2021-11-15 06:22:41'),
	(24, 184, 'اتصل بنا', 'http://example.com/', 4, 169, '2021-11-15 06:45:32', '2021-11-15 06:45:32'),
	(25, 185, 'About Us', 'http://example.com/', 1, 170, '2021-11-15 06:22:12', '2021-11-15 06:22:12'),
	(26, 185, 'Terms & Conditions', 'http://example.com/', 2, 170, '2021-11-15 06:22:26', '2021-11-15 06:22:26'),
	(27, 185, 'Privacy Policy', 'http://example.com/', 3, 170, '2021-11-15 06:22:41', '2021-11-15 06:22:41'),
	(28, 185, 'Contact Us', 'http://example.com/', 4, 170, '2021-11-15 06:45:32', '2021-11-15 06:45:32'),
	(29, 186, 'معلومات عنا', 'http://example.com/', 1, 170, '2021-11-15 06:22:12', '2021-11-15 06:22:12'),
	(30, 186, 'البنود و الظروف', 'http://example.com/', 2, 170, '2021-11-15 06:22:26', '2021-11-15 06:22:26'),
	(31, 186, 'سياسة خاصة', 'http://example.com/', 3, 170, '2021-11-15 06:22:41', '2021-11-15 06:22:41'),
	(32, 186, 'اتصل بنا', 'http://example.com/', 4, 170, '2021-11-15 06:45:32', '2021-11-15 06:45:32'),
	(33, 187, 'About Us', 'http://example.com/', 1, 171, '2021-11-15 06:22:12', '2021-11-15 06:22:12'),
	(34, 187, 'Terms & Conditions', 'http://example.com/', 2, 171, '2021-11-15 06:22:26', '2021-11-15 06:22:26'),
	(35, 187, 'Privacy Policy', 'http://example.com/', 3, 171, '2021-11-15 06:22:41', '2021-11-15 06:22:41'),
	(36, 187, 'Contact Us', 'http://example.com/', 4, 171, '2021-11-15 06:45:32', '2021-11-15 06:45:32'),
	(37, 188, 'معلومات عنا', 'http://example.com/', 1, 171, '2021-11-15 06:22:12', '2021-11-15 06:22:12'),
	(38, 188, 'البنود و الظروف', 'http://example.com/', 2, 171, '2021-11-15 06:22:26', '2021-11-15 06:22:26'),
	(39, 188, 'سياسة خاصة', 'http://example.com/', 3, 171, '2021-11-15 06:22:41', '2021-11-15 06:22:41'),
	(40, 188, 'اتصل بنا', 'http://example.com/', 4, 171, '2021-11-15 06:45:32', '2021-11-15 06:45:32');
/*!40000 ALTER TABLE `user_footer_quick_links` ENABLE KEYS */;

-- Dumping structure for table wiebo.user_footer_texts
CREATE TABLE IF NOT EXISTS `user_footer_texts` (
  `id` int(11) NOT NULL AUTO_INCREMENT,
  `language_id` int(11) NOT NULL,
  `logo` text NOT NULL,
  `about_company` text,
  `copyright_text` text,
  `user_id` int(11) NOT NULL,
  `created_at` timestamp NOT NULL DEFAULT CURRENT_TIMESTAMP,
  `updated_at` timestamp NOT NULL DEFAULT CURRENT_TIMESTAMP,
  PRIMARY KEY (`id`)
) ENGINE=InnoDB AUTO_INCREMENT=14 DEFAULT CHARSET=utf8;

-- Dumping data for table wiebo.user_footer_texts: ~6 rows (approximately)
/*!40000 ALTER TABLE `user_footer_texts` DISABLE KEYS */;
INSERT INTO `user_footer_texts` (`id`, `language_id`, `logo`, `about_company`, `copyright_text`, `user_id`, `created_at`, `updated_at`) VALUES
	(6, 183, '2636f58042ba53a3a8b1959e290298b9987a524d.png', 'Power of choice is untrammelled &amp; when nothing prevents our being able', 'Copyright © 2021. All rights reserved by Rolan', 169, '2021-11-15 00:21:51', '2021-11-15 04:45:36'),
	(7, 184, '2636f58042ba53a3a8b1959e290298b9987a524d.png', 'قوة الاختيار غير مقيدة وأمبير. عندما لا شيء يمنعنا من أن نكون قادرين', 'حقوق النشر © 2021. جميع الحقوق محفوظة لـ Rolan', 169, '2021-11-15 00:21:51', '2021-11-15 04:45:36'),
	(9, 185, 'e5ee3f6d54f0664b0b3879ae334e9b24bbf58eb1.png', 'Power of choice is untrammelled &amp; when nothing prevents our being able', 'Copyright © 2021. All rights reserved by Rolan', 170, '2021-11-15 00:21:51', '2021-11-17 02:59:30'),
	(10, 186, '146ebe344d8957aab6e436778c34bba190b3f1b0.png', 'قوة الاختيار غير مقيدة وأمبير. عندما لا شيء يمنعنا من أن نكون قادرين', 'حقوق النشر © 2021. جميع الحقوق محفوظة لـ Rolan', 170, '2021-11-15 00:21:51', '2021-11-17 02:59:35'),
	(12, 187, 'e5ee3f6d54f0664b0b3879ae334e9b24bbf58eb1.png', 'Power of choice is untrammelled &amp; when nothing prevents our being able', 'Copyright © 2021. All rights reserved by Rolan', 171, '2021-11-15 00:21:51', '2021-11-17 02:59:30'),
	(13, 188, '146ebe344d8957aab6e436778c34bba190b3f1b0.png', 'قوة الاختيار غير مقيدة وأمبير. عندما لا شيء يمنعنا من أن نكون قادرين', 'حقوق النشر © 2021. جميع الحقوق محفوظة لـ Rolan', 171, '2021-11-15 00:21:51', '2021-11-17 02:59:35');
/*!40000 ALTER TABLE `user_footer_texts` ENABLE KEYS */;

-- Dumping structure for table wiebo.user_hero_sliders
CREATE TABLE IF NOT EXISTS `user_hero_sliders` (
  `id` int(11) NOT NULL AUTO_INCREMENT,
  `language_id` int(11) NOT NULL,
  `img` varchar(255) NOT NULL,
  `title` varchar(255) DEFAULT NULL,
  `subtitle` varchar(255) DEFAULT NULL,
  `btn_name` varchar(50) DEFAULT NULL,
  `btn_url` varchar(255) DEFAULT NULL,
  `serial_number` int(11) NOT NULL,
  `user_id` int(11) NOT NULL,
  `created_at` timestamp NOT NULL DEFAULT CURRENT_TIMESTAMP,
  `updated_at` timestamp NOT NULL DEFAULT CURRENT_TIMESTAMP,
  PRIMARY KEY (`id`)
) ENGINE=InnoDB AUTO_INCREMENT=32 DEFAULT CHARSET=utf8;

-- Dumping data for table wiebo.user_hero_sliders: ~12 rows (approximately)
/*!40000 ALTER TABLE `user_hero_sliders` DISABLE KEYS */;
INSERT INTO `user_hero_sliders` (`id`, `language_id`, `img`, `title`, `subtitle`, `btn_name`, `btn_url`, `serial_number`, `user_id`, `created_at`, `updated_at`) VALUES
	(18, 183, 'eb484c09aed142d650b07037628b05c58de89234.jpg', 'Business & Consulting', 'Making Difference Growth Your Business With Modern Ideas', 'Our Services', 'http://example.com/', 1, 169, '2021-11-15 00:27:35', '2021-11-15 00:27:35'),
	(19, 183, '27b37161b7bda5cef63b43fe200745cc78b15dcd.jpg', 'Business & Consulting', 'Making Difference Growth Your Business With Modern Ideas', 'Our Services', 'http://example.com/', 2, 169, '2021-11-15 00:27:35', '2021-11-15 00:28:31'),
	(20, 183, '6e002646936fe940ca728daccb451cff78d7696f.jpg', 'Business & Consulting', 'Making Difference Growth Your Business With Modern Ideas', 'Our Services', 'http://example.com/', 3, 169, '2021-11-15 00:27:35', '2021-11-15 00:29:00'),
	(21, 184, '27b37161b7bda5cef63b43fe200745cc78b15dcd.jpg', 'استشارات الاعمال', 'صنع الفارق ينمو عملك بالأفكار الحديثة', 'خدماتنا', 'http://example.com/', 2, 169, '2021-11-15 00:27:35', '2021-11-15 00:28:31'),
	(22, 184, '6e002646936fe940ca728daccb451cff78d7696f.jpg', 'استشارات الاعمال', 'صنع الفارق ينمو عملك بالأفكار الحديثة', 'خدماتنا', 'http://example.com/', 3, 169, '2021-11-15 00:27:35', '2021-11-15 00:29:00'),
	(23, 184, 'eb484c09aed142d650b07037628b05c58de89234.jpg', 'استشارات الاعمال', 'صنع الفارق ينمو عملك بالأفكار الحديثة', 'خدماتنا', 'http://example.com/', 1, 169, '2021-11-15 00:27:35', '2021-11-15 00:27:35'),
	(24, 185, 'a1b2b98a596483b6c8c1e32b90ef8fde75a10b09.jpg', 'Take Your Great Idea To Great Business', 'Sedut perspiciatis unde omnis iste natus error sit voluptatem accusantium doloremque laudanti totam raperiaeaque ipsa quaeab', 'Our Services', 'http://example.com/', 1, 170, '2021-11-16 10:07:17', '2021-11-16 10:07:17'),
	(25, 185, '5c11bc3c0e1825a0fd2abfad8ccd23060be8cdea.jpg', 'Take Your Great Idea To Great Business', 'Sedut perspiciatis unde omnis iste natus error sit voluptatem accusantium doloremque laudanti totam raperiaeaque ipsa quaeab', 'Our Services', 'http://example.com/', 2, 170, '2021-11-16 10:07:17', '2021-11-16 10:08:40'),
	(26, 185, '16819a8861908d3ea0145d637fd2e1d1d8e49de3.jpg', 'Take Your Great Idea To Great Business', 'Sedut perspiciatis unde omnis iste natus error sit voluptatem accusantium doloremque laudanti totam raperiaeaque ipsa quaeab', 'Our Services', 'http://example.com/', 3, 170, '2021-11-16 10:07:17', '2021-11-16 10:08:51'),
	(27, 186, 'a1b2b98a596483b6c8c1e32b90ef8fde75a10b09.jpg', 'خذ فكرتك العظيمة إلى عمل عظيم', 'تدرك من أين يولد كل هذا الخطأ', 'خدماتنا', 'http://example.com/', 1, 170, '2021-11-16 10:07:17', '2021-11-16 10:07:17'),
	(30, 186, '8ad91c539a77b3910ca9e5b76e98c199f3294898.jpg', 'خذ فكرتك العظيمة إلى عمل عظيم', 'تدرك من أين يولد كل هذا الخطأ', 'خدماتنا', 'http://example.com/', -1, 170, '2021-11-16 10:07:17', '2021-11-17 06:56:41'),
	(31, 186, 'd9f02779f78a7933f6c318c8287e0728045352c1.jpg', 'خذ فكرتك العظيمة إلى عمل عظيم', 'تدرك من أين يولد كل هذا الخطأ', 'خدماتنا', 'http://example.com/', 3, 170, '2021-11-16 10:07:17', '2021-11-17 06:56:49');
/*!40000 ALTER TABLE `user_hero_sliders` ENABLE KEYS */;

-- Dumping structure for table wiebo.user_hero_statics
CREATE TABLE IF NOT EXISTS `user_hero_statics` (
  `id` int(11) NOT NULL AUTO_INCREMENT,
  `language_id` int(11) NOT NULL,
  `user_id` int(11) NOT NULL,
  `img` text,
  `title` varchar(255) DEFAULT NULL,
  `subtitle` varchar(255) DEFAULT NULL,
  `btn_name` varchar(50) DEFAULT NULL,
  `btn_url` varchar(255) DEFAULT NULL,
  `created_at` timestamp NOT NULL DEFAULT CURRENT_TIMESTAMP,
  `updated_at` timestamp NOT NULL DEFAULT CURRENT_TIMESTAMP,
  PRIMARY KEY (`id`)
) ENGINE=InnoDB AUTO_INCREMENT=7 DEFAULT CHARSET=utf8;

-- Dumping data for table wiebo.user_hero_statics: ~2 rows (approximately)
/*!40000 ALTER TABLE `user_hero_statics` DISABLE KEYS */;
INSERT INTO `user_hero_statics` (`id`, `language_id`, `user_id`, `img`, `title`, `subtitle`, `btn_name`, `btn_url`, `created_at`, `updated_at`) VALUES
	(5, 187, 171, '820ff51b6c9d19e91c84207e69eafb2dab76a07f.png', 'Business & Consulting', 'Perfect Agency For Innovative Business', 'Our Services', 'http://example.com/', '2021-11-17 07:59:24', '2021-11-17 07:59:24'),
	(6, 188, 171, '820ff51b6c9d19e91c84207e69eafb2dab76a07f.png', 'استشارات الاعمال', 'الوكالة المثالية للأعمال المبتكرة', 'خدماتنا', 'http://example.com/', '2021-11-17 07:59:24', '2021-11-17 07:59:24');
/*!40000 ALTER TABLE `user_hero_statics` ENABLE KEYS */;

-- Dumping structure for table wiebo.user_home_page_texts
CREATE TABLE IF NOT EXISTS `user_home_page_texts` (
  `id` bigint(20) unsigned NOT NULL AUTO_INCREMENT,
  `about_image` text COLLATE utf8mb4_unicode_ci,
  `about_title` text COLLATE utf8mb4_unicode_ci,
  `about_subtitle` text COLLATE utf8mb4_unicode_ci,
  `about_content` text COLLATE utf8mb4_unicode_ci,
  `about_button_text` varchar(50) COLLATE utf8mb4_unicode_ci DEFAULT NULL,
  `about_button_url` varchar(255) COLLATE utf8mb4_unicode_ci DEFAULT NULL,
  `about_video_image` text COLLATE utf8mb4_unicode_ci,
  `about_video_url` varchar(255) COLLATE utf8mb4_unicode_ci DEFAULT NULL,
  `skills_title` text COLLATE utf8mb4_unicode_ci,
  `skills_subtitle` text COLLATE utf8mb4_unicode_ci,
  `skills_content` text COLLATE utf8mb4_unicode_ci,
  `service_title` text COLLATE utf8mb4_unicode_ci,
  `service_subtitle` text COLLATE utf8mb4_unicode_ci,
  `experience_title` text COLLATE utf8mb4_unicode_ci,
  `experience_subtitle` text COLLATE utf8mb4_unicode_ci,
  `portfolio_title` text COLLATE utf8mb4_unicode_ci,
  `portfolio_subtitle` text COLLATE utf8mb4_unicode_ci,
  `view_all_portfolio_text` varchar(255) COLLATE utf8mb4_unicode_ci DEFAULT NULL,
  `testimonial_title` text COLLATE utf8mb4_unicode_ci,
  `testimonial_subtitle` text COLLATE utf8mb4_unicode_ci,
  `testimonial_image` varchar(255) COLLATE utf8mb4_unicode_ci DEFAULT NULL,
  `blog_title` text COLLATE utf8mb4_unicode_ci,
  `blog_subtitle` text COLLATE utf8mb4_unicode_ci,
  `view_all_blog_text` varchar(255) COLLATE utf8mb4_unicode_ci DEFAULT NULL,
  `team_section_title` varchar(255) COLLATE utf8mb4_unicode_ci DEFAULT NULL,
  `team_section_subtitle` varchar(255) COLLATE utf8mb4_unicode_ci DEFAULT NULL,
  `video_section_image` varchar(255) COLLATE utf8mb4_unicode_ci DEFAULT NULL,
  `video_section_url` varchar(255) COLLATE utf8mb4_unicode_ci DEFAULT NULL,
  `video_section_title` varchar(255) COLLATE utf8mb4_unicode_ci DEFAULT NULL,
  `video_section_subtitle` varchar(255) COLLATE utf8mb4_unicode_ci DEFAULT NULL,
  `video_section_text` varchar(255) COLLATE utf8mb4_unicode_ci DEFAULT NULL,
  `video_section_button_text` varchar(255) COLLATE utf8mb4_unicode_ci DEFAULT NULL,
  `video_section_button_url` varchar(255) COLLATE utf8mb4_unicode_ci DEFAULT NULL,
  `why_choose_us_section_image` varchar(255) COLLATE utf8mb4_unicode_ci DEFAULT NULL,
  `why_choose_us_section_title` varchar(255) COLLATE utf8mb4_unicode_ci DEFAULT NULL,
  `why_choose_us_section_subtitle` varchar(255) COLLATE utf8mb4_unicode_ci DEFAULT NULL,
  `why_choose_us_section_text` text COLLATE utf8mb4_unicode_ci,
  `why_choose_us_section_button_text` varchar(255) COLLATE utf8mb4_unicode_ci DEFAULT NULL,
  `why_choose_us_section_button_url` varchar(255) COLLATE utf8mb4_unicode_ci DEFAULT NULL,
  `why_choose_us_section_video_image` varchar(255) COLLATE utf8mb4_unicode_ci DEFAULT NULL,
  `why_choose_us_section_video_url` varchar(255) COLLATE utf8mb4_unicode_ci DEFAULT NULL,
  `faq_section_image` varchar(255) COLLATE utf8mb4_unicode_ci DEFAULT NULL,
  `faq_section_title` varchar(255) COLLATE utf8mb4_unicode_ci DEFAULT NULL,
  `faq_section_subtitle` varchar(255) COLLATE utf8mb4_unicode_ci DEFAULT NULL,
  `work_process_section_title` varchar(255) COLLATE utf8mb4_unicode_ci DEFAULT NULL,
  `work_process_section_subtitle` varchar(255) COLLATE utf8mb4_unicode_ci DEFAULT NULL,
  `work_process_section_text` text COLLATE utf8mb4_unicode_ci,
  `work_process_section_img` text COLLATE utf8mb4_unicode_ci,
  `work_process_section_video_img` text COLLATE utf8mb4_unicode_ci,
  `work_process_section_video_url` varchar(255) COLLATE utf8mb4_unicode_ci DEFAULT NULL,
  `quote_section_title` varchar(255) COLLATE utf8mb4_unicode_ci DEFAULT NULL,
  `quote_section_subtitle` varchar(255) COLLATE utf8mb4_unicode_ci DEFAULT NULL,
  `language_id` int(11) NOT NULL,
  `user_id` int(11) NOT NULL,
  `created_at` timestamp NULL DEFAULT NULL,
  `updated_at` timestamp NULL DEFAULT NULL,
  PRIMARY KEY (`id`)
) ENGINE=InnoDB AUTO_INCREMENT=52 DEFAULT CHARSET=utf8mb4 COLLATE=utf8mb4_unicode_ci;

-- Dumping data for table wiebo.user_home_page_texts: ~6 rows (approximately)
/*!40000 ALTER TABLE `user_home_page_texts` DISABLE KEYS */;
INSERT INTO `user_home_page_texts` (`id`, `about_image`, `about_title`, `about_subtitle`, `about_content`, `about_button_text`, `about_button_url`, `about_video_image`, `about_video_url`, `skills_title`, `skills_subtitle`, `skills_content`, `service_title`, `service_subtitle`, `experience_title`, `experience_subtitle`, `portfolio_title`, `portfolio_subtitle`, `view_all_portfolio_text`, `testimonial_title`, `testimonial_subtitle`, `testimonial_image`, `blog_title`, `blog_subtitle`, `view_all_blog_text`, `team_section_title`, `team_section_subtitle`, `video_section_image`, `video_section_url`, `video_section_title`, `video_section_subtitle`, `video_section_text`, `video_section_button_text`, `video_section_button_url`, `why_choose_us_section_image`, `why_choose_us_section_title`, `why_choose_us_section_subtitle`, `why_choose_us_section_text`, `why_choose_us_section_button_text`, `why_choose_us_section_button_url`, `why_choose_us_section_video_image`, `why_choose_us_section_video_url`, `faq_section_image`, `faq_section_title`, `faq_section_subtitle`, `work_process_section_title`, `work_process_section_subtitle`, `work_process_section_text`, `work_process_section_img`, `work_process_section_video_img`, `work_process_section_video_url`, `quote_section_title`, `quote_section_subtitle`, `language_id`, `user_id`, `created_at`, `updated_at`) VALUES
	(46, '6191fe8b9bb4a.png', 'About Us', 'Professional Business Guidance Agency', 'Sedut perspiciatis unde omnis iste natus error sit voluptat em accusantium doloremq laudantium, totam raperiaeaque ipsa quae ab illo inventore veritatis et quasi\r\nDoloremque laudantium, totam raperiaeaque ipsa quae ab illo inventore veritatis et quasi\r\n\r\n Business &amp; Consulting Agency\r\n Awards Winning Business Comapny', 'Learn More', 'http://example.com/', NULL, NULL, 'Company Skills', 'We Have Experience For Business Planning', 'Sedut perspiciatis unde omnis iste natus error sit voluptat em accusantium doloremque laudantium, totam raperiaeaque ipsa quae ab illo inventore veritatis et quasi\r\n\r\nBut I must explain to you how all this mistaken idenouncing pleasure and praising pain was born and I will give completey account of the system, and expound the actual teachings of the great explorer of the truth, the master-builder of human happiness one rejects, dislikes, or avoid', 'Comany Services', 'We Provide Exclusive Service', NULL, NULL, 'Our Awesome Projects', 'Take a Look at Our Awesome Projects', NULL, 'Cients Sayings', 'Take a Look at  What Our Clients say', '619225036d265.png', 'Our Blogs', 'Take a Look at Our Latest News and Blog', 'View All', 'Meet Our Experts', 'We Have An Exclusive Team', 'b7f242d2fd25d497e7fca1cc48a3b147dd88e907.jpg', 'https://www.youtube.com/watch?v=vTm7t9JBGfM', 'Watch Videos', 'Exclusive Video Presentation About Recent Project', 'Ranim ad minima veniam, quis nostrum exercitationem ullam corpsuscipit laboriosam, nisi ut aliquid exea commodi consequa turuis autem', 'Need Any Project', 'http://example.com/', 'd58dc9a86f24f4e7f19db6f5024cb310ed41dbf3.png', 'Why Choose Us', 'Why Choose Rolan Business Agency', 'Sedut perspiciatis unde omnis iste natus evoluptat em accusantium doloremque laudantium\r\n\r\n Specialist Company Advisor Team\r\n Understanding Machines OpenS tandard\r\n Can Data Visualization Improve Mobile', 'Our Services', 'http://example.com/', NULL, NULL, NULL, NULL, NULL, NULL, NULL, NULL, NULL, NULL, NULL, NULL, NULL, 183, 169, '2021-11-15 00:18:27', '2021-11-15 04:38:21'),
	(47, '6191fe8b9bb4a.png', 'معلومات عنا', 'وكالة إرشاد الأعمال المهنية', 'لكنك قد ترى من أين كل هذا الخطأ المولود هو متعة لأولئك الذين يتهمون ويمدحون الألم ، كل عمليات الاغتصاب التي جاءت من مخترع الحقيقة هذا ، إذا جاز التعبير.\r\nوجع التسبيح كله يغتصب من مخترع الحق وإن جاز القول\r\n\r\n الأعمال وأمبير. وكالة استشارية\r\n شركة أعمال حائزة على جوائز', 'يتعلم أكثر', 'http://example.com/', NULL, NULL, 'مهارات الشركة', 'لدينا خبرة في تخطيط الأعمال', 'لكنك ستفهم من أين يسعد كل هذا الخطأ المولود بالاتهام والتصفيق\r\n\r\nلكن يجب أن أشرح لك كيف ولد كل هذا الخطأ في تعريف اللذة والثناء على الألم ، وسأقدم وصفًا كاملاً للنظام ، وأشرح التعاليم الفعلية للمستكشف العظيم للحقيقة ، الباني البارع للسعادة البشرية الذي يرفضه المرء ، يكرهون أو تجنبها', 'خدمات الشركة', 'نحن نقدم خدمة حصرية', NULL, NULL, 'مشاريعنا الرائعة', 'الق نظرة على مشاريعنا الرائعة', NULL, 'اقوال العملاء', 'ألق نظرة على ما يقوله عملاؤنا', '619225036d265.png', 'مدوناتنا', 'ألق نظرة على آخر الأخبار والمدونة', 'مشاهدة الكل', 'تعرف على خبرائنا', 'لدينا فريق حصري', 'b7f242d2fd25d497e7fca1cc48a3b147dd88e907.jpg', 'https://www.youtube.com/watch?v=vTm7t9JBGfM', 'شاهد فيديوهات', 'عرض فيديو حصري حول المشروع الأخير', 'رنيم سيأتي على أقل تقدير ، فمن منا مستعد للقيام بأي تمرين شاق ، باستثناء الابتعاد عن عينيك والحصول على بعض المزايا', 'تحتاج أي مشروع', 'http://example.com/', 'd58dc9a86f24f4e7f19db6f5024cb310ed41dbf3.png', 'لماذا أخترتنا', 'لماذا تختار Rolan Business Agency', 'لكن ستوضح لي من أين يثير كل هذا المولود آلام أولئك الذين يتهمون ويمدحون\r\n\r\n فريق مستشار الشركة المتخصص\r\n فهم آلات OpenS\r\n هل يمكن لتصور البيانات تحسين الهاتف المحمول', 'خدماتنا', 'http://example.com/', NULL, NULL, NULL, NULL, NULL, NULL, NULL, NULL, NULL, NULL, NULL, NULL, NULL, 184, 169, '2021-11-15 00:18:27', '2021-11-15 04:38:21'),
	(48, '6193b15b5032f.jpg', 'About Us', 'Professional Business Guidance Agency', 'Sedut perspiciatis unde omnis iste natus error sit voluptatem accusantium doloremque laudantium, totam raperiaeaque ipsa quae ab illo inventore veritatis et quasi\r\n\r\nThere are many variations of passages of LoreIpsum available, but the majority have suffered\r\nIt uses a dictionary of over 200 Latin wor combined with a handful of model sentence structure\r\nRichard McClintock, a Latin profe hampden-sydney College in Virginia, looked up one more', 'Learn More', 'http://example.com/', '6193b15b5052e.jpg', 'https://www.youtube.com/watch?v=vTm7t9JBGfM', NULL, NULL, NULL, 'Comany Services', 'We Provide Exclusive Service', NULL, NULL, 'Latest Project', 'Take a Look at Our Awesome Projects', 'View All', 'Meet Our Members', 'Take a Look at  What Our Clients say', '61949b4edaaef.png', 'Latest News', 'Take a Look at Our Latest News and Blog', 'View All', NULL, NULL, '5e846b0887f43c5c4a38f1fff9d60f7813156bb2.jpg', 'https://www.youtube.com/watch?v=LIqQNG_q2us', 'Watch Our Latest Videos For Better Innovative Business', NULL, '', NULL, NULL, NULL, NULL, NULL, NULL, NULL, NULL, NULL, NULL, NULL, NULL, NULL, 'Working Process', 'How Dose We Work', 'Sedut perspiciatis unde omnis iste natus error sit voluptatem accusantium doloremque laudantium', '391a486bce84901f6eece24fd6044cae7f49607f.jpg', '7881d100bd60b5f01e5d7bf0a60a19025cd94ed5.jpg', 'https://www.youtube.com/watch?v=LIqQNG_q2us', NULL, NULL, 185, 170, '2021-11-16 09:47:45', '2021-11-17 03:04:23'),
	(49, '6193b15b5032f.jpg', 'معلومات عنا', 'وكالة إرشاد الأعمال المهنية', 'لكنك ستفهم من أين كل هذا الخطأ المولود هو لذة الاتهام والثناء على الألم ، والاغتصاب كله ومثل ذلك من مخترع الحقيقة.\r\n\r\nهناك العديد من الاختلافات في مقاطع لوريس المتاحة ، لكن الغالبية عانت\r\nيستخدم قاموسًا يضم أكثر من 200 كلمة لاتينية جنبًا إلى جنب مع حفنة من بنية الجملة النموذجية\r\nقام ريتشارد مكلينتوك ، وهو كلية لاتينية هامبدن-سيدني في فيرجينيا ، بالبحث عن واحدة أخرى', 'يتعلم أكثر', 'http://example.com/', '6193b15b5052e.jpg', 'https://www.youtube.com/watch?v=vTm7t9JBGfM', NULL, NULL, NULL, 'خدمات الشركة', 'نحن نقدم خدمة حصرية', NULL, NULL, 'أحدث مشروع', 'الق نظرة على مشاريعنا الرائعة', 'مشاهدة الكل', 'تعرف على أعضائنا', 'ألق نظرة على ما يقوله عملاؤنا', '61949b4edaaef.png', 'أحدث الأخبار', 'ألق نظرة على آخر الأخبار والمدونة', 'مشاهدة الكل', NULL, NULL, '5e846b0887f43c5c4a38f1fff9d60f7813156bb2.jpg', 'https://www.youtube.com/watch?v=LIqQNG_q2us', 'شاهد أحدث مقاطع الفيديو الخاصة بنا للحصول على أعمال إبداعية أفضل', NULL, '', NULL, NULL, NULL, NULL, NULL, NULL, NULL, NULL, NULL, NULL, NULL, NULL, NULL, 'عملية العمل', 'كيف نعمل الجرعة', 'تدرك من أين يولد كل هذا الخطأ', '391a486bce84901f6eece24fd6044cae7f49607f.jpg', '7881d100bd60b5f01e5d7bf0a60a19025cd94ed5.jpg', 'https://www.youtube.com/watch?v=LIqQNG_q2us', NULL, NULL, 186, 170, '2021-11-16 09:47:45', '2021-11-17 03:04:23'),
	(50, '6195f22998aac.jpg', 'About Us', 'Professional Business Guidance Agency', 'Sedut perspiciatis unde omnis iste natus error sit voluptatem accusantium doloremque laudantium, totam raperiaeaque ipsa quae ab illo inventore veritatis et quasi\r\n\r\nDoloremque laudantium, totam raperiaeaque ipsa quae ab illo inventore veritatis et quasi\r\n\r\n Business &amp; Consulting Agency\r\n Awards Winning Business Comapny\r\n Business &amp; Consulting Agency\r\n Awards Winning Business Comapny', 'Learn More', 'http://example.com/', NULL, NULL, NULL, NULL, NULL, 'Comany Services', 'We Provide Exclusive Service', NULL, NULL, 'Our Awesome Projects', 'Take a Look at Our Awesome Projects', 'View All', 'Cients Sayings', 'Take a Look at  What Our Clients say', '6195e2885a64b.jpg', NULL, NULL, NULL, 'Team Members', 'Meet Our Professional Experts', NULL, NULL, NULL, NULL, NULL, NULL, NULL, '301b9239f5acc672e89ea9ccf4f7263207458394.jpg', 'Why We Are Best ?', 'We Have Many Reasons to Choose Us', 'Sedut perspiciatis unde omnis iste natus error sit voluptat em accusantium doloremque laudantium, totam raperiaeaque ipsa quae ab illo inventore veritatis et quasi.\r\nSedut perspiciatis unde omnis iste natus error sit voluptat em accusantium doloremque laudantium, totam raperiaeaque ipsa quae ab illo inventore veritatis et quasi', 'Our Services', 'http://example.com/', 'd1d67774227ae9d427fdd391b578eb76c7ac1412.jpg', 'https://www.youtube.com/watch?v=pWOv9xcoMeY', '6195e2ad0dce3.png', 'FAQ', 'Frequently Asked Questions', 'Company Statistics', 'We Are Established For Business & Consulting Since 25 Years', 'Richard McClintock, a Latin profe hampden-sydney College in Virginia, looked up one more', NULL, NULL, NULL, 'Get A Quote', 'Feel Any Project For Business Consulting Get Started Us', 187, 171, '2021-11-17 07:30:27', '2021-11-18 03:26:49'),
	(51, '6195f20f4c6c4.jpg', 'معلومات عنا', 'وكالة إرشاد الأعمال المهنية', 'لكنك ستفهم من أين كل هذا الخطأ المولود هو لذة الاتهام والثناء على الألم ، والاغتصاب كله ومثل ذلك من مخترع الحقيقة.\r\n\r\nوجع التسبيح كله يغتصب على يد مخترع الحق وإن جاز التعبير\r\n\r\n الأعمال وأمبير. وكالة استشارية\r\n شركة أعمال حائزة على جوائز\r\n الأعمال وأمبير. وكالة استشارية\r\n شركة أعمال حائزة على جوائز', 'يتعلم أكثر', 'http://example.com/', NULL, NULL, NULL, NULL, NULL, 'خدمات الشركة', 'نحن نقدم خدمة حصرية', NULL, NULL, 'مشاريعنا الرائعة', 'الق نظرة على مشاريعنا الرائعة', 'مشاهدة الكل', 'اقوال العملاء', 'ألق نظرة على ما يقوله عملاؤنا', '6195e2885a64b.jpg', NULL, NULL, NULL, 'أعضاء الفريق', 'تعرف على خبرائنا المحترفين', NULL, NULL, NULL, NULL, NULL, NULL, NULL, '301b9239f5acc672e89ea9ccf4f7263207458394.jpg', 'لماذا نحن الأفضل؟', 'لدينا أسباب كثيرة لاختيارنا', 'لكنك ستفهم من أين يسعد كل هذا الخطأ المولود باتهام وألم أولئك الذين يمتدحونها ، وكل عمليات الاغتصاب التي هي من مخترع الحقيقة هذا وإن جاز التعبير.\r\nلكنك ستفهم من أين يسعد كل هذا الخطأ المولود بالاتهام والتصفيق', 'خدماتنا', 'http://example.com/', 'd1d67774227ae9d427fdd391b578eb76c7ac1412.jpg', 'https://www.youtube.com/watch?v=pWOv9xcoMeY', '6195e2ad0dce3.png', 'التعليمات', 'أسئلة مكررة', 'إحصائيات الشركة', 'تأسسنا للعمل والاستشارات منذ 25 عامًا', 'ريتشارد مكلينتوك ، أستاذ لاتيني جامعي هامبدن-سيدني كلية في فيرجينيا ، بحث عن واحدة أخرى', NULL, NULL, NULL, 'إقتبس', 'اشعر بأي مشروع لاستشارات الأعمال ابدأ بنا', 188, 171, '2021-11-17 07:30:27', '2021-11-18 03:26:23');
/*!40000 ALTER TABLE `user_home_page_texts` ENABLE KEYS */;

-- Dumping structure for table wiebo.user_home_sections
CREATE TABLE IF NOT EXISTS `user_home_sections` (
  `id` int(11) NOT NULL AUTO_INCREMENT,
  `intro_section` tinyint(4) DEFAULT '1',
  `featured_services_section` tinyint(4) DEFAULT '1',
  `video_section` tinyint(4) DEFAULT '1',
  `portfolio_section` tinyint(4) DEFAULT '1',
  `why_choose_us_section` tinyint(4) DEFAULT '1',
  `counter_info_section` tinyint(4) DEFAULT '1',
  `team_members_section` tinyint(4) DEFAULT '1',
  `skills_section` tinyint(4) DEFAULT '1',
  `testimonials_section` tinyint(4) DEFAULT '1',
  `brand_section` tinyint(4) DEFAULT '1',
  `blogs_section` tinyint(4) DEFAULT '1',
  `faq_section` tinyint(4) DEFAULT '1',
  `contact_section` tinyint(4) DEFAULT '1',
  `top_footer_section` tinyint(4) DEFAULT '1',
  `copyright_section` tinyint(4) DEFAULT '1',
  `work_process_section` tinyint(4) NOT NULL DEFAULT '1',
  `user_id` int(11) NOT NULL,
  PRIMARY KEY (`id`)
) ENGINE=InnoDB AUTO_INCREMENT=89 DEFAULT CHARSET=utf8;

-- Dumping data for table wiebo.user_home_sections: ~3 rows (approximately)
/*!40000 ALTER TABLE `user_home_sections` DISABLE KEYS */;
INSERT INTO `user_home_sections` (`id`, `intro_section`, `featured_services_section`, `video_section`, `portfolio_section`, `why_choose_us_section`, `counter_info_section`, `team_members_section`, `skills_section`, `testimonials_section`, `brand_section`, `blogs_section`, `faq_section`, `contact_section`, `top_footer_section`, `copyright_section`, `work_process_section`, `user_id`) VALUES
	(86, 1, 1, 1, 1, 1, 1, 1, 1, 1, 1, 1, 1, 1, 1, 1, 1, 169),
	(87, 1, 1, 1, 1, 1, 1, 1, 1, 1, 1, 1, 1, 1, 1, 1, 1, 170),
	(88, 1, 1, 1, 1, 1, 1, 1, 1, 1, 1, 1, 1, 1, 1, 1, 1, 171);
/*!40000 ALTER TABLE `user_home_sections` ENABLE KEYS */;

-- Dumping structure for table wiebo.user_jcategories
CREATE TABLE IF NOT EXISTS `user_jcategories` (
  `id` bigint(20) NOT NULL AUTO_INCREMENT,
  `language_id` int(11) NOT NULL,
  `user_id` int(11) NOT NULL,
  `name` varchar(255) DEFAULT NULL,
  `status` tinyint(4) NOT NULL DEFAULT '1',
  `serial_number` int(11) NOT NULL,
  `created_at` timestamp NOT NULL DEFAULT CURRENT_TIMESTAMP ON UPDATE CURRENT_TIMESTAMP,
  `updated_at` timestamp NOT NULL DEFAULT '0000-00-00 00:00:00',
  PRIMARY KEY (`id`)
) ENGINE=InnoDB AUTO_INCREMENT=33 DEFAULT CHARSET=utf8;

-- Dumping data for table wiebo.user_jcategories: ~18 rows (approximately)
/*!40000 ALTER TABLE `user_jcategories` DISABLE KEYS */;
INSERT INTO `user_jcategories` (`id`, `language_id`, `user_id`, `name`, `status`, `serial_number`, `created_at`, `updated_at`) VALUES
	(15, 183, 169, 'Web Developer', 1, 1, '2021-11-15 06:47:43', '2021-11-15 06:47:43'),
	(16, 183, 169, 'Web Designer', 1, 2, '2021-11-15 06:47:56', '2021-11-15 06:47:56'),
	(17, 183, 169, 'Graphic Designer', 1, 3, '2021-11-15 06:49:22', '2021-11-15 06:49:22'),
	(18, 184, 169, 'مطور ويب', 1, 1, '2021-11-15 06:47:43', '2021-11-15 06:47:43'),
	(19, 184, 169, 'مصمم الويب', 1, 2, '2021-11-15 06:47:56', '2021-11-15 06:47:56'),
	(20, 184, 169, 'مصمم جرافيك', 1, 3, '2021-11-15 06:49:22', '2021-11-15 06:49:22'),
	(21, 185, 170, 'Web Developer', 1, 1, '2021-11-17 12:11:07', '2021-11-15 06:47:43'),
	(22, 185, 170, 'Web Designer', 1, 2, '2021-11-17 12:11:07', '2021-11-15 06:47:56'),
	(23, 185, 170, 'Graphic Designer', 1, 3, '2021-11-17 12:11:07', '2021-11-15 06:49:22'),
	(24, 186, 170, 'مطور ويب', 1, 1, '2021-11-17 12:11:22', '2021-11-15 06:47:43'),
	(25, 186, 170, 'مصمم الويب', 1, 2, '2021-11-17 12:11:22', '2021-11-15 06:47:56'),
	(26, 186, 170, 'مصمم جرافيك', 1, 3, '2021-11-17 12:11:22', '2021-11-15 06:49:22'),
	(27, 187, 171, 'Web Developer', 1, 1, '2021-11-18 07:41:26', '2021-11-15 06:47:43'),
	(28, 187, 171, 'Web Designer', 1, 2, '2021-11-18 07:41:26', '2021-11-15 06:47:56'),
	(29, 187, 171, 'Graphic Designer', 1, 3, '2021-11-18 07:41:26', '2021-11-15 06:49:22'),
	(30, 188, 171, 'مطور ويب', 1, 1, '2021-11-18 07:41:42', '2021-11-15 06:47:43'),
	(31, 188, 171, 'مصمم الويب', 1, 2, '2021-11-18 07:41:42', '2021-11-15 06:47:56'),
	(32, 188, 171, 'مصمم جرافيك', 1, 3, '2021-11-18 07:41:42', '2021-11-15 06:49:22');
/*!40000 ALTER TABLE `user_jcategories` ENABLE KEYS */;

-- Dumping structure for table wiebo.user_jobs
CREATE TABLE IF NOT EXISTS `user_jobs` (
  `id` bigint(20) NOT NULL AUTO_INCREMENT,
  `jcategory_id` int(11) NOT NULL,
  `language_id` int(11) NOT NULL,
  `user_id` int(11) NOT NULL,
  `title` varchar(255) DEFAULT NULL,
  `slug` varchar(255) DEFAULT NULL,
  `vacancy` int(11) DEFAULT NULL,
  `deadline` varchar(255) DEFAULT NULL,
  `experience` varchar(255) DEFAULT NULL,
  `job_responsibilities` text,
  `employment_status` varchar(255) DEFAULT NULL,
  `educational_requirements` text,
  `experience_requirements` text,
  `additional_requirements` text,
  `job_location` varchar(255) DEFAULT NULL,
  `salary` text,
  `benefits` text,
  `read_before_apply` text,
  `email` varchar(255) DEFAULT NULL,
  `serial_number` int(11) NOT NULL,
  `meta_keywords` text,
  `meta_description` text,
  `created_at` timestamp NOT NULL DEFAULT CURRENT_TIMESTAMP,
  `updated_at` timestamp NOT NULL DEFAULT CURRENT_TIMESTAMP,
  PRIMARY KEY (`id`)
) ENGINE=InnoDB AUTO_INCREMENT=33 DEFAULT CHARSET=utf8;

-- Dumping data for table wiebo.user_jobs: ~18 rows (approximately)
/*!40000 ALTER TABLE `user_jobs` DISABLE KEYS */;
INSERT INTO `user_jobs` (`id`, `jcategory_id`, `language_id`, `user_id`, `title`, `slug`, `vacancy`, `deadline`, `experience`, `job_responsibilities`, `employment_status`, `educational_requirements`, `experience_requirements`, `additional_requirements`, `job_location`, `salary`, `benefits`, `read_before_apply`, `email`, `serial_number`, `meta_keywords`, `meta_description`, `created_at`, `updated_at`) VALUES
	(15, 15, 183, 169, 'Senior Laravel Web Developer Recruitment', 'senior-laravel-web-developer-recruitment', 3, '12/23/2021', '4', '<p><span style="color:rgb(0,0,0);font-family:Verdana;text-align:justify;">There are many variations of passages of Lorem Ipsum available, but the majority have suffered alteration in some form, by injected humour, or randomised words which don\'t look even slightly believable. If you are going to use a passage of Lorem Ipsum, you need to be sure there isn\'t anything embarrassing hidden in the middle of text. All the Lorem Ipsum generators</span><br /></p>', 'full-time', '<p><span style="color:rgb(0,0,0);font-family:Verdana;text-align:justify;">There are many variations of passages of Lorem Ipsum available, but the majority have suffered alteration in some form, by injected humour, or randomised words which don\'t look even slightly believable. If you are going to use a passage of Lorem Ipsum, you need to be sure there isn\'t anything embarrassing hidden in the middle of text. All the Lorem Ipsum generators</span><br /></p>', '<p><span style="color:rgb(0,0,0);font-family:Verdana;text-align:justify;">There are many variations of passages of Lorem Ipsum available, but the majority have suffered alteration in some form, by injected humour, or randomised words which don\'t look even slightly believable. If you are going to use a passage of Lorem Ipsum, you need to be sure there isn\'t anything embarrassing hidden in the middle of text. All the Lorem Ipsum generators</span><br /></p>', '<p><span style="color:rgb(0,0,0);font-family:Verdana;text-align:justify;">There are many variations of passages of Lorem Ipsum available, but the majority have suffered alteration in some form, by injected humour, or randomised words which don\'t look even slightly believable. If you are going to use a passage of Lorem Ipsum, you need to be sure there isn\'t anything embarrassing hidden in the middle of text. All the Lorem Ipsum generators</span><br /></p>', 'CA, USA', '4000 - 5000 USD', '<p><span style="color:rgb(0,0,0);font-family:Verdana;text-align:justify;">There are many variations of passages of Lorem Ipsum available, but the majority have suffered alteration in some form, by injected humour, or randomised words which don\'t look even slightly believable. If you are going to use a passage of Lorem Ipsum, you need to be sure there isn\'t anything embarrassing hidden in the middle of text. All the Lorem Ipsum generators</span><br /></p>', '<p><span style="color:rgb(0,0,0);font-family:Verdana;text-align:justify;">There are many variations of passages of Lorem Ipsum available, but the majority have suffered alteration in some form, by injected humour, or randomised words which don\'t look even slightly believable. If you are going to use a passage of Lorem Ipsum, you need to be sure there isn\'t anything embarrassing hidden in the middle of text. All the Lorem Ipsum generators</span><br /></p>', 'user@gmail.com', 1, NULL, NULL, '2021-11-15 06:50:24', '2021-11-15 06:50:24'),
	(16, 16, 183, 169, 'Senior Frontend Developer Recruitment', 'senior-frontend-developer-recruitment', 3, '12/23/2021', '4', '<p><span style="color:rgb(0,0,0);font-family:Verdana;text-align:justify;">There are many variations of passages of Lorem Ipsum available, but the majority have suffered alteration in some form, by injected humour, or randomised words which don\'t look even slightly believable. If you are going to use a passage of Lorem Ipsum, you need to be sure there isn\'t anything embarrassing hidden in the middle of text. All the Lorem Ipsum generators</span><br /></p>', 'full-time', '<p><span style="color:rgb(0,0,0);font-family:Verdana;text-align:justify;">There are many variations of passages of Lorem Ipsum available, but the majority have suffered alteration in some form, by injected humour, or randomised words which don\'t look even slightly believable. If you are going to use a passage of Lorem Ipsum, you need to be sure there isn\'t anything embarrassing hidden in the middle of text. All the Lorem Ipsum generators</span><br /></p>', '<p><span style="color:rgb(0,0,0);font-family:Verdana;text-align:justify;">There are many variations of passages of Lorem Ipsum available, but the majority have suffered alteration in some form, by injected humour, or randomised words which don\'t look even slightly believable. If you are going to use a passage of Lorem Ipsum, you need to be sure there isn\'t anything embarrassing hidden in the middle of text. All the Lorem Ipsum generators</span><br /></p>', '<p><span style="color:rgb(0,0,0);font-family:Verdana;text-align:justify;">There are many variations of passages of Lorem Ipsum available, but the majority have suffered alteration in some form, by injected humour, or randomised words which don\'t look even slightly believable. If you are going to use a passage of Lorem Ipsum, you need to be sure there isn\'t anything embarrassing hidden in the middle of text. All the Lorem Ipsum generators</span><br /></p>', 'CA, USA', '4000 - 5000 USD', '<p><span style="color:rgb(0,0,0);font-family:Verdana;text-align:justify;">There are many variations of passages of Lorem Ipsum available, but the majority have suffered alteration in some form, by injected humour, or randomised words which don\'t look even slightly believable. If you are going to use a passage of Lorem Ipsum, you need to be sure there isn\'t anything embarrassing hidden in the middle of text. All the Lorem Ipsum generators</span><br /></p>', '<p><span style="color:rgb(0,0,0);font-family:Verdana;text-align:justify;">There are many variations of passages of Lorem Ipsum available, but the majority have suffered alteration in some form, by injected humour, or randomised words which don\'t look even slightly believable. If you are going to use a passage of Lorem Ipsum, you need to be sure there isn\'t anything embarrassing hidden in the middle of text. All the Lorem Ipsum generators</span><br /></p>', 'user@gmail.com', 1, NULL, NULL, '2021-11-15 06:50:24', '2021-11-15 06:50:24'),
	(17, 17, 183, 169, 'Senior Graphic Designer Recruitment', 'senior-graphic-designer-recruitment', 3, '12/23/2021', '4', '<p><span style="color:rgb(0,0,0);font-family:Verdana;text-align:justify;">There are many variations of passages of Lorem Ipsum available, but the majority have suffered alteration in some form, by injected humour, or randomised words which don\'t look even slightly believable. If you are going to use a passage of Lorem Ipsum, you need to be sure there isn\'t anything embarrassing hidden in the middle of text. All the Lorem Ipsum generators</span><br /></p>', 'full-time', '<p><span style="color:rgb(0,0,0);font-family:Verdana;text-align:justify;">There are many variations of passages of Lorem Ipsum available, but the majority have suffered alteration in some form, by injected humour, or randomised words which don\'t look even slightly believable. If you are going to use a passage of Lorem Ipsum, you need to be sure there isn\'t anything embarrassing hidden in the middle of text. All the Lorem Ipsum generators</span><br /></p>', '<p><span style="color:rgb(0,0,0);font-family:Verdana;text-align:justify;">There are many variations of passages of Lorem Ipsum available, but the majority have suffered alteration in some form, by injected humour, or randomised words which don\'t look even slightly believable. If you are going to use a passage of Lorem Ipsum, you need to be sure there isn\'t anything embarrassing hidden in the middle of text. All the Lorem Ipsum generators</span><br /></p>', '<p><span style="color:rgb(0,0,0);font-family:Verdana;text-align:justify;">There are many variations of passages of Lorem Ipsum available, but the majority have suffered alteration in some form, by injected humour, or randomised words which don\'t look even slightly believable. If you are going to use a passage of Lorem Ipsum, you need to be sure there isn\'t anything embarrassing hidden in the middle of text. All the Lorem Ipsum generators</span><br /></p>', 'CA, USA', '4000 - 5000 USD', '<p><span style="color:rgb(0,0,0);font-family:Verdana;text-align:justify;">There are many variations of passages of Lorem Ipsum available, but the majority have suffered alteration in some form, by injected humour, or randomised words which don\'t look even slightly believable. If you are going to use a passage of Lorem Ipsum, you need to be sure there isn\'t anything embarrassing hidden in the middle of text. All the Lorem Ipsum generators</span><br /></p>', '<p><span style="color:rgb(0,0,0);font-family:Verdana;text-align:justify;">There are many variations of passages of Lorem Ipsum available, but the majority have suffered alteration in some form, by injected humour, or randomised words which don\'t look even slightly believable. If you are going to use a passage of Lorem Ipsum, you need to be sure there isn\'t anything embarrassing hidden in the middle of text. All the Lorem Ipsum generators</span><br /></p>', 'user@gmail.com', 1, NULL, NULL, '2021-11-15 06:50:24', '2021-11-15 06:50:24'),
	(18, 18, 184, 169, 'توظيف كبار مطوري ويب Laravel', 'توظيف-كبار-مطوري-ويب-laravel', 3, '12/23/2021', '4', 'هنالك العديد من الأنواع المتوفرة لنصوص لوريم إيبسوم، ولكن الغالبية تم تعديلها بشكل ما عبر إدخال بعض النوادر أو الكلمات العشوائية إلى النص. إن كنت تريد أن تستخدم نص لوريم إيبسوم ما، عليك أن تتحقق أولاً أن ليس هناك أي كلمات أو عبارات محرجة أو', 'وقت كامل', 'هنالك العديد من الأنواع المتوفرة لنصوص لوريم إيبسوم، ولكن الغالبية تم تعديلها بشكل ما عبر إدخال بعض النوادر أو الكلمات العشوائية إلى النص. إن كنت تريد أن تستخدم نص لوريم إيبسوم ما، عليك أن تتحقق أولاً أن ليس هناك أي كلمات أو عبارات محرجة أو', 'هنالك العديد من الأنواع المتوفرة لنصوص لوريم إيبسوم، ولكن الغالبية تم تعديلها بشكل ما عبر إدخال بعض النوادر أو الكلمات العشوائية إلى النص. إن كنت تريد أن تستخدم نص لوريم إيبسوم ما، عليك أن تتحقق أولاً أن ليس هناك أي كلمات أو عبارات محرجة أو', 'هنالك العديد من الأنواع المتوفرة لنصوص لوريم إيبسوم، ولكن الغالبية تم تعديلها بشكل ما عبر إدخال بعض النوادر أو الكلمات العشوائية إلى النص. إن كنت تريد أن تستخدم نص لوريم إيبسوم ما، عليك أن تتحقق أولاً أن ليس هناك أي كلمات أو عبارات محرجة أو', 'كاليفورنيا ، الولايات المتحدة الأمريكية', '4000 - 5000 USD', 'هنالك العديد من الأنواع المتوفرة لنصوص لوريم إيبسوم، ولكن الغالبية تم تعديلها بشكل ما عبر إدخال بعض النوادر أو الكلمات العشوائية إلى النص. إن كنت تريد أن تستخدم نص لوريم إيبسوم ما، عليك أن تتحقق أولاً أن ليس هناك أي كلمات أو عبارات محرجة أو', 'هنالك العديد من الأنواع المتوفرة لنصوص لوريم إيبسوم، ولكن الغالبية تم تعديلها بشكل ما عبر إدخال بعض النوادر أو الكلمات العشوائية إلى النص. إن كنت تريد أن تستخدم نص لوريم إيبسوم ما، عليك أن تتحقق أولاً أن ليس هناك أي كلمات أو عبارات محرجة أو', 'user@gmail.com', 1, NULL, NULL, '2021-11-15 06:50:24', '2021-11-15 06:50:24'),
	(19, 19, 184, 169, 'توظيف كبار مطوري الواجهة الأمامية', 'توظيف-كبار-مطوري-الواجهة-الأمامية', 3, '12/23/2021', '4', 'هنالك العديد من الأنواع المتوفرة لنصوص لوريم إيبسوم، ولكن الغالبية تم تعديلها بشكل ما عبر إدخال بعض النوادر أو الكلمات العشوائية إلى النص. إن كنت تريد أن تستخدم نص لوريم إيبسوم ما، عليك أن تتحقق أولاً أن ليس هناك أي كلمات أو عبارات محرجة أو', 'وقت كامل', 'هنالك العديد من الأنواع المتوفرة لنصوص لوريم إيبسوم، ولكن الغالبية تم تعديلها بشكل ما عبر إدخال بعض النوادر أو الكلمات العشوائية إلى النص. إن كنت تريد أن تستخدم نص لوريم إيبسوم ما، عليك أن تتحقق أولاً أن ليس هناك أي كلمات أو عبارات محرجة أو', 'هنالك العديد من الأنواع المتوفرة لنصوص لوريم إيبسوم، ولكن الغالبية تم تعديلها بشكل ما عبر إدخال بعض النوادر أو الكلمات العشوائية إلى النص. إن كنت تريد أن تستخدم نص لوريم إيبسوم ما، عليك أن تتحقق أولاً أن ليس هناك أي كلمات أو عبارات محرجة أو', 'هنالك العديد من الأنواع المتوفرة لنصوص لوريم إيبسوم، ولكن الغالبية تم تعديلها بشكل ما عبر إدخال بعض النوادر أو الكلمات العشوائية إلى النص. إن كنت تريد أن تستخدم نص لوريم إيبسوم ما، عليك أن تتحقق أولاً أن ليس هناك أي كلمات أو عبارات محرجة أو', 'كاليفورنيا ، الولايات المتحدة الأمريكية', '4000 - 5000 USD', 'هنالك العديد من الأنواع المتوفرة لنصوص لوريم إيبسوم، ولكن الغالبية تم تعديلها بشكل ما عبر إدخال بعض النوادر أو الكلمات العشوائية إلى النص. إن كنت تريد أن تستخدم نص لوريم إيبسوم ما، عليك أن تتحقق أولاً أن ليس هناك أي كلمات أو عبارات محرجة أو', 'هنالك العديد من الأنواع المتوفرة لنصوص لوريم إيبسوم، ولكن الغالبية تم تعديلها بشكل ما عبر إدخال بعض النوادر أو الكلمات العشوائية إلى النص. إن كنت تريد أن تستخدم نص لوريم إيبسوم ما، عليك أن تتحقق أولاً أن ليس هناك أي كلمات أو عبارات محرجة أو', 'user@gmail.com', 1, NULL, NULL, '2021-11-15 06:50:24', '2021-11-15 06:50:24'),
	(20, 20, 184, 169, 'توظيف مصمم غرافيك أول', 'توظيف-مصمم-غرافيك-أول', 3, '12/23/2021', '4', 'هنالك العديد من الأنواع المتوفرة لنصوص لوريم إيبسوم، ولكن الغالبية تم تعديلها بشكل ما عبر إدخال بعض النوادر أو الكلمات العشوائية إلى النص. إن كنت تريد أن تستخدم نص لوريم إيبسوم ما، عليك أن تتحقق أولاً أن ليس هناك أي كلمات أو عبارات محرجة أو', 'وقت كامل', 'هنالك العديد من الأنواع المتوفرة لنصوص لوريم إيبسوم، ولكن الغالبية تم تعديلها بشكل ما عبر إدخال بعض النوادر أو الكلمات العشوائية إلى النص. إن كنت تريد أن تستخدم نص لوريم إيبسوم ما، عليك أن تتحقق أولاً أن ليس هناك أي كلمات أو عبارات محرجة أو', 'هنالك العديد من الأنواع المتوفرة لنصوص لوريم إيبسوم، ولكن الغالبية تم تعديلها بشكل ما عبر إدخال بعض النوادر أو الكلمات العشوائية إلى النص. إن كنت تريد أن تستخدم نص لوريم إيبسوم ما، عليك أن تتحقق أولاً أن ليس هناك أي كلمات أو عبارات محرجة أو', 'هنالك العديد من الأنواع المتوفرة لنصوص لوريم إيبسوم، ولكن الغالبية تم تعديلها بشكل ما عبر إدخال بعض النوادر أو الكلمات العشوائية إلى النص. إن كنت تريد أن تستخدم نص لوريم إيبسوم ما، عليك أن تتحقق أولاً أن ليس هناك أي كلمات أو عبارات محرجة أو', 'كاليفورنيا ، الولايات المتحدة الأمريكية', '4000 - 5000 USD', 'هنالك العديد من الأنواع المتوفرة لنصوص لوريم إيبسوم، ولكن الغالبية تم تعديلها بشكل ما عبر إدخال بعض النوادر أو الكلمات العشوائية إلى النص. إن كنت تريد أن تستخدم نص لوريم إيبسوم ما، عليك أن تتحقق أولاً أن ليس هناك أي كلمات أو عبارات محرجة أو', 'هنالك العديد من الأنواع المتوفرة لنصوص لوريم إيبسوم، ولكن الغالبية تم تعديلها بشكل ما عبر إدخال بعض النوادر أو الكلمات العشوائية إلى النص. إن كنت تريد أن تستخدم نص لوريم إيبسوم ما، عليك أن تتحقق أولاً أن ليس هناك أي كلمات أو عبارات محرجة أو', 'user@gmail.com', 1, NULL, NULL, '2021-11-15 06:50:24', '2021-11-15 06:50:24'),
	(21, 21, 185, 170, 'Senior Laravel Web Developer Recruitment', 'senior-laravel-web-developer-recruitment', 3, '12/23/2021', '4', '<p><span style="color:rgb(0,0,0);font-family:Verdana;text-align:justify;">There are many variations of passages of Lorem Ipsum available, but the majority have suffered alteration in some form, by injected humour, or randomised words which don\'t look even slightly believable. If you are going to use a passage of Lorem Ipsum, you need to be sure there isn\'t anything embarrassing hidden in the middle of text. All the Lorem Ipsum generators</span><br /></p>', 'full-time', '<p><span style="color:rgb(0,0,0);font-family:Verdana;text-align:justify;">There are many variations of passages of Lorem Ipsum available, but the majority have suffered alteration in some form, by injected humour, or randomised words which don\'t look even slightly believable. If you are going to use a passage of Lorem Ipsum, you need to be sure there isn\'t anything embarrassing hidden in the middle of text. All the Lorem Ipsum generators</span><br /></p>', '<p><span style="color:rgb(0,0,0);font-family:Verdana;text-align:justify;">There are many variations of passages of Lorem Ipsum available, but the majority have suffered alteration in some form, by injected humour, or randomised words which don\'t look even slightly believable. If you are going to use a passage of Lorem Ipsum, you need to be sure there isn\'t anything embarrassing hidden in the middle of text. All the Lorem Ipsum generators</span><br /></p>', '<p><span style="color:rgb(0,0,0);font-family:Verdana;text-align:justify;">There are many variations of passages of Lorem Ipsum available, but the majority have suffered alteration in some form, by injected humour, or randomised words which don\'t look even slightly believable. If you are going to use a passage of Lorem Ipsum, you need to be sure there isn\'t anything embarrassing hidden in the middle of text. All the Lorem Ipsum generators</span><br /></p>', 'CA, USA', '4000 - 5000 USD', '<p><span style="color:rgb(0,0,0);font-family:Verdana;text-align:justify;">There are many variations of passages of Lorem Ipsum available, but the majority have suffered alteration in some form, by injected humour, or randomised words which don\'t look even slightly believable. If you are going to use a passage of Lorem Ipsum, you need to be sure there isn\'t anything embarrassing hidden in the middle of text. All the Lorem Ipsum generators</span><br /></p>', '<p><span style="color:rgb(0,0,0);font-family:Verdana;text-align:justify;">There are many variations of passages of Lorem Ipsum available, but the majority have suffered alteration in some form, by injected humour, or randomised words which don\'t look even slightly believable. If you are going to use a passage of Lorem Ipsum, you need to be sure there isn\'t anything embarrassing hidden in the middle of text. All the Lorem Ipsum generators</span><br /></p>', 'user@gmail.com', 1, NULL, NULL, '2021-11-15 06:50:24', '2021-11-15 06:50:24'),
	(22, 22, 185, 170, 'Senior Frontend Developer Recruitment', 'senior-frontend-developer-recruitment', 3, '12/23/2021', '4', '<p><span style="color:rgb(0,0,0);font-family:Verdana;text-align:justify;">There are many variations of passages of Lorem Ipsum available, but the majority have suffered alteration in some form, by injected humour, or randomised words which don\'t look even slightly believable. If you are going to use a passage of Lorem Ipsum, you need to be sure there isn\'t anything embarrassing hidden in the middle of text. All the Lorem Ipsum generators</span><br /></p>', 'full-time', '<p><span style="color:rgb(0,0,0);font-family:Verdana;text-align:justify;">There are many variations of passages of Lorem Ipsum available, but the majority have suffered alteration in some form, by injected humour, or randomised words which don\'t look even slightly believable. If you are going to use a passage of Lorem Ipsum, you need to be sure there isn\'t anything embarrassing hidden in the middle of text. All the Lorem Ipsum generators</span><br /></p>', '<p><span style="color:rgb(0,0,0);font-family:Verdana;text-align:justify;">There are many variations of passages of Lorem Ipsum available, but the majority have suffered alteration in some form, by injected humour, or randomised words which don\'t look even slightly believable. If you are going to use a passage of Lorem Ipsum, you need to be sure there isn\'t anything embarrassing hidden in the middle of text. All the Lorem Ipsum generators</span><br /></p>', '<p><span style="color:rgb(0,0,0);font-family:Verdana;text-align:justify;">There are many variations of passages of Lorem Ipsum available, but the majority have suffered alteration in some form, by injected humour, or randomised words which don\'t look even slightly believable. If you are going to use a passage of Lorem Ipsum, you need to be sure there isn\'t anything embarrassing hidden in the middle of text. All the Lorem Ipsum generators</span><br /></p>', 'CA, USA', '4000 - 5000 USD', '<p><span style="color:rgb(0,0,0);font-family:Verdana;text-align:justify;">There are many variations of passages of Lorem Ipsum available, but the majority have suffered alteration in some form, by injected humour, or randomised words which don\'t look even slightly believable. If you are going to use a passage of Lorem Ipsum, you need to be sure there isn\'t anything embarrassing hidden in the middle of text. All the Lorem Ipsum generators</span><br /></p>', '<p><span style="color:rgb(0,0,0);font-family:Verdana;text-align:justify;">There are many variations of passages of Lorem Ipsum available, but the majority have suffered alteration in some form, by injected humour, or randomised words which don\'t look even slightly believable. If you are going to use a passage of Lorem Ipsum, you need to be sure there isn\'t anything embarrassing hidden in the middle of text. All the Lorem Ipsum generators</span><br /></p>', 'user@gmail.com', 1, NULL, NULL, '2021-11-15 06:50:24', '2021-11-15 06:50:24'),
	(23, 23, 185, 170, 'Senior Graphic Designer Recruitment', 'senior-graphic-designer-recruitment', 3, '12/23/2021', '4', '<p><span style="color:rgb(0,0,0);font-family:Verdana;text-align:justify;">There are many variations of passages of Lorem Ipsum available, but the majority have suffered alteration in some form, by injected humour, or randomised words which don\'t look even slightly believable. If you are going to use a passage of Lorem Ipsum, you need to be sure there isn\'t anything embarrassing hidden in the middle of text. All the Lorem Ipsum generators</span><br /></p>', 'full-time', '<p><span style="color:rgb(0,0,0);font-family:Verdana;text-align:justify;">There are many variations of passages of Lorem Ipsum available, but the majority have suffered alteration in some form, by injected humour, or randomised words which don\'t look even slightly believable. If you are going to use a passage of Lorem Ipsum, you need to be sure there isn\'t anything embarrassing hidden in the middle of text. All the Lorem Ipsum generators</span><br /></p>', '<p><span style="color:rgb(0,0,0);font-family:Verdana;text-align:justify;">There are many variations of passages of Lorem Ipsum available, but the majority have suffered alteration in some form, by injected humour, or randomised words which don\'t look even slightly believable. If you are going to use a passage of Lorem Ipsum, you need to be sure there isn\'t anything embarrassing hidden in the middle of text. All the Lorem Ipsum generators</span><br /></p>', '<p><span style="color:rgb(0,0,0);font-family:Verdana;text-align:justify;">There are many variations of passages of Lorem Ipsum available, but the majority have suffered alteration in some form, by injected humour, or randomised words which don\'t look even slightly believable. If you are going to use a passage of Lorem Ipsum, you need to be sure there isn\'t anything embarrassing hidden in the middle of text. All the Lorem Ipsum generators</span><br /></p>', 'CA, USA', '4000 - 5000 USD', '<p><span style="color:rgb(0,0,0);font-family:Verdana;text-align:justify;">There are many variations of passages of Lorem Ipsum available, but the majority have suffered alteration in some form, by injected humour, or randomised words which don\'t look even slightly believable. If you are going to use a passage of Lorem Ipsum, you need to be sure there isn\'t anything embarrassing hidden in the middle of text. All the Lorem Ipsum generators</span><br /></p>', '<p><span style="color:rgb(0,0,0);font-family:Verdana;text-align:justify;">There are many variations of passages of Lorem Ipsum available, but the majority have suffered alteration in some form, by injected humour, or randomised words which don\'t look even slightly believable. If you are going to use a passage of Lorem Ipsum, you need to be sure there isn\'t anything embarrassing hidden in the middle of text. All the Lorem Ipsum generators</span><br /></p>', 'user@gmail.com', 1, NULL, NULL, '2021-11-15 06:50:24', '2021-11-15 06:50:24'),
	(24, 24, 186, 170, 'توظيف كبار مطوري ويب Laravel', 'توظيف-كبار-مطوري-ويب-laravel', 3, '12/23/2021', '4', 'هنالك العديد من الأنواع المتوفرة لنصوص لوريم إيبسوم، ولكن الغالبية تم تعديلها بشكل ما عبر إدخال بعض النوادر أو الكلمات العشوائية إلى النص. إن كنت تريد أن تستخدم نص لوريم إيبسوم ما، عليك أن تتحقق أولاً أن ليس هناك أي كلمات أو عبارات محرجة أو', 'وقت كامل', 'هنالك العديد من الأنواع المتوفرة لنصوص لوريم إيبسوم، ولكن الغالبية تم تعديلها بشكل ما عبر إدخال بعض النوادر أو الكلمات العشوائية إلى النص. إن كنت تريد أن تستخدم نص لوريم إيبسوم ما، عليك أن تتحقق أولاً أن ليس هناك أي كلمات أو عبارات محرجة أو', 'هنالك العديد من الأنواع المتوفرة لنصوص لوريم إيبسوم، ولكن الغالبية تم تعديلها بشكل ما عبر إدخال بعض النوادر أو الكلمات العشوائية إلى النص. إن كنت تريد أن تستخدم نص لوريم إيبسوم ما، عليك أن تتحقق أولاً أن ليس هناك أي كلمات أو عبارات محرجة أو', 'هنالك العديد من الأنواع المتوفرة لنصوص لوريم إيبسوم، ولكن الغالبية تم تعديلها بشكل ما عبر إدخال بعض النوادر أو الكلمات العشوائية إلى النص. إن كنت تريد أن تستخدم نص لوريم إيبسوم ما، عليك أن تتحقق أولاً أن ليس هناك أي كلمات أو عبارات محرجة أو', 'كاليفورنيا ، الولايات المتحدة الأمريكية', '4000 - 5000 USD', 'هنالك العديد من الأنواع المتوفرة لنصوص لوريم إيبسوم، ولكن الغالبية تم تعديلها بشكل ما عبر إدخال بعض النوادر أو الكلمات العشوائية إلى النص. إن كنت تريد أن تستخدم نص لوريم إيبسوم ما، عليك أن تتحقق أولاً أن ليس هناك أي كلمات أو عبارات محرجة أو', 'هنالك العديد من الأنواع المتوفرة لنصوص لوريم إيبسوم، ولكن الغالبية تم تعديلها بشكل ما عبر إدخال بعض النوادر أو الكلمات العشوائية إلى النص. إن كنت تريد أن تستخدم نص لوريم إيبسوم ما، عليك أن تتحقق أولاً أن ليس هناك أي كلمات أو عبارات محرجة أو', 'user@gmail.com', 1, NULL, NULL, '2021-11-15 06:50:24', '2021-11-15 06:50:24'),
	(25, 25, 186, 170, 'توظيف كبار مطوري الواجهة الأمامية', 'توظيف-كبار-مطوري-الواجهة-الأمامية', 3, '12/23/2021', '4', 'هنالك العديد من الأنواع المتوفرة لنصوص لوريم إيبسوم، ولكن الغالبية تم تعديلها بشكل ما عبر إدخال بعض النوادر أو الكلمات العشوائية إلى النص. إن كنت تريد أن تستخدم نص لوريم إيبسوم ما، عليك أن تتحقق أولاً أن ليس هناك أي كلمات أو عبارات محرجة أو', 'وقت كامل', 'هنالك العديد من الأنواع المتوفرة لنصوص لوريم إيبسوم، ولكن الغالبية تم تعديلها بشكل ما عبر إدخال بعض النوادر أو الكلمات العشوائية إلى النص. إن كنت تريد أن تستخدم نص لوريم إيبسوم ما، عليك أن تتحقق أولاً أن ليس هناك أي كلمات أو عبارات محرجة أو', 'هنالك العديد من الأنواع المتوفرة لنصوص لوريم إيبسوم، ولكن الغالبية تم تعديلها بشكل ما عبر إدخال بعض النوادر أو الكلمات العشوائية إلى النص. إن كنت تريد أن تستخدم نص لوريم إيبسوم ما، عليك أن تتحقق أولاً أن ليس هناك أي كلمات أو عبارات محرجة أو', 'هنالك العديد من الأنواع المتوفرة لنصوص لوريم إيبسوم، ولكن الغالبية تم تعديلها بشكل ما عبر إدخال بعض النوادر أو الكلمات العشوائية إلى النص. إن كنت تريد أن تستخدم نص لوريم إيبسوم ما، عليك أن تتحقق أولاً أن ليس هناك أي كلمات أو عبارات محرجة أو', 'كاليفورنيا ، الولايات المتحدة الأمريكية', '4000 - 5000 USD', 'هنالك العديد من الأنواع المتوفرة لنصوص لوريم إيبسوم، ولكن الغالبية تم تعديلها بشكل ما عبر إدخال بعض النوادر أو الكلمات العشوائية إلى النص. إن كنت تريد أن تستخدم نص لوريم إيبسوم ما، عليك أن تتحقق أولاً أن ليس هناك أي كلمات أو عبارات محرجة أو', 'هنالك العديد من الأنواع المتوفرة لنصوص لوريم إيبسوم، ولكن الغالبية تم تعديلها بشكل ما عبر إدخال بعض النوادر أو الكلمات العشوائية إلى النص. إن كنت تريد أن تستخدم نص لوريم إيبسوم ما، عليك أن تتحقق أولاً أن ليس هناك أي كلمات أو عبارات محرجة أو', 'user@gmail.com', 1, NULL, NULL, '2021-11-15 06:50:24', '2021-11-15 06:50:24'),
	(26, 26, 186, 170, 'توظيف مصمم غرافيك أول', 'توظيف-مصمم-غرافيك-أول', 3, '12/23/2021', '4', 'هنالك العديد من الأنواع المتوفرة لنصوص لوريم إيبسوم، ولكن الغالبية تم تعديلها بشكل ما عبر إدخال بعض النوادر أو الكلمات العشوائية إلى النص. إن كنت تريد أن تستخدم نص لوريم إيبسوم ما، عليك أن تتحقق أولاً أن ليس هناك أي كلمات أو عبارات محرجة أو', 'وقت كامل', 'هنالك العديد من الأنواع المتوفرة لنصوص لوريم إيبسوم، ولكن الغالبية تم تعديلها بشكل ما عبر إدخال بعض النوادر أو الكلمات العشوائية إلى النص. إن كنت تريد أن تستخدم نص لوريم إيبسوم ما، عليك أن تتحقق أولاً أن ليس هناك أي كلمات أو عبارات محرجة أو', 'هنالك العديد من الأنواع المتوفرة لنصوص لوريم إيبسوم، ولكن الغالبية تم تعديلها بشكل ما عبر إدخال بعض النوادر أو الكلمات العشوائية إلى النص. إن كنت تريد أن تستخدم نص لوريم إيبسوم ما، عليك أن تتحقق أولاً أن ليس هناك أي كلمات أو عبارات محرجة أو', 'هنالك العديد من الأنواع المتوفرة لنصوص لوريم إيبسوم، ولكن الغالبية تم تعديلها بشكل ما عبر إدخال بعض النوادر أو الكلمات العشوائية إلى النص. إن كنت تريد أن تستخدم نص لوريم إيبسوم ما، عليك أن تتحقق أولاً أن ليس هناك أي كلمات أو عبارات محرجة أو', 'كاليفورنيا ، الولايات المتحدة الأمريكية', '4000 - 5000 USD', 'هنالك العديد من الأنواع المتوفرة لنصوص لوريم إيبسوم، ولكن الغالبية تم تعديلها بشكل ما عبر إدخال بعض النوادر أو الكلمات العشوائية إلى النص. إن كنت تريد أن تستخدم نص لوريم إيبسوم ما، عليك أن تتحقق أولاً أن ليس هناك أي كلمات أو عبارات محرجة أو', 'هنالك العديد من الأنواع المتوفرة لنصوص لوريم إيبسوم، ولكن الغالبية تم تعديلها بشكل ما عبر إدخال بعض النوادر أو الكلمات العشوائية إلى النص. إن كنت تريد أن تستخدم نص لوريم إيبسوم ما، عليك أن تتحقق أولاً أن ليس هناك أي كلمات أو عبارات محرجة أو', 'user@gmail.com', 1, NULL, NULL, '2021-11-15 06:50:24', '2021-11-15 06:50:24'),
	(27, 27, 187, 171, 'Senior Laravel Web Developer Recruitment', 'senior-laravel-web-developer-recruitment', 3, '12/23/2021', '4', '<p><span style="color:rgb(0,0,0);font-family:Verdana;text-align:justify;">There are many variations of passages of Lorem Ipsum available, but the majority have suffered alteration in some form, by injected humour, or randomised words which don\'t look even slightly believable. If you are going to use a passage of Lorem Ipsum, you need to be sure there isn\'t anything embarrassing hidden in the middle of text. All the Lorem Ipsum generators</span><br /></p>', 'full-time', '<p><span style="color:rgb(0,0,0);font-family:Verdana;text-align:justify;">There are many variations of passages of Lorem Ipsum available, but the majority have suffered alteration in some form, by injected humour, or randomised words which don\'t look even slightly believable. If you are going to use a passage of Lorem Ipsum, you need to be sure there isn\'t anything embarrassing hidden in the middle of text. All the Lorem Ipsum generators</span><br /></p>', '<p><span style="color:rgb(0,0,0);font-family:Verdana;text-align:justify;">There are many variations of passages of Lorem Ipsum available, but the majority have suffered alteration in some form, by injected humour, or randomised words which don\'t look even slightly believable. If you are going to use a passage of Lorem Ipsum, you need to be sure there isn\'t anything embarrassing hidden in the middle of text. All the Lorem Ipsum generators</span><br /></p>', '<p><span style="color:rgb(0,0,0);font-family:Verdana;text-align:justify;">There are many variations of passages of Lorem Ipsum available, but the majority have suffered alteration in some form, by injected humour, or randomised words which don\'t look even slightly believable. If you are going to use a passage of Lorem Ipsum, you need to be sure there isn\'t anything embarrassing hidden in the middle of text. All the Lorem Ipsum generators</span><br /></p>', 'CA, USA', '4000 - 5000 USD', '<p><span style="color:rgb(0,0,0);font-family:Verdana;text-align:justify;">There are many variations of passages of Lorem Ipsum available, but the majority have suffered alteration in some form, by injected humour, or randomised words which don\'t look even slightly believable. If you are going to use a passage of Lorem Ipsum, you need to be sure there isn\'t anything embarrassing hidden in the middle of text. All the Lorem Ipsum generators</span><br /></p>', '<p><span style="color:rgb(0,0,0);font-family:Verdana;text-align:justify;">There are many variations of passages of Lorem Ipsum available, but the majority have suffered alteration in some form, by injected humour, or randomised words which don\'t look even slightly believable. If you are going to use a passage of Lorem Ipsum, you need to be sure there isn\'t anything embarrassing hidden in the middle of text. All the Lorem Ipsum generators</span><br /></p>', 'user@gmail.com', 1, NULL, NULL, '2021-11-15 06:50:24', '2021-11-15 06:50:24'),
	(28, 28, 187, 171, 'Senior Frontend Developer Recruitment', 'senior-frontend-developer-recruitment', 3, '12/23/2021', '4', '<p><span style="color:rgb(0,0,0);font-family:Verdana;text-align:justify;">There are many variations of passages of Lorem Ipsum available, but the majority have suffered alteration in some form, by injected humour, or randomised words which don\'t look even slightly believable. If you are going to use a passage of Lorem Ipsum, you need to be sure there isn\'t anything embarrassing hidden in the middle of text. All the Lorem Ipsum generators</span><br /></p>', 'full-time', '<p><span style="color:rgb(0,0,0);font-family:Verdana;text-align:justify;">There are many variations of passages of Lorem Ipsum available, but the majority have suffered alteration in some form, by injected humour, or randomised words which don\'t look even slightly believable. If you are going to use a passage of Lorem Ipsum, you need to be sure there isn\'t anything embarrassing hidden in the middle of text. All the Lorem Ipsum generators</span><br /></p>', '<p><span style="color:rgb(0,0,0);font-family:Verdana;text-align:justify;">There are many variations of passages of Lorem Ipsum available, but the majority have suffered alteration in some form, by injected humour, or randomised words which don\'t look even slightly believable. If you are going to use a passage of Lorem Ipsum, you need to be sure there isn\'t anything embarrassing hidden in the middle of text. All the Lorem Ipsum generators</span><br /></p>', '<p><span style="color:rgb(0,0,0);font-family:Verdana;text-align:justify;">There are many variations of passages of Lorem Ipsum available, but the majority have suffered alteration in some form, by injected humour, or randomised words which don\'t look even slightly believable. If you are going to use a passage of Lorem Ipsum, you need to be sure there isn\'t anything embarrassing hidden in the middle of text. All the Lorem Ipsum generators</span><br /></p>', 'CA, USA', '4000 - 5000 USD', '<p><span style="color:rgb(0,0,0);font-family:Verdana;text-align:justify;">There are many variations of passages of Lorem Ipsum available, but the majority have suffered alteration in some form, by injected humour, or randomised words which don\'t look even slightly believable. If you are going to use a passage of Lorem Ipsum, you need to be sure there isn\'t anything embarrassing hidden in the middle of text. All the Lorem Ipsum generators</span><br /></p>', '<p><span style="color:rgb(0,0,0);font-family:Verdana;text-align:justify;">There are many variations of passages of Lorem Ipsum available, but the majority have suffered alteration in some form, by injected humour, or randomised words which don\'t look even slightly believable. If you are going to use a passage of Lorem Ipsum, you need to be sure there isn\'t anything embarrassing hidden in the middle of text. All the Lorem Ipsum generators</span><br /></p>', 'user@gmail.com', 1, NULL, NULL, '2021-11-15 06:50:24', '2021-11-15 06:50:24'),
	(29, 29, 187, 171, 'Senior Graphic Designer Recruitment', 'senior-graphic-designer-recruitment', 3, '12/23/2021', '4', '<p><span style="color:rgb(0,0,0);font-family:Verdana;text-align:justify;">There are many variations of passages of Lorem Ipsum available, but the majority have suffered alteration in some form, by injected humour, or randomised words which don\'t look even slightly believable. If you are going to use a passage of Lorem Ipsum, you need to be sure there isn\'t anything embarrassing hidden in the middle of text. All the Lorem Ipsum generators</span><br /></p>', 'full-time', '<p><span style="color:rgb(0,0,0);font-family:Verdana;text-align:justify;">There are many variations of passages of Lorem Ipsum available, but the majority have suffered alteration in some form, by injected humour, or randomised words which don\'t look even slightly believable. If you are going to use a passage of Lorem Ipsum, you need to be sure there isn\'t anything embarrassing hidden in the middle of text. All the Lorem Ipsum generators</span><br /></p>', '<p><span style="color:rgb(0,0,0);font-family:Verdana;text-align:justify;">There are many variations of passages of Lorem Ipsum available, but the majority have suffered alteration in some form, by injected humour, or randomised words which don\'t look even slightly believable. If you are going to use a passage of Lorem Ipsum, you need to be sure there isn\'t anything embarrassing hidden in the middle of text. All the Lorem Ipsum generators</span><br /></p>', '<p><span style="color:rgb(0,0,0);font-family:Verdana;text-align:justify;">There are many variations of passages of Lorem Ipsum available, but the majority have suffered alteration in some form, by injected humour, or randomised words which don\'t look even slightly believable. If you are going to use a passage of Lorem Ipsum, you need to be sure there isn\'t anything embarrassing hidden in the middle of text. All the Lorem Ipsum generators</span><br /></p>', 'CA, USA', '4000 - 5000 USD', '<p><span style="color:rgb(0,0,0);font-family:Verdana;text-align:justify;">There are many variations of passages of Lorem Ipsum available, but the majority have suffered alteration in some form, by injected humour, or randomised words which don\'t look even slightly believable. If you are going to use a passage of Lorem Ipsum, you need to be sure there isn\'t anything embarrassing hidden in the middle of text. All the Lorem Ipsum generators</span><br /></p>', '<p><span style="color:rgb(0,0,0);font-family:Verdana;text-align:justify;">There are many variations of passages of Lorem Ipsum available, but the majority have suffered alteration in some form, by injected humour, or randomised words which don\'t look even slightly believable. If you are going to use a passage of Lorem Ipsum, you need to be sure there isn\'t anything embarrassing hidden in the middle of text. All the Lorem Ipsum generators</span><br /></p>', 'user@gmail.com', 1, NULL, NULL, '2021-11-15 06:50:24', '2021-11-15 06:50:24'),
	(30, 30, 188, 171, 'توظيف كبار مطوري ويب Laravel', 'توظيف-كبار-مطوري-ويب-laravel', 3, '12/23/2021', '4', 'هنالك العديد من الأنواع المتوفرة لنصوص لوريم إيبسوم، ولكن الغالبية تم تعديلها بشكل ما عبر إدخال بعض النوادر أو الكلمات العشوائية إلى النص. إن كنت تريد أن تستخدم نص لوريم إيبسوم ما، عليك أن تتحقق أولاً أن ليس هناك أي كلمات أو عبارات محرجة أو', 'وقت كامل', 'هنالك العديد من الأنواع المتوفرة لنصوص لوريم إيبسوم، ولكن الغالبية تم تعديلها بشكل ما عبر إدخال بعض النوادر أو الكلمات العشوائية إلى النص. إن كنت تريد أن تستخدم نص لوريم إيبسوم ما، عليك أن تتحقق أولاً أن ليس هناك أي كلمات أو عبارات محرجة أو', 'هنالك العديد من الأنواع المتوفرة لنصوص لوريم إيبسوم، ولكن الغالبية تم تعديلها بشكل ما عبر إدخال بعض النوادر أو الكلمات العشوائية إلى النص. إن كنت تريد أن تستخدم نص لوريم إيبسوم ما، عليك أن تتحقق أولاً أن ليس هناك أي كلمات أو عبارات محرجة أو', 'هنالك العديد من الأنواع المتوفرة لنصوص لوريم إيبسوم، ولكن الغالبية تم تعديلها بشكل ما عبر إدخال بعض النوادر أو الكلمات العشوائية إلى النص. إن كنت تريد أن تستخدم نص لوريم إيبسوم ما، عليك أن تتحقق أولاً أن ليس هناك أي كلمات أو عبارات محرجة أو', 'كاليفورنيا ، الولايات المتحدة الأمريكية', '4000 - 5000 USD', 'هنالك العديد من الأنواع المتوفرة لنصوص لوريم إيبسوم، ولكن الغالبية تم تعديلها بشكل ما عبر إدخال بعض النوادر أو الكلمات العشوائية إلى النص. إن كنت تريد أن تستخدم نص لوريم إيبسوم ما، عليك أن تتحقق أولاً أن ليس هناك أي كلمات أو عبارات محرجة أو', 'هنالك العديد من الأنواع المتوفرة لنصوص لوريم إيبسوم، ولكن الغالبية تم تعديلها بشكل ما عبر إدخال بعض النوادر أو الكلمات العشوائية إلى النص. إن كنت تريد أن تستخدم نص لوريم إيبسوم ما، عليك أن تتحقق أولاً أن ليس هناك أي كلمات أو عبارات محرجة أو', 'user@gmail.com', 1, NULL, NULL, '2021-11-15 06:50:24', '2021-11-15 06:50:24'),
	(31, 31, 188, 171, 'توظيف كبار مطوري الواجهة الأمامية', 'توظيف-كبار-مطوري-الواجهة-الأمامية', 3, '12/23/2021', '4', 'هنالك العديد من الأنواع المتوفرة لنصوص لوريم إيبسوم، ولكن الغالبية تم تعديلها بشكل ما عبر إدخال بعض النوادر أو الكلمات العشوائية إلى النص. إن كنت تريد أن تستخدم نص لوريم إيبسوم ما، عليك أن تتحقق أولاً أن ليس هناك أي كلمات أو عبارات محرجة أو', 'وقت كامل', 'هنالك العديد من الأنواع المتوفرة لنصوص لوريم إيبسوم، ولكن الغالبية تم تعديلها بشكل ما عبر إدخال بعض النوادر أو الكلمات العشوائية إلى النص. إن كنت تريد أن تستخدم نص لوريم إيبسوم ما، عليك أن تتحقق أولاً أن ليس هناك أي كلمات أو عبارات محرجة أو', 'هنالك العديد من الأنواع المتوفرة لنصوص لوريم إيبسوم، ولكن الغالبية تم تعديلها بشكل ما عبر إدخال بعض النوادر أو الكلمات العشوائية إلى النص. إن كنت تريد أن تستخدم نص لوريم إيبسوم ما، عليك أن تتحقق أولاً أن ليس هناك أي كلمات أو عبارات محرجة أو', 'هنالك العديد من الأنواع المتوفرة لنصوص لوريم إيبسوم، ولكن الغالبية تم تعديلها بشكل ما عبر إدخال بعض النوادر أو الكلمات العشوائية إلى النص. إن كنت تريد أن تستخدم نص لوريم إيبسوم ما، عليك أن تتحقق أولاً أن ليس هناك أي كلمات أو عبارات محرجة أو', 'كاليفورنيا ، الولايات المتحدة الأمريكية', '4000 - 5000 USD', 'هنالك العديد من الأنواع المتوفرة لنصوص لوريم إيبسوم، ولكن الغالبية تم تعديلها بشكل ما عبر إدخال بعض النوادر أو الكلمات العشوائية إلى النص. إن كنت تريد أن تستخدم نص لوريم إيبسوم ما، عليك أن تتحقق أولاً أن ليس هناك أي كلمات أو عبارات محرجة أو', 'هنالك العديد من الأنواع المتوفرة لنصوص لوريم إيبسوم، ولكن الغالبية تم تعديلها بشكل ما عبر إدخال بعض النوادر أو الكلمات العشوائية إلى النص. إن كنت تريد أن تستخدم نص لوريم إيبسوم ما، عليك أن تتحقق أولاً أن ليس هناك أي كلمات أو عبارات محرجة أو', 'user@gmail.com', 1, NULL, NULL, '2021-11-15 06:50:24', '2021-11-15 06:50:24'),
	(32, 32, 188, 171, 'توظيف مصمم غرافيك أول', 'توظيف-مصمم-غرافيك-أول', 3, '12/23/2021', '4', 'هنالك العديد من الأنواع المتوفرة لنصوص لوريم إيبسوم، ولكن الغالبية تم تعديلها بشكل ما عبر إدخال بعض النوادر أو الكلمات العشوائية إلى النص. إن كنت تريد أن تستخدم نص لوريم إيبسوم ما، عليك أن تتحقق أولاً أن ليس هناك أي كلمات أو عبارات محرجة أو', 'وقت كامل', 'هنالك العديد من الأنواع المتوفرة لنصوص لوريم إيبسوم، ولكن الغالبية تم تعديلها بشكل ما عبر إدخال بعض النوادر أو الكلمات العشوائية إلى النص. إن كنت تريد أن تستخدم نص لوريم إيبسوم ما، عليك أن تتحقق أولاً أن ليس هناك أي كلمات أو عبارات محرجة أو', 'هنالك العديد من الأنواع المتوفرة لنصوص لوريم إيبسوم، ولكن الغالبية تم تعديلها بشكل ما عبر إدخال بعض النوادر أو الكلمات العشوائية إلى النص. إن كنت تريد أن تستخدم نص لوريم إيبسوم ما، عليك أن تتحقق أولاً أن ليس هناك أي كلمات أو عبارات محرجة أو', 'هنالك العديد من الأنواع المتوفرة لنصوص لوريم إيبسوم، ولكن الغالبية تم تعديلها بشكل ما عبر إدخال بعض النوادر أو الكلمات العشوائية إلى النص. إن كنت تريد أن تستخدم نص لوريم إيبسوم ما، عليك أن تتحقق أولاً أن ليس هناك أي كلمات أو عبارات محرجة أو', 'كاليفورنيا ، الولايات المتحدة الأمريكية', '4000 - 5000 USD', 'هنالك العديد من الأنواع المتوفرة لنصوص لوريم إيبسوم، ولكن الغالبية تم تعديلها بشكل ما عبر إدخال بعض النوادر أو الكلمات العشوائية إلى النص. إن كنت تريد أن تستخدم نص لوريم إيبسوم ما، عليك أن تتحقق أولاً أن ليس هناك أي كلمات أو عبارات محرجة أو', 'هنالك العديد من الأنواع المتوفرة لنصوص لوريم إيبسوم، ولكن الغالبية تم تعديلها بشكل ما عبر إدخال بعض النوادر أو الكلمات العشوائية إلى النص. إن كنت تريد أن تستخدم نص لوريم إيبسوم ما، عليك أن تتحقق أولاً أن ليس هناك أي كلمات أو عبارات محرجة أو', 'user@gmail.com', 1, NULL, NULL, '2021-11-15 06:50:24', '2021-11-15 06:50:24');
/*!40000 ALTER TABLE `user_jobs` ENABLE KEYS */;

-- Dumping structure for table wiebo.user_languages
CREATE TABLE IF NOT EXISTS `user_languages` (
  `id` bigint(20) unsigned NOT NULL AUTO_INCREMENT,
  `name` varchar(255) COLLATE utf8mb4_unicode_ci NOT NULL,
  `code` varchar(255) COLLATE utf8mb4_unicode_ci NOT NULL,
  `is_default` tinyint(4) NOT NULL DEFAULT '0',
  `rtl` tinyint(4) NOT NULL COMMENT '0 - LTR, 1- RTL',
  `keywords` longtext COLLATE utf8mb4_unicode_ci,
  `user_id` int(11) DEFAULT NULL,
  `created_at` timestamp NULL DEFAULT NULL,
  `updated_at` timestamp NULL DEFAULT NULL,
  PRIMARY KEY (`id`)
) ENGINE=InnoDB AUTO_INCREMENT=189 DEFAULT CHARSET=utf8mb4 COLLATE=utf8mb4_unicode_ci;

-- Dumping data for table wiebo.user_languages: ~7 rows (approximately)
/*!40000 ALTER TABLE `user_languages` DISABLE KEYS */;
INSERT INTO `user_languages` (`id`, `name`, `code`, `is_default`, `rtl`, `keywords`, `user_id`, `created_at`, `updated_at`) VALUES
	(52, 'Default', 'de', 0, 0, '{"Home":"Home","Services":"Services","Portfolios":"Portfolios","Blog":"Blog","Contact":"Contact","Career":"Career","Job_Details":"Job Details","All":"All","Name":"Name","Email_Address":"Email Address","Subject":"Subject","Message":"Message","Send_Message":"Send Message","Stay_Connected":"Stay Connected","Service_Details":"Service Details","Categories":"Categories","Portfolio_Details":"Portfolio Details","Related_Portfolios":"Related Portfolios","by":"by","Search_Here":"Search Here","Search_your_keyword":"Search your keyword","Blog_Details":"Blog Details","Facebook":"Facebook","Twitter":"Twitter","Linkedin":"Linkedin","Our_Projects":"Our Projects","Team":"Team","Team_Members":"Team Members","Learn_More":"Learn More","Pages":"Pages","Client_Name":"Client Name","Start_Date":"Start Date","End_Date":"End Date","Our_Portfolio":"Our Portfolio","Our_Services":"Our Services","Deadline":"Deadline","Job_Responsibilities":"Job Responsibilities","Employment_Status":"Employment Status","Educational_Requirements":"Educational Requirements","years":"years","year":"year","Experience_Requirements":"Experience Requirements","Additional_Requirements":"Additional Requirements","Job_Location":"Job Location","Salary":"Salary","Read_Before_Apply":"Read Before Apply","Send_your_CV_to":"Send your CV to","Compensation_&_Other_Benefits":"Compensation &amp; Other Benefits","SUBSCRIBE":"SUBSCRIBE","SUBSCRIBE_FOR_NEWSLETTER":"SUBSCRIBE FOR NEWSLETTER","Subscribe":"Subscribe","Quick_Links":"Quick Links","Quote":"Quote","Submit":"Submit","Request_A_Quote":"Request A Quote","Testimonial":"Testimonial","Contact_Us": "Contact Us","FAQ": "FAQ","Share":"Share","Latest_Blog": "Latest Blog","Category":"Category","Website_Link":"Website Link","Educational_Experience":"Educational Experience","Work_Experience":"Work Experience","Vacancy":"Vacancy","Enter_Email_Address":"Enter Email Address","Enter_Name":"Enter Name","Only_zip_file_is_allowed":"Only zip file is allowed"}', NULL, NULL, NULL),
	(183, 'English', 'en', 1, 0, '{"Home":"Home","Services":"Services","Portfolios":"Portfolios","Blog":"Blog","Contact":"Contact","Career":"Career","Job_Details":"Job Details","All":"All","Name":"Name","Email_Address":"Email Address","Subject":"Subject","Message":"Message","Send_Message":"Send Message","Stay_Connected":"Stay Connected","Service_Details":"Service Details","Categories":"Categories","Portfolio_Details":"Portfolio Details","Related_Portfolios":"Related Portfolios","by":"by","Search_Here":"Search Here","Search_your_keyword":"Search your keyword","Blog_Details":"Blog Details","Facebook":"Facebook","Twitter":"Twitter","Linkedin":"Linkedin","Our_Projects":"Our Projects","Team":"Team","Team_Members":"Team Members","Learn_More":"Learn More","Pages":"Pages","Client_Name":"Client Name","Start_Date":"Start Date","End_Date":"End Date","Our_Portfolio":"Our Portfolio","Our_Services":"Our Services","Deadline":"Deadline","Job_Responsibilities":"Job Responsibilities","Employment_Status":"Employment Status","Educational_Requirements":"Educational Requirements","years":"years","year":"year","Experience_Requirements":"Experience Requirements","Additional_Requirements":"Additional Requirements","Job_Location":"Job Location","Salary":"Salary","Read_Before_Apply":"Read Before Apply","Send_your_CV_to":"Send your CV to","Compensation_&_Other_Benefits":"Compensation &amp; Other Benefits","SUBSCRIBE":"SUBSCRIBE","SUBSCRIBE_FOR_NEWSLETTER":"SUBSCRIBE FOR NEWSLETTER","Subscribe":"Subscribe","Quick_Links":"Quick Links","Quote":"Quote","Submit":"Submit","Request_A_Quote":"Request A Quote","Testimonial":"Testimonial","Contact_Us": "Contact Us","FAQ": "FAQ","Share":"Share","Latest_Blog": "Latest Blog","Category":"Category","Website_Link":"Website Link","Educational_Experience":"Educational Experience","Work_Experience":"Work Experience","Vacancy":"Vacancy","Enter_Email_Address":"Enter Email Address","Enter_Name":"Enter Name","Only_zip_file_is_allowed":"Only zip file is allowed"}', 169, '2021-11-15 00:18:27', '2021-11-15 00:18:27'),
	(184, 'عربي', 'ar', 0, 1, '{"Home":"\\u0627\\u0644\\u0635\\u0641\\u062d\\u0629 \\u0627\\u0644\\u0631\\u0626\\u064a\\u0633\\u064a\\u0629","Services":"\\u062e\\u062f\\u0645\\u0627\\u062a","Portfolios":"\\u0627\\u0644\\u0645\\u062d\\u0627\\u0641\\u0638","Blog":"\\u0645\\u062f\\u0648\\u0646\\u0629 \\u0627\\u0648 \\u0645\\u0630\\u0643\\u0631\\u0629","Contact":"\\u0627\\u062a\\u0635\\u0644","Career":"\\u0645\\u0633\\u0627\\u0631 \\u0645\\u0647\\u0646\\u064a \\u0645\\u0633\\u0627\\u0631 \\u0648\\u0638\\u064a\\u0641\\u064a","Job_Details":"\\u062a\\u0641\\u0627\\u0635\\u064a\\u0644 \\u0627\\u0644\\u0648\\u0638\\u064a\\u0641\\u0629","All":"\\u0627\\u0644\\u062c\\u0645\\u064a\\u0639","Name":"\\u0627\\u0633\\u0645","Email_Address":"\\u0639\\u0646\\u0648\\u0627\\u0646 \\u0627\\u0644\\u0628\\u0631\\u064a\\u062f \\u0627\\u0644\\u0625\\u0644\\u0643\\u062a\\u0631\\u0648\\u0646\\u064a","Subject":"\\u0645\\u0648\\u0636\\u0648\\u0639\\u0627\\u062a","Message":"\\u0631\\u0633\\u0627\\u0644\\u0629","Send_Message":"\\u0623\\u0631\\u0633\\u0644 \\u0631\\u0633\\u0627\\u0644\\u0629","Stay_Connected":"\\u0627\\u0628\\u0642 \\u0639\\u0644\\u0649 \\u0627\\u062a\\u0635\\u0627\\u0644","Service_Details":"\\u062a\\u0641\\u0627\\u0635\\u064a\\u0644 \\u0627\\u0644\\u062e\\u062f\\u0645\\u0629","Categories":"\\u0641\\u0626\\u0627\\u062a","Portfolio_Details":"\\u062a\\u0641\\u0627\\u0635\\u064a\\u0644 \\u0627\\u0644\\u0645\\u062d\\u0641\\u0638\\u0629","Related_Portfolios":"\\u0627\\u0644\\u0645\\u062d\\u0627\\u0641\\u0638 \\u0630\\u0627\\u062a \\u0627\\u0644\\u0635\\u0644\\u0629","by":"\\u0628\\u0648\\u0627\\u0633\\u0637\\u0629","Search_Here":"\\u0627\\u0628\\u062d\\u062b \\u0647\\u0646\\u0627","Search_your_keyword":"\\u0627\\u0628\\u062d\\u062b \\u0641\\u064a \\u0643\\u0644\\u0645\\u062a\\u0643 \\u0627\\u0644\\u0631\\u0626\\u064a\\u0633\\u064a\\u0629","Blog_Details":"\\u062a\\u0641\\u0627\\u0635\\u064a\\u0644 \\u0627\\u0644\\u0645\\u062f\\u0648\\u0646\\u0629","Facebook":"\\u0645\\u0648\\u0642\\u0639 \\u0627\\u0644\\u062a\\u0648\\u0627\\u0635\\u0644 \\u0627\\u0644\\u0627\\u062c\\u062a\\u0645\\u0627\\u0639\\u064a \\u0627\\u0644\\u0641\\u064a\\u0633\\u0628\\u0648\\u0643","Twitter":"\\u062a\\u0648\\u064a\\u062a\\u0631","Linkedin":"\\u064a\\u0646\\u0643\\u062f\\u064a\\u0646","Our_Projects":"\\u0645\\u0634\\u0627\\u0631\\u064a\\u0639\\u0646\\u0627","Team":"\\u0641\\u0631\\u064a\\u0642","Team_Members":"\\u0623\\u0639\\u0636\\u0627\\u0621 \\u0627\\u0644\\u0641\\u0631\\u064a\\u0642","Learn_More":"\\u064a\\u062a\\u0639\\u0644\\u0645 \\u0623\\u0643\\u062b\\u0631","Pages":"\\u0627\\u0644\\u0635\\u0641\\u062d\\u0627\\u062a","Client_Name":"\\u0627\\u0633\\u0645 \\u0627\\u0644\\u0639\\u0645\\u064a\\u0644","Start_Date":"\\u062a\\u0627\\u0631\\u064a\\u062e \\u0627\\u0644\\u0628\\u062f\\u0621","End_Date":"\\u062a\\u0627\\u0631\\u064a\\u062e \\u0627\\u0644\\u0627\\u0646\\u062a\\u0647\\u0627\\u0621","Our_Portfolio":"\\u0644\\u062f\\u064a\\u0646\\u0627 \\u0645\\u062d\\u0641\\u0638\\u0629","Our_Services":"\\u062e\\u062f\\u0645\\u0627\\u062a\\u0646\\u0627","Deadline":"\\u0627\\u0644\\u0645\\u0648\\u0639\\u062f \\u0627\\u0644\\u0646\\u0647\\u0627\\u0626\\u064a","Job_Responsibilities":"\\u0645\\u0633\\u0624\\u0648\\u0644\\u064a\\u0627\\u062a \\u0627\\u0644\\u0639\\u0645\\u0644","Employment_Status":"\\u0627\\u0644\\u062d\\u0627\\u0644\\u0629 \\u0627\\u0644\\u0648\\u0638\\u064a\\u0641\\u064a\\u0629","Educational_Requirements":"\\u0627\\u0644\\u0645\\u062a\\u0637\\u0644\\u0628\\u0627\\u062a \\u0627\\u0644\\u062a\\u0639\\u0644\\u064a\\u0645\\u064a\\u0629","Experience_Requirements":"\\u0645\\u062a\\u0637\\u0644\\u0628\\u0627\\u062a \\u0627\\u0644\\u062e\\u0628\\u0631\\u0629","Additional_Requirements":"\\u0645\\u062a\\u0637\\u0644\\u0628\\u0627\\u062a \\u0625\\u0636\\u0627\\u0641\\u064a\\u0629","Job_Location":"\\u0645\\u0643\\u0627\\u0646 \\u0627\\u0644\\u0639\\u0645\\u0644","Salary":"\\u0645\\u0631\\u062a\\u0628","Read_Before_Apply":"\\u0627\\u0642\\u0631\\u0623 \\u0642\\u0628\\u0644 \\u0627\\u0644\\u062a\\u0642\\u062f\\u064a\\u0645","Send_your_CV_to":"\\u0623\\u0631\\u0633\\u0644 \\u0633\\u064a\\u0631\\u062a\\u0643 \\u0627\\u0644\\u0630\\u0627\\u062a\\u064a\\u0629 \\u0625\\u0644\\u0649","Compensation_&_Other_Benefits":"\\u0627\\u0644\\u062a\\u0639\\u0648\\u064a\\u0636\\u0627\\u062a \\u0648\\u0627\\u0644\\u0645\\u0632\\u0627\\u064a\\u0627 \\u0627\\u0644\\u0623\\u062e\\u0631\\u0649","SUBSCRIBE":"\\u0627\\u0644\\u0625\\u0634\\u062a\\u0631\\u0627\\u0643","SUBSCRIBE_FOR_NEWSLETTER":"\\u0627\\u0644\\u0627\\u0634\\u062a\\u0631\\u0627\\u0643 \\u0641\\u064a \\u0627\\u0644\\u0646\\u0634\\u0631\\u0629 \\u0627\\u0644\\u0625\\u062e\\u0628\\u0627\\u0631\\u064a\\u0629","Subscribe":"\\u0627\\u0644\\u0625\\u0634\\u062a\\u0631\\u0627\\u0643","Quick_Links":"\\u0631\\u0648\\u0627\\u0628\\u0637 \\u0633\\u0631\\u064a\\u0639\\u0629","Quote":"\\u0627\\u0642\\u062a\\u0628\\u0633","Submit":"\\u064a\\u0642\\u062f\\u0645","Request_A_Quote":"\\u0627\\u0637\\u0644\\u0628 \\u0627\\u0642\\u062a\\u0628\\u0627\\u0633","Testimonial":"\\u0634\\u0647\\u0627\\u062f\\u0629","Contact_Us":"\\u0627\\u062a\\u0635\\u0644 \\u0628\\u0646\\u0627","FAQ":"\\u0627\\u0644\\u062a\\u0639\\u0644\\u064a\\u0645\\u0627\\u062a","Share":"\\u064a\\u0634\\u0627\\u0631\\u0643","Latest_Blogs":"\\u0623\\u062d\\u062f\\u062b \\u0627\\u0644\\u0645\\u062f\\u0648\\u0646\\u0627\\u062a","Category":"\\u0641\\u0626\\u0629","Website_Link":"\\u0631\\u0627\\u0628\\u0637 \\u0627\\u0644\\u0645\\u0648\\u0642\\u0639","Educational_Experience":"\\u0627\\u0644\\u062e\\u0628\\u0631\\u0629 \\u0627\\u0644\\u062a\\u0639\\u0644\\u064a\\u0645\\u064a\\u0629","Work_Experience":"\\u062e\\u0628\\u0631\\u0629 \\u0641\\u064a \\u0627\\u0644\\u0639\\u0645\\u0644","years":"\\u0633\\u0646\\u0648\\u0627\\u062a","year":"\\u0639\\u0627\\u0645","Vacancy":"\\u062e\\u0627\\u0644\\u064a","Enter_Email_Address":"\\u0623\\u062f\\u062e\\u0644 \\u0639\\u0646\\u0648\\u0627\\u0646 \\u0627\\u0644\\u0628\\u0631\\u064a\\u062f \\u0627\\u0644\\u0627\\u0644\\u0643\\u062a\\u0631\\u0648\\u0646\\u064a","Enter_Name":"\\u0623\\u062f\\u062e\\u0644 \\u0627\\u0644\\u0627\\u0633\\u0645","Only_zip_file_is_allowed":"\\u064a\\u0633\\u0645\\u062d \\u0641\\u0642\\u0637 \\u0628\\u0645\\u0644\\u0641 \\u0645\\u0636\\u063a\\u0648\\u0637"}', 169, '2021-11-15 00:23:45', '2021-11-15 00:23:45'),
	(185, 'English', 'en', 1, 0, '{"Home":"Home","Services":"Services","Portfolios":"Portfolios","Blog":"Blog","Contact":"Contact","Career":"Career","Job_Details":"Job Details","All":"All","Name":"Name","Email_Address":"Email Address","Subject":"Subject","Message":"Message","Send_Message":"Send Message","Stay_Connected":"Stay Connected","Service_Details":"Service Details","Categories":"Categories","Portfolio_Details":"Portfolio Details","Related_Portfolios":"Related Portfolios","by":"by","Search_Here":"Search Here","Search_your_keyword":"Search your keyword","Blog_Details":"Blog Details","Facebook":"Facebook","Twitter":"Twitter","Linkedin":"Linkedin","Our_Projects":"Our Projects","Team":"Team","Team_Members":"Team Members","Learn_More":"Learn More","Pages":"Pages","Client_Name":"Client Name","Start_Date":"Start Date","End_Date":"End Date","Our_Portfolio":"Our Portfolio","Our_Services":"Our Services","Deadline":"Deadline","Job_Responsibilities":"Job Responsibilities","Employment_Status":"Employment Status","Educational_Requirements":"Educational Requirements","years":"years","year":"year","Experience_Requirements":"Experience Requirements","Additional_Requirements":"Additional Requirements","Job_Location":"Job Location","Salary":"Salary","Read_Before_Apply":"Read Before Apply","Send_your_CV_to":"Send your CV to","Compensation_&_Other_Benefits":"Compensation &amp; Other Benefits","SUBSCRIBE":"SUBSCRIBE","SUBSCRIBE_FOR_NEWSLETTER":"SUBSCRIBE FOR NEWSLETTER","Subscribe":"Subscribe","Quick_Links":"Quick Links","Quote":"Quote","Submit":"Submit","Request_A_Quote":"Request A Quote","Testimonial":"Testimonial","Contact_Us": "Contact Us","FAQ": "FAQ","Share":"Share","Latest_Blog": "Latest Blog","Category":"Category","Website_Link":"Website Link","Educational_Experience":"Educational Experience","Work_Experience":"Work Experience","Vacancy":"Vacancy","Enter_Email_Address":"Enter Email Address","Enter_Name":"Enter Name","Only_zip_file_is_allowed":"Only zip file is allowed"}', 170, '2021-11-16 09:47:45', '2021-11-16 09:47:45'),
	(186, 'عربي', 'ar', 0, 1, '{"Home":"\\u0627\\u0644\\u0635\\u0641\\u062d\\u0629 \\u0627\\u0644\\u0631\\u0626\\u064a\\u0633\\u064a\\u0629","Services":"\\u062e\\u062f\\u0645\\u0627\\u062a","Portfolios":"\\u0627\\u0644\\u0645\\u062d\\u0627\\u0641\\u0638","Blog":"\\u0645\\u062f\\u0648\\u0646\\u0629 \\u0627\\u0648 \\u0645\\u0630\\u0643\\u0631\\u0629","Contact":"\\u0627\\u062a\\u0635\\u0644","Career":"\\u0645\\u0633\\u0627\\u0631 \\u0645\\u0647\\u0646\\u064a \\u0645\\u0633\\u0627\\u0631 \\u0648\\u0638\\u064a\\u0641\\u064a","Job_Details":"\\u062a\\u0641\\u0627\\u0635\\u064a\\u0644 \\u0627\\u0644\\u0648\\u0638\\u064a\\u0641\\u0629","All":"\\u0627\\u0644\\u062c\\u0645\\u064a\\u0639","Name":"\\u0627\\u0633\\u0645","Email_Address":"\\u0639\\u0646\\u0648\\u0627\\u0646 \\u0627\\u0644\\u0628\\u0631\\u064a\\u062f \\u0627\\u0644\\u0625\\u0644\\u0643\\u062a\\u0631\\u0648\\u0646\\u064a","Subject":"\\u0645\\u0648\\u0636\\u0648\\u0639\\u0627\\u062a","Message":"\\u0631\\u0633\\u0627\\u0644\\u0629","Send_Message":"\\u0623\\u0631\\u0633\\u0644 \\u0631\\u0633\\u0627\\u0644\\u0629","Stay_Connected":"\\u0627\\u0628\\u0642 \\u0639\\u0644\\u0649 \\u0627\\u062a\\u0635\\u0627\\u0644","Service_Details":"\\u062a\\u0641\\u0627\\u0635\\u064a\\u0644 \\u0627\\u0644\\u062e\\u062f\\u0645\\u0629","Categories":"\\u0641\\u0626\\u0627\\u062a","Portfolio_Details":"\\u062a\\u0641\\u0627\\u0635\\u064a\\u0644 \\u0627\\u0644\\u0645\\u062d\\u0641\\u0638\\u0629","Related_Portfolios":"\\u0627\\u0644\\u0645\\u062d\\u0627\\u0641\\u0638 \\u0630\\u0627\\u062a \\u0627\\u0644\\u0635\\u0644\\u0629","by":"\\u0628\\u0648\\u0627\\u0633\\u0637\\u0629","Search_Here":"\\u0627\\u0628\\u062d\\u062b \\u0647\\u0646\\u0627","Search_your_keyword":"\\u0627\\u0628\\u062d\\u062b \\u0641\\u064a \\u0643\\u0644\\u0645\\u062a\\u0643 \\u0627\\u0644\\u0631\\u0626\\u064a\\u0633\\u064a\\u0629","Blog_Details":"\\u062a\\u0641\\u0627\\u0635\\u064a\\u0644 \\u0627\\u0644\\u0645\\u062f\\u0648\\u0646\\u0629","Facebook":"\\u0645\\u0648\\u0642\\u0639 \\u0627\\u0644\\u062a\\u0648\\u0627\\u0635\\u0644 \\u0627\\u0644\\u0627\\u062c\\u062a\\u0645\\u0627\\u0639\\u064a \\u0627\\u0644\\u0641\\u064a\\u0633\\u0628\\u0648\\u0643","Twitter":"\\u062a\\u0648\\u064a\\u062a\\u0631","Linkedin":"\\u064a\\u0646\\u0643\\u062f\\u064a\\u0646","Our_Projects":"\\u0645\\u0634\\u0627\\u0631\\u064a\\u0639\\u0646\\u0627","Team":"\\u0641\\u0631\\u064a\\u0642","Team_Members":"\\u0623\\u0639\\u0636\\u0627\\u0621 \\u0627\\u0644\\u0641\\u0631\\u064a\\u0642","Learn_More":"\\u064a\\u062a\\u0639\\u0644\\u0645 \\u0623\\u0643\\u062b\\u0631","Pages":"\\u0627\\u0644\\u0635\\u0641\\u062d\\u0627\\u062a","Client_Name":"\\u0627\\u0633\\u0645 \\u0627\\u0644\\u0639\\u0645\\u064a\\u0644","Start_Date":"\\u062a\\u0627\\u0631\\u064a\\u062e \\u0627\\u0644\\u0628\\u062f\\u0621","End_Date":"\\u062a\\u0627\\u0631\\u064a\\u062e \\u0627\\u0644\\u0627\\u0646\\u062a\\u0647\\u0627\\u0621","Our_Portfolio":"\\u0644\\u062f\\u064a\\u0646\\u0627 \\u0645\\u062d\\u0641\\u0638\\u0629","Our_Services":"\\u062e\\u062f\\u0645\\u0627\\u062a\\u0646\\u0627","Deadline":"\\u0627\\u0644\\u0645\\u0648\\u0639\\u062f \\u0627\\u0644\\u0646\\u0647\\u0627\\u0626\\u064a","Job_Responsibilities":"\\u0645\\u0633\\u0624\\u0648\\u0644\\u064a\\u0627\\u062a \\u0627\\u0644\\u0639\\u0645\\u0644","Employment_Status":"\\u0627\\u0644\\u062d\\u0627\\u0644\\u0629 \\u0627\\u0644\\u0648\\u0638\\u064a\\u0641\\u064a\\u0629","Educational_Requirements":"\\u0627\\u0644\\u0645\\u062a\\u0637\\u0644\\u0628\\u0627\\u062a \\u0627\\u0644\\u062a\\u0639\\u0644\\u064a\\u0645\\u064a\\u0629","Experience_Requirements":"\\u0645\\u062a\\u0637\\u0644\\u0628\\u0627\\u062a \\u0627\\u0644\\u062e\\u0628\\u0631\\u0629","Additional_Requirements":"\\u0645\\u062a\\u0637\\u0644\\u0628\\u0627\\u062a \\u0625\\u0636\\u0627\\u0641\\u064a\\u0629","Job_Location":"\\u0645\\u0643\\u0627\\u0646 \\u0627\\u0644\\u0639\\u0645\\u0644","Salary":"\\u0645\\u0631\\u062a\\u0628","Read_Before_Apply":"\\u0627\\u0642\\u0631\\u0623 \\u0642\\u0628\\u0644 \\u0627\\u0644\\u062a\\u0642\\u062f\\u064a\\u0645","Send_your_CV_to":"\\u0623\\u0631\\u0633\\u0644 \\u0633\\u064a\\u0631\\u062a\\u0643 \\u0627\\u0644\\u0630\\u0627\\u062a\\u064a\\u0629 \\u0625\\u0644\\u0649","Compensation_&_Other_Benefits":"\\u0627\\u0644\\u062a\\u0639\\u0648\\u064a\\u0636\\u0627\\u062a \\u0648\\u0627\\u0644\\u0645\\u0632\\u0627\\u064a\\u0627 \\u0627\\u0644\\u0623\\u062e\\u0631\\u0649","SUBSCRIBE":"\\u0627\\u0644\\u0625\\u0634\\u062a\\u0631\\u0627\\u0643","SUBSCRIBE_FOR_NEWSLETTER":"\\u0627\\u0644\\u0627\\u0634\\u062a\\u0631\\u0627\\u0643 \\u0641\\u064a \\u0627\\u0644\\u0646\\u0634\\u0631\\u0629 \\u0627\\u0644\\u0625\\u062e\\u0628\\u0627\\u0631\\u064a\\u0629","Subscribe":"\\u0627\\u0644\\u0625\\u0634\\u062a\\u0631\\u0627\\u0643","Quick_Links":"\\u0631\\u0648\\u0627\\u0628\\u0637 \\u0633\\u0631\\u064a\\u0639\\u0629","Quote":"\\u0627\\u0642\\u062a\\u0628\\u0633","Submit":"\\u064a\\u0642\\u062f\\u0645","Request_A_Quote":"\\u0627\\u0637\\u0644\\u0628 \\u0627\\u0642\\u062a\\u0628\\u0627\\u0633","Testimonial":"\\u0634\\u0647\\u0627\\u062f\\u0629","Contact_Us":"\\u0627\\u062a\\u0635\\u0644 \\u0628\\u0646\\u0627","FAQ":"\\u0627\\u0644\\u062a\\u0639\\u0644\\u064a\\u0645\\u0627\\u062a","Share":"\\u064a\\u0634\\u0627\\u0631\\u0643","Latest_Blogs":"\\u0623\\u062d\\u062f\\u062b \\u0627\\u0644\\u0645\\u062f\\u0648\\u0646\\u0627\\u062a","Category":"\\u0641\\u0626\\u0629","Website_Link":"\\u0631\\u0627\\u0628\\u0637 \\u0627\\u0644\\u0645\\u0648\\u0642\\u0639","Educational_Experience":"\\u0627\\u0644\\u062e\\u0628\\u0631\\u0629 \\u0627\\u0644\\u062a\\u0639\\u0644\\u064a\\u0645\\u064a\\u0629","Work_Experience":"\\u062e\\u0628\\u0631\\u0629 \\u0641\\u064a \\u0627\\u0644\\u0639\\u0645\\u0644","years":"\\u0633\\u0646\\u0648\\u0627\\u062a","year":"\\u0639\\u0627\\u0645","Vacancy":"\\u062e\\u0627\\u0644\\u064a","Enter_Email_Address":"\\u0623\\u062f\\u062e\\u0644 \\u0639\\u0646\\u0648\\u0627\\u0646 \\u0627\\u0644\\u0628\\u0631\\u064a\\u062f \\u0627\\u0644\\u0627\\u0644\\u0643\\u062a\\u0631\\u0648\\u0646\\u064a","Enter_Name":"\\u0623\\u062f\\u062e\\u0644 \\u0627\\u0644\\u0627\\u0633\\u0645","Only_zip_file_is_allowed":"\\u064a\\u0633\\u0645\\u062d \\u0641\\u0642\\u0637 \\u0628\\u0645\\u0644\\u0641 \\u0645\\u0636\\u063a\\u0648\\u0637"}', 170, '2021-11-16 10:00:28', '2021-11-16 10:00:28'),
	(187, 'English', 'en', 1, 0, '{"Home":"Home","Services":"Services","Portfolios":"Portfolios","Blog":"Blog","Contact":"Contact","Career":"Career","Job_Details":"Job Details","All":"All","Name":"Name","Email_Address":"Email Address","Subject":"Subject","Message":"Message","Send_Message":"Send Message","Stay_Connected":"Stay Connected","Service_Details":"Service Details","Categories":"Categories","Portfolio_Details":"Portfolio Details","Related_Portfolios":"Related Portfolios","by":"by","Search_Here":"Search Here","Search_your_keyword":"Search your keyword","Blog_Details":"Blog Details","Facebook":"Facebook","Twitter":"Twitter","Linkedin":"Linkedin","Our_Projects":"Our Projects","Team":"Team","Team_Members":"Team Members","Learn_More":"Learn More","Pages":"Pages","Client_Name":"Client Name","Start_Date":"Start Date","End_Date":"End Date","Our_Portfolio":"Our Portfolio","Our_Services":"Our Services","Deadline":"Deadline","Job_Responsibilities":"Job Responsibilities","Employment_Status":"Employment Status","Educational_Requirements":"Educational Requirements","years":"years","year":"year","Experience_Requirements":"Experience Requirements","Additional_Requirements":"Additional Requirements","Job_Location":"Job Location","Salary":"Salary","Read_Before_Apply":"Read Before Apply","Send_your_CV_to":"Send your CV to","Compensation_&_Other_Benefits":"Compensation &amp; Other Benefits","SUBSCRIBE":"SUBSCRIBE","SUBSCRIBE_FOR_NEWSLETTER":"SUBSCRIBE FOR NEWSLETTER","Subscribe":"Subscribe","Quick_Links":"Quick Links","Quote":"Quote","Submit":"Submit","Request_A_Quote":"Request A Quote","Testimonial":"Testimonial","Contact_Us": "Contact Us","FAQ": "FAQ","Share":"Share","Latest_Blog": "Latest Blog","Category":"Category","Website_Link":"Website Link","Educational_Experience":"Educational Experience","Work_Experience":"Work Experience","Vacancy":"Vacancy","Enter_Email_Address":"Enter Email Address","Enter_Name":"Enter Name","Only_zip_file_is_allowed":"Only zip file is allowed"}', 171, '2021-11-17 07:30:27', '2021-11-17 07:30:27'),
	(188, 'عربي', 'ar', 0, 1, '{"Home":"\\u0627\\u0644\\u0635\\u0641\\u062d\\u0629 \\u0627\\u0644\\u0631\\u0626\\u064a\\u0633\\u064a\\u0629","Services":"\\u062e\\u062f\\u0645\\u0627\\u062a","Portfolios":"\\u0627\\u0644\\u0645\\u062d\\u0627\\u0641\\u0638","Blog":"\\u0645\\u062f\\u0648\\u0646\\u0629 \\u0627\\u0648 \\u0645\\u0630\\u0643\\u0631\\u0629","Contact":"\\u0627\\u062a\\u0635\\u0644","Career":"\\u0645\\u0633\\u0627\\u0631 \\u0645\\u0647\\u0646\\u064a \\u0645\\u0633\\u0627\\u0631 \\u0648\\u0638\\u064a\\u0641\\u064a","Job_Details":"\\u062a\\u0641\\u0627\\u0635\\u064a\\u0644 \\u0627\\u0644\\u0648\\u0638\\u064a\\u0641\\u0629","All":"\\u0627\\u0644\\u062c\\u0645\\u064a\\u0639","Name":"\\u0627\\u0633\\u0645","Email_Address":"\\u0639\\u0646\\u0648\\u0627\\u0646 \\u0627\\u0644\\u0628\\u0631\\u064a\\u062f \\u0627\\u0644\\u0625\\u0644\\u0643\\u062a\\u0631\\u0648\\u0646\\u064a","Subject":"\\u0645\\u0648\\u0636\\u0648\\u0639\\u0627\\u062a","Message":"\\u0631\\u0633\\u0627\\u0644\\u0629","Send_Message":"\\u0623\\u0631\\u0633\\u0644 \\u0631\\u0633\\u0627\\u0644\\u0629","Stay_Connected":"\\u0627\\u0628\\u0642 \\u0639\\u0644\\u0649 \\u0627\\u062a\\u0635\\u0627\\u0644","Service_Details":"\\u062a\\u0641\\u0627\\u0635\\u064a\\u0644 \\u0627\\u0644\\u062e\\u062f\\u0645\\u0629","Categories":"\\u0641\\u0626\\u0627\\u062a","Portfolio_Details":"\\u062a\\u0641\\u0627\\u0635\\u064a\\u0644 \\u0627\\u0644\\u0645\\u062d\\u0641\\u0638\\u0629","Related_Portfolios":"\\u0627\\u0644\\u0645\\u062d\\u0627\\u0641\\u0638 \\u0630\\u0627\\u062a \\u0627\\u0644\\u0635\\u0644\\u0629","by":"\\u0628\\u0648\\u0627\\u0633\\u0637\\u0629","Search_Here":"\\u0627\\u0628\\u062d\\u062b \\u0647\\u0646\\u0627","Search_your_keyword":"\\u0627\\u0628\\u062d\\u062b \\u0641\\u064a \\u0643\\u0644\\u0645\\u062a\\u0643 \\u0627\\u0644\\u0631\\u0626\\u064a\\u0633\\u064a\\u0629","Blog_Details":"\\u062a\\u0641\\u0627\\u0635\\u064a\\u0644 \\u0627\\u0644\\u0645\\u062f\\u0648\\u0646\\u0629","Facebook":"\\u0645\\u0648\\u0642\\u0639 \\u0627\\u0644\\u062a\\u0648\\u0627\\u0635\\u0644 \\u0627\\u0644\\u0627\\u062c\\u062a\\u0645\\u0627\\u0639\\u064a \\u0627\\u0644\\u0641\\u064a\\u0633\\u0628\\u0648\\u0643","Twitter":"\\u062a\\u0648\\u064a\\u062a\\u0631","Linkedin":"\\u064a\\u0646\\u0643\\u062f\\u064a\\u0646","Our_Projects":"\\u0645\\u0634\\u0627\\u0631\\u064a\\u0639\\u0646\\u0627","Team":"\\u0641\\u0631\\u064a\\u0642","Team_Members":"\\u0623\\u0639\\u0636\\u0627\\u0621 \\u0627\\u0644\\u0641\\u0631\\u064a\\u0642","Learn_More":"\\u064a\\u062a\\u0639\\u0644\\u0645 \\u0623\\u0643\\u062b\\u0631","Pages":"\\u0627\\u0644\\u0635\\u0641\\u062d\\u0627\\u062a","Client_Name":"\\u0627\\u0633\\u0645 \\u0627\\u0644\\u0639\\u0645\\u064a\\u0644","Start_Date":"\\u062a\\u0627\\u0631\\u064a\\u062e \\u0627\\u0644\\u0628\\u062f\\u0621","End_Date":"\\u062a\\u0627\\u0631\\u064a\\u062e \\u0627\\u0644\\u0627\\u0646\\u062a\\u0647\\u0627\\u0621","Our_Portfolio":"\\u0644\\u062f\\u064a\\u0646\\u0627 \\u0645\\u062d\\u0641\\u0638\\u0629","Our_Services":"\\u062e\\u062f\\u0645\\u0627\\u062a\\u0646\\u0627","Deadline":"\\u0627\\u0644\\u0645\\u0648\\u0639\\u062f \\u0627\\u0644\\u0646\\u0647\\u0627\\u0626\\u064a","Job_Responsibilities":"\\u0645\\u0633\\u0624\\u0648\\u0644\\u064a\\u0627\\u062a \\u0627\\u0644\\u0639\\u0645\\u0644","Employment_Status":"\\u0627\\u0644\\u062d\\u0627\\u0644\\u0629 \\u0627\\u0644\\u0648\\u0638\\u064a\\u0641\\u064a\\u0629","Educational_Requirements":"\\u0627\\u0644\\u0645\\u062a\\u0637\\u0644\\u0628\\u0627\\u062a \\u0627\\u0644\\u062a\\u0639\\u0644\\u064a\\u0645\\u064a\\u0629","Experience_Requirements":"\\u0645\\u062a\\u0637\\u0644\\u0628\\u0627\\u062a \\u0627\\u0644\\u062e\\u0628\\u0631\\u0629","Additional_Requirements":"\\u0645\\u062a\\u0637\\u0644\\u0628\\u0627\\u062a \\u0625\\u0636\\u0627\\u0641\\u064a\\u0629","Job_Location":"\\u0645\\u0643\\u0627\\u0646 \\u0627\\u0644\\u0639\\u0645\\u0644","Salary":"\\u0645\\u0631\\u062a\\u0628","Read_Before_Apply":"\\u0627\\u0642\\u0631\\u0623 \\u0642\\u0628\\u0644 \\u0627\\u0644\\u062a\\u0642\\u062f\\u064a\\u0645","Send_your_CV_to":"\\u0623\\u0631\\u0633\\u0644 \\u0633\\u064a\\u0631\\u062a\\u0643 \\u0627\\u0644\\u0630\\u0627\\u062a\\u064a\\u0629 \\u0625\\u0644\\u0649","Compensation_&_Other_Benefits":"\\u0627\\u0644\\u062a\\u0639\\u0648\\u064a\\u0636\\u0627\\u062a \\u0648\\u0627\\u0644\\u0645\\u0632\\u0627\\u064a\\u0627 \\u0627\\u0644\\u0623\\u062e\\u0631\\u0649","SUBSCRIBE":"\\u0627\\u0644\\u0625\\u0634\\u062a\\u0631\\u0627\\u0643","SUBSCRIBE_FOR_NEWSLETTER":"\\u0627\\u0644\\u0627\\u0634\\u062a\\u0631\\u0627\\u0643 \\u0641\\u064a \\u0627\\u0644\\u0646\\u0634\\u0631\\u0629 \\u0627\\u0644\\u0625\\u062e\\u0628\\u0627\\u0631\\u064a\\u0629","Subscribe":"\\u0627\\u0644\\u0625\\u0634\\u062a\\u0631\\u0627\\u0643","Quick_Links":"\\u0631\\u0648\\u0627\\u0628\\u0637 \\u0633\\u0631\\u064a\\u0639\\u0629","Quote":"\\u0627\\u0642\\u062a\\u0628\\u0633","Submit":"\\u064a\\u0642\\u062f\\u0645","Request_A_Quote":"\\u0627\\u0637\\u0644\\u0628 \\u0627\\u0642\\u062a\\u0628\\u0627\\u0633","Testimonial":"\\u0634\\u0647\\u0627\\u062f\\u0629","Contact_Us":"\\u0627\\u062a\\u0635\\u0644 \\u0628\\u0646\\u0627","FAQ":"\\u0627\\u0644\\u062a\\u0639\\u0644\\u064a\\u0645\\u0627\\u062a","Share":"\\u064a\\u0634\\u0627\\u0631\\u0643","Latest_Blogs":"\\u0623\\u062d\\u062f\\u062b \\u0627\\u0644\\u0645\\u062f\\u0648\\u0646\\u0627\\u062a","Category":"\\u0641\\u0626\\u0629","Website_Link":"\\u0631\\u0627\\u0628\\u0637 \\u0627\\u0644\\u0645\\u0648\\u0642\\u0639","Educational_Experience":"\\u0627\\u0644\\u062e\\u0628\\u0631\\u0629 \\u0627\\u0644\\u062a\\u0639\\u0644\\u064a\\u0645\\u064a\\u0629","Work_Experience":"\\u062e\\u0628\\u0631\\u0629 \\u0641\\u064a \\u0627\\u0644\\u0639\\u0645\\u0644","years":"\\u0633\\u0646\\u0648\\u0627\\u062a","year":"\\u0639\\u0627\\u0645","Vacancy":"\\u062e\\u0627\\u0644\\u064a","Enter_Email_Address":"\\u0623\\u062f\\u062e\\u0644 \\u0639\\u0646\\u0648\\u0627\\u0646 \\u0627\\u0644\\u0628\\u0631\\u064a\\u062f \\u0627\\u0644\\u0627\\u0644\\u0643\\u062a\\u0631\\u0648\\u0646\\u064a","Enter_Name":"\\u0623\\u062f\\u062e\\u0644 \\u0627\\u0644\\u0627\\u0633\\u0645","Only_zip_file_is_allowed":"\\u064a\\u0633\\u0645\\u062d \\u0641\\u0642\\u0637 \\u0628\\u0645\\u0644\\u0641 \\u0645\\u0636\\u063a\\u0648\\u0637"}', 171, '2021-11-17 08:00:32', '2021-11-17 08:00:32');
/*!40000 ALTER TABLE `user_languages` ENABLE KEYS */;

-- Dumping structure for table wiebo.user_members
CREATE TABLE IF NOT EXISTS `user_members` (
  `id` int(11) NOT NULL AUTO_INCREMENT,
  `language_id` int(11) DEFAULT NULL,
  `user_id` int(11) DEFAULT NULL,
  `name` varchar(50) DEFAULT NULL,
  `rank` varchar(50) DEFAULT NULL,
  `image` varchar(255) DEFAULT NULL,
  `facebook` varchar(255) DEFAULT NULL,
  `twitter` varchar(255) DEFAULT NULL,
  `instagram` varchar(255) DEFAULT NULL,
  `linkedin` varchar(255) DEFAULT NULL,
  `featured` tinyint(4) NOT NULL DEFAULT '0',
  PRIMARY KEY (`id`)
) ENGINE=InnoDB AUTO_INCREMENT=60 DEFAULT CHARSET=utf8;

-- Dumping data for table wiebo.user_members: ~36 rows (approximately)
/*!40000 ALTER TABLE `user_members` DISABLE KEYS */;
INSERT INTO `user_members` (`id`, `language_id`, `user_id`, `name`, `rank`, `image`, `facebook`, `twitter`, `instagram`, `linkedin`, `featured`) VALUES
	(24, 183, 169, 'Stuart Clark', 'CEO, Rolan', 'acd1febb23fa4b94a5bd4fedc1a27c3f7df28ece.jpg', 'http://example.com/', 'http://example.com/', 'http://example.com/', 'http://example.com/', 1),
	(25, 183, 169, 'Federico Cheisa', 'Manager, Rolan', '4e7eba710318635d8f05ccfcac8b1d5361d129ff.jpg', 'http://example.com/', 'http://example.com/', 'http://example.com/', 'http://example.com/', 1),
	(26, 183, 169, 'Dani Olmo', 'Developer, Rolan', '513e589a441846ebf507b866658495631cdb4d7c.jpg', 'http://example.com/', 'http://example.com/', 'http://example.com/', 'http://example.com/', 1),
	(27, 183, 169, 'Thiago Silva', 'Designer, Rolan', '104f6e9e54dc58e1f4fe1e80419afa126a30bb96.jpg', 'http://example.com/', 'http://example.com/', 'http://example.com/', 'http://example.com/', 1),
	(28, 183, 169, 'Thiago Motta', 'Team Leader, Rolan', 'c9a3753524b7ef640d7a1dd088392b9a360b8ff2.jpg', 'http://example.com/', 'http://example.com/', 'http://example.com/', 'http://example.com/', 0),
	(29, 183, 169, 'Chielini', 'Developer, Rolan', 'f774486cb1090ba3ced25a372f3eebd08f0b6ab4.jpg', 'http://example.com/', 'http://example.com/', 'http://example.com/', 'http://example.com/', 0),
	(30, 184, 169, 'ستيوارت كلارك', 'المدير التنفيذي ، رولاند', 'acd1febb23fa4b94a5bd4fedc1a27c3f7df28ece.jpg', 'http://example.com/', 'http://example.com/', 'http://example.com/', 'http://example.com/', 1),
	(31, 184, 169, 'فيديريكو المطارد', 'مدير رولان', '4e7eba710318635d8f05ccfcac8b1d5361d129ff.jpg', 'http://example.com/', 'http://example.com/', 'http://example.com/', 'http://example.com/', 1),
	(32, 184, 169, 'داني أولمو', 'المطور ، رولان', '513e589a441846ebf507b866658495631cdb4d7c.jpg', 'http://example.com/', 'http://example.com/', 'http://example.com/', 'http://example.com/', 1),
	(33, 184, 169, 'تياغو سيلفا', 'المصمم رولان', '104f6e9e54dc58e1f4fe1e80419afa126a30bb96.jpg', 'http://example.com/', 'http://example.com/', 'http://example.com/', 'http://example.com/', 1),
	(34, 184, 169, 'تياجو موتا', 'قائد الفريق ، رولان', 'c9a3753524b7ef640d7a1dd088392b9a360b8ff2.jpg', 'http://example.com/', 'http://example.com/', 'http://example.com/', 'http://example.com/', 0),
	(35, 184, 169, 'كيليني', 'المطور ، رولان', 'f774486cb1090ba3ced25a372f3eebd08f0b6ab4.jpg', 'http://example.com/', 'http://example.com/', 'http://example.com/', 'http://example.com/', 0),
	(36, 185, 170, 'Stuart Clark', 'CEO, Rolan', 'acd1febb23fa4b94a5bd4fedc1a27c3f7df28ece.jpg', 'http://example.com/', 'http://example.com/', 'http://example.com/', 'http://example.com/', 1),
	(37, 185, 170, 'Federico Cheisa', 'Manager, Rolan', '4e7eba710318635d8f05ccfcac8b1d5361d129ff.jpg', 'http://example.com/', 'http://example.com/', 'http://example.com/', 'http://example.com/', 1),
	(38, 185, 170, 'Dani Olmo', 'Developer, Rolan', '513e589a441846ebf507b866658495631cdb4d7c.jpg', 'http://example.com/', 'http://example.com/', 'http://example.com/', 'http://example.com/', 1),
	(39, 185, 170, 'Thiago Silva', 'Designer, Rolan', '104f6e9e54dc58e1f4fe1e80419afa126a30bb96.jpg', 'http://example.com/', 'http://example.com/', 'http://example.com/', 'http://example.com/', 1),
	(40, 185, 170, 'Thiago Motta', 'Team Leader, Rolan', 'c9a3753524b7ef640d7a1dd088392b9a360b8ff2.jpg', 'http://example.com/', 'http://example.com/', 'http://example.com/', 'http://example.com/', 0),
	(41, 185, 170, 'Chielini', 'Developer, Rolan', 'f774486cb1090ba3ced25a372f3eebd08f0b6ab4.jpg', 'http://example.com/', 'http://example.com/', 'http://example.com/', 'http://example.com/', 0),
	(42, 186, 170, 'ستيوارت كلارك', 'المدير التنفيذي ، رولاند', 'acd1febb23fa4b94a5bd4fedc1a27c3f7df28ece.jpg', 'http://example.com/', 'http://example.com/', 'http://example.com/', 'http://example.com/', 1),
	(43, 186, 170, 'فيديريكو المطارد', 'مدير رولان', '4e7eba710318635d8f05ccfcac8b1d5361d129ff.jpg', 'http://example.com/', 'http://example.com/', 'http://example.com/', 'http://example.com/', 1),
	(44, 186, 170, 'داني أولمو', 'المطور ، رولان', '513e589a441846ebf507b866658495631cdb4d7c.jpg', 'http://example.com/', 'http://example.com/', 'http://example.com/', 'http://example.com/', 1),
	(45, 186, 170, 'تياغو سيلفا', 'المصمم رولان', '104f6e9e54dc58e1f4fe1e80419afa126a30bb96.jpg', 'http://example.com/', 'http://example.com/', 'http://example.com/', 'http://example.com/', 1),
	(46, 186, 170, 'تياجو موتا', 'قائد الفريق ، رولان', 'c9a3753524b7ef640d7a1dd088392b9a360b8ff2.jpg', 'http://example.com/', 'http://example.com/', 'http://example.com/', 'http://example.com/', 0),
	(47, 186, 170, 'كيليني', 'المطور ، رولان', 'f774486cb1090ba3ced25a372f3eebd08f0b6ab4.jpg', 'http://example.com/', 'http://example.com/', 'http://example.com/', 'http://example.com/', 0),
	(48, 187, 171, 'Stuart Clark', 'CEO, Rolan', 'acd1febb23fa4b94a5bd4fedc1a27c3f7df28ece.jpg', 'http://example.com/', 'http://example.com/', 'http://example.com/', 'http://example.com/', 1),
	(49, 187, 171, 'Federico Cheisa', 'Manager, Rolan', '4e7eba710318635d8f05ccfcac8b1d5361d129ff.jpg', 'http://example.com/', 'http://example.com/', 'http://example.com/', 'http://example.com/', 1),
	(50, 187, 171, 'Dani Olmo', 'Developer, Rolan', '513e589a441846ebf507b866658495631cdb4d7c.jpg', 'http://example.com/', 'http://example.com/', 'http://example.com/', 'http://example.com/', 1),
	(51, 187, 171, 'Thiago Silva', 'Designer, Rolan', '104f6e9e54dc58e1f4fe1e80419afa126a30bb96.jpg', 'http://example.com/', 'http://example.com/', 'http://example.com/', 'http://example.com/', 1),
	(52, 187, 171, 'Thiago Motta', 'Team Leader, Rolan', 'c9a3753524b7ef640d7a1dd088392b9a360b8ff2.jpg', 'http://example.com/', 'http://example.com/', 'http://example.com/', 'http://example.com/', 1),
	(53, 187, 171, 'Chielini', 'Developer, Rolan', 'f774486cb1090ba3ced25a372f3eebd08f0b6ab4.jpg', 'http://example.com/', 'http://example.com/', 'http://example.com/', 'http://example.com/', 1),
	(54, 188, 171, 'ستيوارت كلارك', 'المدير التنفيذي ، رولاند', 'acd1febb23fa4b94a5bd4fedc1a27c3f7df28ece.jpg', 'http://example.com/', 'http://example.com/', 'http://example.com/', 'http://example.com/', 1),
	(55, 188, 171, 'فيديريكو المطارد', 'مدير رولان', '4e7eba710318635d8f05ccfcac8b1d5361d129ff.jpg', 'http://example.com/', 'http://example.com/', 'http://example.com/', 'http://example.com/', 1),
	(56, 188, 171, 'داني أولمو', 'المطور ، رولان', '513e589a441846ebf507b866658495631cdb4d7c.jpg', 'http://example.com/', 'http://example.com/', 'http://example.com/', 'http://example.com/', 1),
	(57, 188, 171, 'تياغو سيلفا', 'المصمم رولان', '104f6e9e54dc58e1f4fe1e80419afa126a30bb96.jpg', 'http://example.com/', 'http://example.com/', 'http://example.com/', 'http://example.com/', 1),
	(58, 188, 171, 'تياجو موتا', 'قائد الفريق ، رولان', 'c9a3753524b7ef640d7a1dd088392b9a360b8ff2.jpg', 'http://example.com/', 'http://example.com/', 'http://example.com/', 'http://example.com/', 1),
	(59, 188, 171, 'كيليني', 'المطور ، رولان', 'f774486cb1090ba3ced25a372f3eebd08f0b6ab4.jpg', 'http://example.com/', 'http://example.com/', 'http://example.com/', 'http://example.com/', 1);
/*!40000 ALTER TABLE `user_members` ENABLE KEYS */;

-- Dumping structure for table wiebo.user_menus
CREATE TABLE IF NOT EXISTS `user_menus` (
  `id` bigint(20) unsigned NOT NULL AUTO_INCREMENT,
  `user_id` int(11) DEFAULT NULL,
  `language_id` int(11) DEFAULT NULL,
  `menus` text COLLATE utf8mb4_unicode_ci,
  `created_at` timestamp NULL DEFAULT NULL,
  `updated_at` timestamp NULL DEFAULT NULL,
  PRIMARY KEY (`id`)
) ENGINE=InnoDB AUTO_INCREMENT=158 DEFAULT CHARSET=utf8mb4 COLLATE=utf8mb4_unicode_ci;

-- Dumping data for table wiebo.user_menus: ~6 rows (approximately)
/*!40000 ALTER TABLE `user_menus` DISABLE KEYS */;
INSERT INTO `user_menus` (`id`, `user_id`, `language_id`, `menus`, `created_at`, `updated_at`) VALUES
	(151, 169, 183, '[{"text":"Home","href":"","icon":"empty","target":"_self","title":"","type":"home"},{"type":"custom","text":"About","href":"","target":"_self","children":[{"text":"Team","href":"","icon":"empty","target":"_self","title":"","type":"team"},{"text":"Career","href":"","icon":"empty","target":"_self","title":"","type":"career"},{"text":"FAQ","href":"","icon":"empty","target":"_self","title":"","type":"faq"}]},{"text":"Services","href":"","icon":"empty","target":"_self","title":"","type":"services"},{"text":"Blog","href":"","icon":"empty","target":"_self","title":"","type":"blog"},{"text":"Portfolios","href":"","icon":"empty","target":"_self","title":"","type":"portfolios"},{"text":"Contact","href":"","icon":"empty","target":"_self","title":"","type":"contact"}]', '2021-11-15 00:18:27', '2021-11-15 00:18:27'),
	(153, 169, 184, '[{"type":"home","text":"الصفحة الرئيسية","href":"","target":"_self"},{"type":"custom","text":"عن","href":"","target":"_self","children":[{"type":"team","text":"فريق","href":"","target":"_self"},{"type":"career","text":"مسار مهني مسار وظيفي","href":"","target":"_self"},{"type":"faq","text":"التعليمات","href":"","target":"_self"}]},{"type":"services","text":"خدمات","href":"","target":"_self"},{"type":"blog","text":"مدونة او مذكرة","href":"","target":"_self"},{"type":"portfolios","text":"المحافظ","href":"","target":"_self"},{"type":"contact","text":"اتصل","href":"","target":"_self"}]', '2021-11-15 07:12:56', '2021-11-15 07:12:56'),
	(154, 170, 185, '[{"text":"Home","href":"","icon":"empty","target":"_self","title":"","type":"home"},{"type":"custom","text":"About","href":"","target":"_self","children":[{"text":"Team","href":"","icon":"empty","target":"_self","title":"","type":"team"},{"text":"Career","href":"","icon":"empty","target":"_self","title":"","type":"career"},{"text":"FAQ","href":"","icon":"empty","target":"_self","title":"","type":"faq"}]},{"text":"Services","href":"","icon":"empty","target":"_self","title":"","type":"services"},{"text":"Blog","href":"","icon":"empty","target":"_self","title":"","type":"blog"},{"text":"Portfolios","href":"","icon":"empty","target":"_self","title":"","type":"portfolios"},{"text":"Contact","href":"","icon":"empty","target":"_self","title":"","type":"contact"}]', '2021-11-16 09:47:45', '2021-11-16 09:47:45'),
	(155, 170, 186, '[{"type":"home","text":"الصفحة الرئيسية","href":"","target":"_self"},{"type":"custom","text":"عن","href":"","target":"_self","children":[{"type":"team","text":"فريق","href":"","target":"_self"},{"type":"career","text":"مسار مهني مسار وظيفي","href":"","target":"_self"},{"type":"faq","text":"التعليمات","href":"","target":"_self"}]},{"type":"services","text":"خدمات","href":"","target":"_self"},{"type":"blog","text":"مدونة او مذكرة","href":"","target":"_self"},{"type":"portfolios","text":"المحافظ","href":"","target":"_self"},{"type":"contact","text":"اتصل","href":"","target":"_self"}]', '2021-11-15 07:12:56', '2021-11-15 07:12:56'),
	(156, 171, 187, '[{"text":"Home","href":"","icon":"empty","target":"_self","title":"","type":"home"},{"type":"custom","text":"About","href":"","target":"_self","children":[{"text":"Team","href":"","icon":"empty","target":"_self","title":"","type":"team"},{"text":"Career","href":"","icon":"empty","target":"_self","title":"","type":"career"},{"text":"FAQ","href":"","icon":"empty","target":"_self","title":"","type":"faq"}]},{"text":"Services","href":"","icon":"empty","target":"_self","title":"","type":"services"},{"text":"Blog","href":"","icon":"empty","target":"_self","title":"","type":"blog"},{"text":"Portfolios","href":"","icon":"empty","target":"_self","title":"","type":"portfolios"},{"text":"Contact","href":"","icon":"empty","target":"_self","title":"","type":"contact"}]', '2021-11-17 07:30:27', '2021-11-17 07:30:27'),
	(157, 171, 188, '[{"type":"home","text":"الصفحة الرئيسية","href":"","target":"_self"},{"type":"custom","text":"عن","href":"","target":"_self","children":[{"type":"team","text":"فريق","href":"","target":"_self"},{"type":"career","text":"مسار مهني مسار وظيفي","href":"","target":"_self"},{"type":"faq","text":"التعليمات","href":"","target":"_self"}]},{"type":"services","text":"خدمات","href":"","target":"_self"},{"type":"blog","text":"مدونة او مذكرة","href":"","target":"_self"},{"type":"portfolios","text":"المحافظ","href":"","target":"_self"},{"type":"contact","text":"اتصل","href":"","target":"_self"}]', '2021-11-15 07:12:56', '2021-11-15 07:12:56');
/*!40000 ALTER TABLE `user_menus` ENABLE KEYS */;

-- Dumping structure for table wiebo.user_pages
CREATE TABLE IF NOT EXISTS `user_pages` (
  `id` bigint(20) unsigned NOT NULL AUTO_INCREMENT,
  `user_id` int(11) DEFAULT NULL,
  `language_id` int(11) NOT NULL DEFAULT '0',
  `name` varchar(255) COLLATE utf8mb4_unicode_ci DEFAULT NULL,
  `title` varchar(255) COLLATE utf8mb4_unicode_ci DEFAULT NULL,
  `slug` varchar(255) COLLATE utf8mb4_unicode_ci DEFAULT NULL,
  `body` blob,
  `meta_keywords` text COLLATE utf8mb4_unicode_ci,
  `meta_description` text COLLATE utf8mb4_unicode_ci,
  `created_at` timestamp NULL DEFAULT NULL,
  `updated_at` timestamp NULL DEFAULT NULL,
  PRIMARY KEY (`id`)
) ENGINE=InnoDB DEFAULT CHARSET=utf8mb4 COLLATE=utf8mb4_unicode_ci;

-- Dumping data for table wiebo.user_pages: ~0 rows (approximately)
/*!40000 ALTER TABLE `user_pages` DISABLE KEYS */;
/*!40000 ALTER TABLE `user_pages` ENABLE KEYS */;

-- Dumping structure for table wiebo.user_permissions
CREATE TABLE IF NOT EXISTS `user_permissions` (
  `id` bigint(20) unsigned NOT NULL AUTO_INCREMENT,
  `package_id` int(11) NOT NULL,
  `user_id` bigint(20) unsigned NOT NULL,
  `permissions` text COLLATE utf8mb4_unicode_ci,
  `created_at` timestamp NULL DEFAULT NULL,
  `updated_at` timestamp NULL DEFAULT NULL,
  PRIMARY KEY (`id`),
  KEY `user_permissions_user_id_foreign` (`user_id`),
  CONSTRAINT `user_permissions_user_id_foreign` FOREIGN KEY (`user_id`) REFERENCES `users` (`id`) ON DELETE CASCADE
) ENGINE=InnoDB AUTO_INCREMENT=134 DEFAULT CHARSET=utf8mb4 COLLATE=utf8mb4_unicode_ci;

-- Dumping data for table wiebo.user_permissions: ~3 rows (approximately)
/*!40000 ALTER TABLE `user_permissions` DISABLE KEYS */;
INSERT INTO `user_permissions` (`id`, `package_id`, `user_id`, `permissions`, `created_at`, `updated_at`) VALUES
	(131, 21, 169, '["Custom Domain","Subdomain","vCard","QR Builder","Follow\\/Unfollow","Request a Quote","Blog","Portfolio","Custom Page","Counter Information","Skill","Service","Testimonial","Career","Team","Contact"]', '2021-11-15 00:18:35', '2021-11-15 00:18:35'),
	(132, 21, 170, '["Custom Domain","Subdomain","vCard","QR Builder","Follow\\/Unfollow","Request a Quote","Blog","Portfolio","Custom Page","Counter Information","Skill","Service","Testimonial","Career","Team","Contact"]', '2021-11-16 09:47:51', '2021-11-16 09:47:51'),
	(133, 21, 171, '["Custom Domain","Subdomain","vCard","QR Builder","Follow\\/Unfollow","Request a Quote","Blog","Portfolio","Custom Page","Counter Information","Skill","Service","Testimonial","Career","Team","Contact"]', '2021-11-17 07:30:33', '2021-11-17 07:30:33');
/*!40000 ALTER TABLE `user_permissions` ENABLE KEYS */;

-- Dumping structure for table wiebo.user_portfolios
CREATE TABLE IF NOT EXISTS `user_portfolios` (
  `id` bigint(20) unsigned NOT NULL AUTO_INCREMENT,
  `title` varchar(255) COLLATE utf8mb4_unicode_ci DEFAULT NULL,
  `slug` varchar(255) COLLATE utf8mb4_unicode_ci DEFAULT NULL,
  `image` varchar(255) COLLATE utf8mb4_unicode_ci DEFAULT NULL,
  `content` longtext COLLATE utf8mb4_unicode_ci,
  `serial_number` int(11) NOT NULL DEFAULT '0',
  `status` varchar(10) COLLATE utf8mb4_unicode_ci DEFAULT '0',
  `client_name` varchar(255) COLLATE utf8mb4_unicode_ci DEFAULT NULL,
  `start_date` date DEFAULT NULL,
  `submission_date` date DEFAULT NULL,
  `website_link` varchar(255) COLLATE utf8mb4_unicode_ci DEFAULT NULL,
  `featured` int(11) NOT NULL,
  `language_id` bigint(20) unsigned NOT NULL DEFAULT '0',
  `category_id` bigint(20) unsigned DEFAULT NULL,
  `user_id` bigint(20) unsigned DEFAULT NULL,
  `meta_keywords` text COLLATE utf8mb4_unicode_ci,
  `meta_description` text COLLATE utf8mb4_unicode_ci,
  `created_at` timestamp NULL DEFAULT NULL,
  `updated_at` timestamp NULL DEFAULT NULL,
  PRIMARY KEY (`id`),
  KEY `user_portfolios_user_id_foreign` (`user_id`),
  KEY `user_portfolios_language_id_foreign` (`language_id`),
  KEY `user_portfolios_category_id_foreign` (`category_id`),
  CONSTRAINT `user_portfolios_category_id_foreign` FOREIGN KEY (`category_id`) REFERENCES `user_portfolio_categories` (`id`) ON DELETE CASCADE,
  CONSTRAINT `user_portfolios_language_id_foreign` FOREIGN KEY (`language_id`) REFERENCES `user_languages` (`id`) ON DELETE CASCADE,
  CONSTRAINT `user_portfolios_user_id_foreign` FOREIGN KEY (`user_id`) REFERENCES `users` (`id`) ON DELETE CASCADE
) ENGINE=InnoDB AUTO_INCREMENT=155 DEFAULT CHARSET=utf8mb4 COLLATE=utf8mb4_unicode_ci;

-- Dumping data for table wiebo.user_portfolios: ~36 rows (approximately)
/*!40000 ALTER TABLE `user_portfolios` DISABLE KEYS */;
INSERT INTO `user_portfolios` (`id`, `title`, `slug`, `image`, `content`, `serial_number`, `status`, `client_name`, `start_date`, `submission_date`, `website_link`, `featured`, `language_id`, `category_id`, `user_id`, `meta_keywords`, `meta_description`, `created_at`, `updated_at`) VALUES
	(113, 'Free Consulting', 'free-consulting', '1636960083.jpg', '<p style="text-align:justify;color:rgb(0,0,0);font-family:\'Open Sans\', Arial, sans-serif;"><span style="font-family:Verdana;">There are many variations of passages of Lorem Ipsum available, but the majority have suffered alteration in some form, by injected humour, or randomised words which don\'t look even slightly believable. If you are going to use a passage of Lorem Ipsum, you need to be sure there isn\'t anything embarrassing hidden in the middle of text. All the Lorem Ipsum generators on the Internet tend to repeat predefined chunks as necessary, making this the first true generator on the Internet. It uses a dictionary of over 200 Latin words, combined with a handful of model sentence structures, to generate Lorem Ipsum which looks reasonable. The generated Lorem Ipsum is therefore always free from repetition, injected humour, or non-characteristic words etc.</span></p>', 1, '1', 'Jorgan Roy', '2021-11-19', '2021-02-09', 'http://example.com/', 1, 183, 63, 169, NULL, NULL, '2021-11-15 01:01:09', '2021-11-15 01:08:04'),
	(114, 'Business Growth', 'business-growth', '1636960072.jpg', '<p style="text-align:justify;color:rgb(0,0,0);font-family:\'Open Sans\', Arial, sans-serif;"><span style="font-family:Verdana;">There are many variations of passages of Lorem Ipsum available, but the majority have suffered alteration in some form, by injected humour, or randomised words which don\'t look even slightly believable. If you are going to use a passage of Lorem Ipsum, you need to be sure there isn\'t anything embarrassing hidden in the middle of text. All the Lorem Ipsum generators on the Internet tend to repeat predefined chunks as necessary, making this the first true generator on the Internet. It uses a dictionary of over 200 Latin words, combined with a handful of model sentence structures, to generate Lorem Ipsum which looks reasonable. The generated Lorem Ipsum is therefore always free from repetition, injected humour, or non-characteristic words etc.</span></p>', 2, '1', 'Jorgan Roy', '2021-11-19', '2021-02-09', 'http://example.com/', 1, 183, 65, 169, NULL, NULL, '2021-11-15 01:01:09', '2021-11-15 01:07:52'),
	(115, 'IT Consulting', 'it-consulting', '1636960095.jpg', '<p style="text-align:justify;color:rgb(0,0,0);font-family:\'Open Sans\', Arial, sans-serif;"><span style="font-family:Verdana;">There are many variations of passages of Lorem Ipsum available, but the majority have suffered alteration in some form, by injected humour, or randomised words which don\'t look even slightly believable. If you are going to use a passage of Lorem Ipsum, you need to be sure there isn\'t anything embarrassing hidden in the middle of text. All the Lorem Ipsum generators on the Internet tend to repeat predefined chunks as necessary, making this the first true generator on the Internet. It uses a dictionary of over 200 Latin words, combined with a handful of model sentence structures, to generate Lorem Ipsum which looks reasonable. The generated Lorem Ipsum is therefore always free from repetition, injected humour, or non-characteristic words etc.</span></p>', 3, '1', 'Jorgan Roy', '2021-11-19', '2021-02-09', 'http://example.com/', 1, 183, 64, 169, NULL, NULL, '2021-11-15 01:01:09', '2021-11-15 01:08:15'),
	(116, 'Investment Plan', 'investment-plan', '1636960121.jpg', '<p style="text-align:justify;color:rgb(0,0,0);font-family:\'Open Sans\', Arial, sans-serif;"><span style="font-family:Verdana;">There are many variations of passages of Lorem Ipsum available, but the majority have suffered alteration in some form, by injected humour, or randomised words which don\'t look even slightly believable. If you are going to use a passage of Lorem Ipsum, you need to be sure there isn\'t anything embarrassing hidden in the middle of text. All the Lorem Ipsum generators on the Internet tend to repeat predefined chunks as necessary, making this the first true generator on the Internet. It uses a dictionary of over 200 Latin words, combined with a handful of model sentence structures, to generate Lorem Ipsum which looks reasonable. The generated Lorem Ipsum is therefore always free from repetition, injected humour, or non-characteristic words etc.</span></p>', 4, '1', 'Jorgan Roy', '2021-11-19', '2021-02-09', 'http://example.com/', 1, 183, 63, 169, NULL, NULL, '2021-11-15 01:01:09', '2021-11-15 01:09:14'),
	(117, 'Financial Planning', 'financial-planning', '1636960144.jpg', '<p style="text-align:justify;color:rgb(0,0,0);font-family:\'Open Sans\', Arial, sans-serif;"><span style="font-family:Verdana;">There are many variations of passages of Lorem Ipsum available, but the majority have suffered alteration in some form, by injected humour, or randomised words which don\'t look even slightly believable. If you are going to use a passage of Lorem Ipsum, you need to be sure there isn\'t anything embarrassing hidden in the middle of text. All the Lorem Ipsum generators on the Internet tend to repeat predefined chunks as necessary, making this the first true generator on the Internet. It uses a dictionary of over 200 Latin words, combined with a handful of model sentence structures, to generate Lorem Ipsum which looks reasonable. The generated Lorem Ipsum is therefore always free from repetition, injected humour, or non-characteristic words etc.</span></p>', 5, '1', 'Jorgan Roy', '2021-11-19', '2021-02-09', 'http://example.com/', 1, 183, 65, 169, NULL, NULL, '2021-11-15 01:01:09', '2021-11-15 01:09:04'),
	(118, 'Relationship', 'relationship', '1636960173.jpg', '<p style="text-align:justify;color:rgb(0,0,0);font-family:\'Open Sans\', Arial, sans-serif;"><span style="font-family:Verdana;">There are many variations of passages of Lorem Ipsum available, but the majority have suffered alteration in some form, by injected humour, or randomised words which don\'t look even slightly believable. If you are going to use a passage of Lorem Ipsum, you need to be sure there isn\'t anything embarrassing hidden in the middle of text. All the Lorem Ipsum generators on the Internet tend to repeat predefined chunks as necessary, making this the first true generator on the Internet. It uses a dictionary of over 200 Latin words, combined with a handful of model sentence structures, to generate Lorem Ipsum which looks reasonable. The generated Lorem Ipsum is therefore always free from repetition, injected humour, or non-characteristic words etc.</span></p>', 1, '1', 'Jorgan Roy', '2021-11-19', '2021-02-09', 'http://example.com/', 1, 183, 64, 169, NULL, NULL, '2021-11-15 01:01:09', '2021-11-15 01:09:33'),
	(119, 'استشارات مجانية', 'استشارات-مجانية', '1636960083.jpg', 'هنالك العديد من الأنواع المتوفرة لنصوص لوريم إيبسوم، ولكن الغالبية تم تعديلها بشكل ما عبر إدخال بعض النوادر أو الكلمات العشوائية إلى النص. إن كنت تريد أن تستخدم نص لوريم إيبسوم ما، عليك أن تتحقق أولاً أن ليس هناك أي كلمات أو عبارات محرجة أو غير لائقة مخبأة في هذا النص. بينما تعمل جميع مولّدات نصوص لوريم إيبسوم على الإنترنت على إعادة تكرار مقاطع من نص لوريم إيبسوم نفسه عدة مرات بما تتطلبه الحاجة، يقوم مولّدنا هذا باستخدام كلمات من قاموس يحوي على أكثر من 200 كلمة لا تينية، مضاف إليها مجموعة من الجمل النموذجية، لتكوين نص لوريم إيبسوم ذو شكل منطقي قريب إلى النص الحقيقي. وبالتالي يكون النص الناتح خالي من التكرار، أو أي كلمات أو عبارات غير لائقة أو ما شابه. وهذا ما يجعله أول مولّد نص لوريم إيبسوم حقيقي على الإنترنت.\r\n\r\n', 1, '1', 'جورغان روي', '2021-11-19', '2021-02-09', 'http://example.com/', 1, 184, 66, 169, NULL, NULL, '2021-11-15 01:01:09', '2021-11-15 01:08:04'),
	(120, 'ازدهار العمل', 'ازدهار-العمل', '1636960072.jpg', 'هنالك العديد من الأنواع المتوفرة لنصوص لوريم إيبسوم، ولكن الغالبية تم تعديلها بشكل ما عبر إدخال بعض النوادر أو الكلمات العشوائية إلى النص. إن كنت تريد أن تستخدم نص لوريم إيبسوم ما، عليك أن تتحقق أولاً أن ليس هناك أي كلمات أو عبارات محرجة أو غير لائقة مخبأة في هذا النص. بينما تعمل جميع مولّدات نصوص لوريم إيبسوم على الإنترنت على إعادة تكرار مقاطع من نص لوريم إيبسوم نفسه عدة مرات بما تتطلبه الحاجة، يقوم مولّدنا هذا باستخدام كلمات من قاموس يحوي على أكثر من 200 كلمة لا تينية، مضاف إليها مجموعة من الجمل النموذجية، لتكوين نص لوريم إيبسوم ذو شكل منطقي قريب إلى النص الحقيقي. وبالتالي يكون النص الناتح خالي من التكرار، أو أي كلمات أو عبارات غير لائقة أو ما شابه. وهذا ما يجعله أول مولّد نص لوريم إيبسوم حقيقي على الإنترنت.\r\n\r\n', 2, '1', 'جورغان روي', '2021-11-19', '2021-02-09', 'http://example.com/', 1, 184, 67, 169, NULL, NULL, '2021-11-15 01:01:09', '2021-11-15 01:07:52'),
	(121, 'استشارات تكنولوجيا المعلومات', 'استشارات-تكنولوجيا-المعلومات', '1636960095.jpg', 'هنالك العديد من الأنواع المتوفرة لنصوص لوريم إيبسوم، ولكن الغالبية تم تعديلها بشكل ما عبر إدخال بعض النوادر أو الكلمات العشوائية إلى النص. إن كنت تريد أن تستخدم نص لوريم إيبسوم ما، عليك أن تتحقق أولاً أن ليس هناك أي كلمات أو عبارات محرجة أو غير لائقة مخبأة في هذا النص. بينما تعمل جميع مولّدات نصوص لوريم إيبسوم على الإنترنت على إعادة تكرار مقاطع من نص لوريم إيبسوم نفسه عدة مرات بما تتطلبه الحاجة، يقوم مولّدنا هذا باستخدام كلمات من قاموس يحوي على أكثر من 200 كلمة لا تينية، مضاف إليها مجموعة من الجمل النموذجية، لتكوين نص لوريم إيبسوم ذو شكل منطقي قريب إلى النص الحقيقي. وبالتالي يكون النص الناتح خالي من التكرار، أو أي كلمات أو عبارات غير لائقة أو ما شابه. وهذا ما يجعله أول مولّد نص لوريم إيبسوم حقيقي على الإنترنت.\r\n\r\n', 3, '1', 'جورغان روي', '2021-11-19', '2021-02-09', 'http://example.com/', 1, 184, 68, 169, NULL, NULL, '2021-11-15 01:01:09', '2021-11-15 01:08:15'),
	(122, 'الخطة الاستثمارية', 'الخطة-الاستثمارية', '1636960121.jpg', 'هنالك العديد من الأنواع المتوفرة لنصوص لوريم إيبسوم، ولكن الغالبية تم تعديلها بشكل ما عبر إدخال بعض النوادر أو الكلمات العشوائية إلى النص. إن كنت تريد أن تستخدم نص لوريم إيبسوم ما، عليك أن تتحقق أولاً أن ليس هناك أي كلمات أو عبارات محرجة أو غير لائقة مخبأة في هذا النص. بينما تعمل جميع مولّدات نصوص لوريم إيبسوم على الإنترنت على إعادة تكرار مقاطع من نص لوريم إيبسوم نفسه عدة مرات بما تتطلبه الحاجة، يقوم مولّدنا هذا باستخدام كلمات من قاموس يحوي على أكثر من 200 كلمة لا تينية، مضاف إليها مجموعة من الجمل النموذجية، لتكوين نص لوريم إيبسوم ذو شكل منطقي قريب إلى النص الحقيقي. وبالتالي يكون النص الناتح خالي من التكرار، أو أي كلمات أو عبارات غير لائقة أو ما شابه. وهذا ما يجعله أول مولّد نص لوريم إيبسوم حقيقي على الإنترنت.\r\n\r\n', 4, '1', 'جورغان روي', '2021-11-19', '2021-02-09', 'http://example.com/', 1, 184, 66, 169, NULL, NULL, '2021-11-15 01:01:09', '2021-11-15 01:09:14'),
	(123, 'التخطيط المالي', 'التخطيط-المالي', '1636960144.jpg', 'هنالك العديد من الأنواع المتوفرة لنصوص لوريم إيبسوم، ولكن الغالبية تم تعديلها بشكل ما عبر إدخال بعض النوادر أو الكلمات العشوائية إلى النص. إن كنت تريد أن تستخدم نص لوريم إيبسوم ما، عليك أن تتحقق أولاً أن ليس هناك أي كلمات أو عبارات محرجة أو غير لائقة مخبأة في هذا النص. بينما تعمل جميع مولّدات نصوص لوريم إيبسوم على الإنترنت على إعادة تكرار مقاطع من نص لوريم إيبسوم نفسه عدة مرات بما تتطلبه الحاجة، يقوم مولّدنا هذا باستخدام كلمات من قاموس يحوي على أكثر من 200 كلمة لا تينية، مضاف إليها مجموعة من الجمل النموذجية، لتكوين نص لوريم إيبسوم ذو شكل منطقي قريب إلى النص الحقيقي. وبالتالي يكون النص الناتح خالي من التكرار، أو أي كلمات أو عبارات غير لائقة أو ما شابه. وهذا ما يجعله أول مولّد نص لوريم إيبسوم حقيقي على الإنترنت.\r\n\r\n', 5, '1', 'جورغان روي', '2021-11-19', '2021-02-09', 'http://example.com/', 1, 184, 67, 169, NULL, NULL, '2021-11-15 01:01:09', '2021-11-15 01:09:04'),
	(124, 'صلة', 'صلة', '1636960173.jpg', 'هنالك العديد من الأنواع المتوفرة لنصوص لوريم إيبسوم، ولكن الغالبية تم تعديلها بشكل ما عبر إدخال بعض النوادر أو الكلمات العشوائية إلى النص. إن كنت تريد أن تستخدم نص لوريم إيبسوم ما، عليك أن تتحقق أولاً أن ليس هناك أي كلمات أو عبارات محرجة أو غير لائقة مخبأة في هذا النص. بينما تعمل جميع مولّدات نصوص لوريم إيبسوم على الإنترنت على إعادة تكرار مقاطع من نص لوريم إيبسوم نفسه عدة مرات بما تتطلبه الحاجة، يقوم مولّدنا هذا باستخدام كلمات من قاموس يحوي على أكثر من 200 كلمة لا تينية، مضاف إليها مجموعة من الجمل النموذجية، لتكوين نص لوريم إيبسوم ذو شكل منطقي قريب إلى النص الحقيقي. وبالتالي يكون النص الناتح خالي من التكرار، أو أي كلمات أو عبارات غير لائقة أو ما شابه. وهذا ما يجعله أول مولّد نص لوريم إيبسوم حقيقي على الإنترنت.\r\n\r\n', 1, '1', 'جورغان روي', '2021-11-19', '2021-02-09', 'http://example.com/', 1, 184, 68, 169, NULL, NULL, '2021-11-15 01:01:09', '2021-11-15 01:09:33'),
	(125, 'Free Consulting', 'free-consulting', '1636960083.jpg', '<p style="text-align:justify;color:rgb(0,0,0);font-family:\'Open Sans\', Arial, sans-serif;"><span style="font-family:Verdana;">There are many variations of passages of Lorem Ipsum available, but the majority have suffered alteration in some form, by injected humour, or randomised words which don\'t look even slightly believable. If you are going to use a passage of Lorem Ipsum, you need to be sure there isn\'t anything embarrassing hidden in the middle of text. All the Lorem Ipsum generators on the Internet tend to repeat predefined chunks as necessary, making this the first true generator on the Internet. It uses a dictionary of over 200 Latin words, combined with a handful of model sentence structures, to generate Lorem Ipsum which looks reasonable. The generated Lorem Ipsum is therefore always free from repetition, injected humour, or non-characteristic words etc.</span></p>', 1, '1', 'Jorgan Roy', '2021-11-19', '2021-02-09', 'http://example.com/', 1, 185, 69, 170, NULL, NULL, '2021-11-15 01:01:09', '2021-11-15 01:08:04'),
	(126, 'Business Growth', 'business-growth', '1636960072.jpg', '<p style="text-align:justify;color:rgb(0,0,0);font-family:\'Open Sans\', Arial, sans-serif;"><span style="font-family:Verdana;">There are many variations of passages of Lorem Ipsum available, but the majority have suffered alteration in some form, by injected humour, or randomised words which don\'t look even slightly believable. If you are going to use a passage of Lorem Ipsum, you need to be sure there isn\'t anything embarrassing hidden in the middle of text. All the Lorem Ipsum generators on the Internet tend to repeat predefined chunks as necessary, making this the first true generator on the Internet. It uses a dictionary of over 200 Latin words, combined with a handful of model sentence structures, to generate Lorem Ipsum which looks reasonable. The generated Lorem Ipsum is therefore always free from repetition, injected humour, or non-characteristic words etc.</span></p>', 2, '1', 'Jorgan Roy', '2021-11-19', '2021-02-09', 'http://example.com/', 1, 185, 70, 170, NULL, NULL, '2021-11-15 01:01:09', '2021-11-15 01:07:52'),
	(127, 'IT Consulting', 'it-consulting', '1636960095.jpg', '<p style="text-align:justify;color:rgb(0,0,0);font-family:\'Open Sans\', Arial, sans-serif;"><span style="font-family:Verdana;">There are many variations of passages of Lorem Ipsum available, but the majority have suffered alteration in some form, by injected humour, or randomised words which don\'t look even slightly believable. If you are going to use a passage of Lorem Ipsum, you need to be sure there isn\'t anything embarrassing hidden in the middle of text. All the Lorem Ipsum generators on the Internet tend to repeat predefined chunks as necessary, making this the first true generator on the Internet. It uses a dictionary of over 200 Latin words, combined with a handful of model sentence structures, to generate Lorem Ipsum which looks reasonable. The generated Lorem Ipsum is therefore always free from repetition, injected humour, or non-characteristic words etc.</span></p>', 3, '1', 'Jorgan Roy', '2021-11-19', '2021-02-09', 'http://example.com/', 1, 185, 71, 170, NULL, NULL, '2021-11-15 01:01:09', '2021-11-15 01:08:15'),
	(128, 'Investment Plan', 'investment-plan', '1636960121.jpg', '<p style="text-align:justify;color:rgb(0,0,0);font-family:\'Open Sans\', Arial, sans-serif;"><span style="font-family:Verdana;">There are many variations of passages of Lorem Ipsum available, but the majority have suffered alteration in some form, by injected humour, or randomised words which don\'t look even slightly believable. If you are going to use a passage of Lorem Ipsum, you need to be sure there isn\'t anything embarrassing hidden in the middle of text. All the Lorem Ipsum generators on the Internet tend to repeat predefined chunks as necessary, making this the first true generator on the Internet. It uses a dictionary of over 200 Latin words, combined with a handful of model sentence structures, to generate Lorem Ipsum which looks reasonable. The generated Lorem Ipsum is therefore always free from repetition, injected humour, or non-characteristic words etc.</span></p>', 4, '1', 'Jorgan Roy', '2021-11-19', '2021-02-09', 'http://example.com/', 1, 185, 69, 170, NULL, NULL, '2021-11-15 01:01:09', '2021-11-15 01:09:14'),
	(129, 'Financial Planning', 'financial-planning', '1636960144.jpg', '<p style="text-align:justify;color:rgb(0,0,0);font-family:\'Open Sans\', Arial, sans-serif;"><span style="font-family:Verdana;">There are many variations of passages of Lorem Ipsum available, but the majority have suffered alteration in some form, by injected humour, or randomised words which don\'t look even slightly believable. If you are going to use a passage of Lorem Ipsum, you need to be sure there isn\'t anything embarrassing hidden in the middle of text. All the Lorem Ipsum generators on the Internet tend to repeat predefined chunks as necessary, making this the first true generator on the Internet. It uses a dictionary of over 200 Latin words, combined with a handful of model sentence structures, to generate Lorem Ipsum which looks reasonable. The generated Lorem Ipsum is therefore always free from repetition, injected humour, or non-characteristic words etc.</span></p>', 5, '1', 'Jorgan Roy', '2021-11-19', '2021-02-09', 'http://example.com/', 1, 185, 70, 170, NULL, NULL, '2021-11-15 01:01:09', '2021-11-15 01:09:04'),
	(130, 'Relationship', 'relationship', '1636960173.jpg', '<p style="text-align:justify;color:rgb(0,0,0);font-family:\'Open Sans\', Arial, sans-serif;"><span style="font-family:Verdana;">There are many variations of passages of Lorem Ipsum available, but the majority have suffered alteration in some form, by injected humour, or randomised words which don\'t look even slightly believable. If you are going to use a passage of Lorem Ipsum, you need to be sure there isn\'t anything embarrassing hidden in the middle of text. All the Lorem Ipsum generators on the Internet tend to repeat predefined chunks as necessary, making this the first true generator on the Internet. It uses a dictionary of over 200 Latin words, combined with a handful of model sentence structures, to generate Lorem Ipsum which looks reasonable. The generated Lorem Ipsum is therefore always free from repetition, injected humour, or non-characteristic words etc.</span></p>', 1, '1', 'Jorgan Roy', '2021-11-19', '2021-02-09', 'http://example.com/', 1, 185, 71, 170, NULL, NULL, '2021-11-15 01:01:09', '2021-11-15 01:09:33'),
	(131, 'استشارات مجانية', 'استشارات-مجانية', '1636960083.jpg', 'هنالك العديد من الأنواع المتوفرة لنصوص لوريم إيبسوم، ولكن الغالبية تم تعديلها بشكل ما عبر إدخال بعض النوادر أو الكلمات العشوائية إلى النص. إن كنت تريد أن تستخدم نص لوريم إيبسوم ما، عليك أن تتحقق أولاً أن ليس هناك أي كلمات أو عبارات محرجة أو غير لائقة مخبأة في هذا النص. بينما تعمل جميع مولّدات نصوص لوريم إيبسوم على الإنترنت على إعادة تكرار مقاطع من نص لوريم إيبسوم نفسه عدة مرات بما تتطلبه الحاجة، يقوم مولّدنا هذا باستخدام كلمات من قاموس يحوي على أكثر من 200 كلمة لا تينية، مضاف إليها مجموعة من الجمل النموذجية، لتكوين نص لوريم إيبسوم ذو شكل منطقي قريب إلى النص الحقيقي. وبالتالي يكون النص الناتح خالي من التكرار، أو أي كلمات أو عبارات غير لائقة أو ما شابه. وهذا ما يجعله أول مولّد نص لوريم إيبسوم حقيقي على الإنترنت.\r\n\r\n', 1, '1', 'جورغان روي', '2021-11-19', '2021-02-09', 'http://example.com/', 1, 186, 72, 170, NULL, NULL, '2021-11-15 01:01:09', '2021-11-15 01:08:04'),
	(132, 'ازدهار العمل', 'ازدهار-العمل', '1636960072.jpg', 'هنالك العديد من الأنواع المتوفرة لنصوص لوريم إيبسوم، ولكن الغالبية تم تعديلها بشكل ما عبر إدخال بعض النوادر أو الكلمات العشوائية إلى النص. إن كنت تريد أن تستخدم نص لوريم إيبسوم ما، عليك أن تتحقق أولاً أن ليس هناك أي كلمات أو عبارات محرجة أو غير لائقة مخبأة في هذا النص. بينما تعمل جميع مولّدات نصوص لوريم إيبسوم على الإنترنت على إعادة تكرار مقاطع من نص لوريم إيبسوم نفسه عدة مرات بما تتطلبه الحاجة، يقوم مولّدنا هذا باستخدام كلمات من قاموس يحوي على أكثر من 200 كلمة لا تينية، مضاف إليها مجموعة من الجمل النموذجية، لتكوين نص لوريم إيبسوم ذو شكل منطقي قريب إلى النص الحقيقي. وبالتالي يكون النص الناتح خالي من التكرار، أو أي كلمات أو عبارات غير لائقة أو ما شابه. وهذا ما يجعله أول مولّد نص لوريم إيبسوم حقيقي على الإنترنت.\r\n\r\n', 2, '1', 'جورغان روي', '2021-11-19', '2021-02-09', 'http://example.com/', 1, 186, 73, 170, NULL, NULL, '2021-11-15 01:01:09', '2021-11-15 01:07:52'),
	(133, 'استشارات تكنولوجيا المعلومات', 'استشارات-تكنولوجيا-المعلومات', '1636960095.jpg', 'هنالك العديد من الأنواع المتوفرة لنصوص لوريم إيبسوم، ولكن الغالبية تم تعديلها بشكل ما عبر إدخال بعض النوادر أو الكلمات العشوائية إلى النص. إن كنت تريد أن تستخدم نص لوريم إيبسوم ما، عليك أن تتحقق أولاً أن ليس هناك أي كلمات أو عبارات محرجة أو غير لائقة مخبأة في هذا النص. بينما تعمل جميع مولّدات نصوص لوريم إيبسوم على الإنترنت على إعادة تكرار مقاطع من نص لوريم إيبسوم نفسه عدة مرات بما تتطلبه الحاجة، يقوم مولّدنا هذا باستخدام كلمات من قاموس يحوي على أكثر من 200 كلمة لا تينية، مضاف إليها مجموعة من الجمل النموذجية، لتكوين نص لوريم إيبسوم ذو شكل منطقي قريب إلى النص الحقيقي. وبالتالي يكون النص الناتح خالي من التكرار، أو أي كلمات أو عبارات غير لائقة أو ما شابه. وهذا ما يجعله أول مولّد نص لوريم إيبسوم حقيقي على الإنترنت.\r\n\r\n', 3, '1', 'جورغان روي', '2021-11-19', '2021-02-09', 'http://example.com/', 1, 186, 74, 170, NULL, NULL, '2021-11-15 01:01:09', '2021-11-15 01:08:15'),
	(134, 'الخطة الاستثمارية', 'الخطة-الاستثمارية', '1636960121.jpg', 'هنالك العديد من الأنواع المتوفرة لنصوص لوريم إيبسوم، ولكن الغالبية تم تعديلها بشكل ما عبر إدخال بعض النوادر أو الكلمات العشوائية إلى النص. إن كنت تريد أن تستخدم نص لوريم إيبسوم ما، عليك أن تتحقق أولاً أن ليس هناك أي كلمات أو عبارات محرجة أو غير لائقة مخبأة في هذا النص. بينما تعمل جميع مولّدات نصوص لوريم إيبسوم على الإنترنت على إعادة تكرار مقاطع من نص لوريم إيبسوم نفسه عدة مرات بما تتطلبه الحاجة، يقوم مولّدنا هذا باستخدام كلمات من قاموس يحوي على أكثر من 200 كلمة لا تينية، مضاف إليها مجموعة من الجمل النموذجية، لتكوين نص لوريم إيبسوم ذو شكل منطقي قريب إلى النص الحقيقي. وبالتالي يكون النص الناتح خالي من التكرار، أو أي كلمات أو عبارات غير لائقة أو ما شابه. وهذا ما يجعله أول مولّد نص لوريم إيبسوم حقيقي على الإنترنت.\r\n\r\n', 4, '1', 'جورغان روي', '2021-11-19', '2021-02-09', 'http://example.com/', 1, 186, 72, 170, NULL, NULL, '2021-11-15 01:01:09', '2021-11-15 01:09:14'),
	(135, 'التخطيط المالي', 'التخطيط-المالي', '1636960144.jpg', 'هنالك العديد من الأنواع المتوفرة لنصوص لوريم إيبسوم، ولكن الغالبية تم تعديلها بشكل ما عبر إدخال بعض النوادر أو الكلمات العشوائية إلى النص. إن كنت تريد أن تستخدم نص لوريم إيبسوم ما، عليك أن تتحقق أولاً أن ليس هناك أي كلمات أو عبارات محرجة أو غير لائقة مخبأة في هذا النص. بينما تعمل جميع مولّدات نصوص لوريم إيبسوم على الإنترنت على إعادة تكرار مقاطع من نص لوريم إيبسوم نفسه عدة مرات بما تتطلبه الحاجة، يقوم مولّدنا هذا باستخدام كلمات من قاموس يحوي على أكثر من 200 كلمة لا تينية، مضاف إليها مجموعة من الجمل النموذجية، لتكوين نص لوريم إيبسوم ذو شكل منطقي قريب إلى النص الحقيقي. وبالتالي يكون النص الناتح خالي من التكرار، أو أي كلمات أو عبارات غير لائقة أو ما شابه. وهذا ما يجعله أول مولّد نص لوريم إيبسوم حقيقي على الإنترنت.\r\n\r\n', 5, '1', 'جورغان روي', '2021-11-19', '2021-02-09', 'http://example.com/', 1, 186, 73, 170, NULL, NULL, '2021-11-15 01:01:09', '2021-11-15 01:09:04'),
	(136, 'صلة', 'صلة', '1636960173.jpg', 'هنالك العديد من الأنواع المتوفرة لنصوص لوريم إيبسوم، ولكن الغالبية تم تعديلها بشكل ما عبر إدخال بعض النوادر أو الكلمات العشوائية إلى النص. إن كنت تريد أن تستخدم نص لوريم إيبسوم ما، عليك أن تتحقق أولاً أن ليس هناك أي كلمات أو عبارات محرجة أو غير لائقة مخبأة في هذا النص. بينما تعمل جميع مولّدات نصوص لوريم إيبسوم على الإنترنت على إعادة تكرار مقاطع من نص لوريم إيبسوم نفسه عدة مرات بما تتطلبه الحاجة، يقوم مولّدنا هذا باستخدام كلمات من قاموس يحوي على أكثر من 200 كلمة لا تينية، مضاف إليها مجموعة من الجمل النموذجية، لتكوين نص لوريم إيبسوم ذو شكل منطقي قريب إلى النص الحقيقي. وبالتالي يكون النص الناتح خالي من التكرار، أو أي كلمات أو عبارات غير لائقة أو ما شابه. وهذا ما يجعله أول مولّد نص لوريم إيبسوم حقيقي على الإنترنت.\r\n\r\n', 1, '1', 'جورغان روي', '2021-11-19', '2021-02-09', 'http://example.com/', 1, 186, 74, 170, NULL, NULL, '2021-11-15 01:01:09', '2021-11-15 01:09:33'),
	(143, 'Free Consulting', 'free-consulting', '1636960083.jpg', '<p style="text-align:justify;color:rgb(0,0,0);font-family:\'Open Sans\', Arial, sans-serif;"><span style="font-family:Verdana;">There are many variations of passages of Lorem Ipsum available, but the majority have suffered alteration in some form, by injected humour, or randomised words which don\'t look even slightly believable. If you are going to use a passage of Lorem Ipsum, you need to be sure there isn\'t anything embarrassing hidden in the middle of text. All the Lorem Ipsum generators on the Internet tend to repeat predefined chunks as necessary, making this the first true generator on the Internet. It uses a dictionary of over 200 Latin words, combined with a handful of model sentence structures, to generate Lorem Ipsum which looks reasonable. The generated Lorem Ipsum is therefore always free from repetition, injected humour, or non-characteristic words etc.</span></p>', 1, '1', 'Jorgan Roy', '2021-11-19', '2021-02-09', 'http://example.com/', 1, 187, 75, 171, NULL, NULL, '2021-11-15 01:01:09', '2021-11-15 01:08:04'),
	(144, 'Business Growth', 'business-growth', '1636960072.jpg', '<p style="text-align:justify;color:rgb(0,0,0);font-family:\'Open Sans\', Arial, sans-serif;"><span style="font-family:Verdana;">There are many variations of passages of Lorem Ipsum available, but the majority have suffered alteration in some form, by injected humour, or randomised words which don\'t look even slightly believable. If you are going to use a passage of Lorem Ipsum, you need to be sure there isn\'t anything embarrassing hidden in the middle of text. All the Lorem Ipsum generators on the Internet tend to repeat predefined chunks as necessary, making this the first true generator on the Internet. It uses a dictionary of over 200 Latin words, combined with a handful of model sentence structures, to generate Lorem Ipsum which looks reasonable. The generated Lorem Ipsum is therefore always free from repetition, injected humour, or non-characteristic words etc.</span></p>', 2, '1', 'Jorgan Roy', '2021-11-19', '2021-02-09', 'http://example.com/', 1, 187, 76, 171, NULL, NULL, '2021-11-15 01:01:09', '2021-11-15 01:07:52'),
	(145, 'IT Consulting', 'it-consulting', '1636960095.jpg', '<p style="text-align:justify;color:rgb(0,0,0);font-family:\'Open Sans\', Arial, sans-serif;"><span style="font-family:Verdana;">There are many variations of passages of Lorem Ipsum available, but the majority have suffered alteration in some form, by injected humour, or randomised words which don\'t look even slightly believable. If you are going to use a passage of Lorem Ipsum, you need to be sure there isn\'t anything embarrassing hidden in the middle of text. All the Lorem Ipsum generators on the Internet tend to repeat predefined chunks as necessary, making this the first true generator on the Internet. It uses a dictionary of over 200 Latin words, combined with a handful of model sentence structures, to generate Lorem Ipsum which looks reasonable. The generated Lorem Ipsum is therefore always free from repetition, injected humour, or non-characteristic words etc.</span></p>', 3, '1', 'Jorgan Roy', '2021-11-19', '2021-02-09', 'http://example.com/', 1, 187, 77, 171, NULL, NULL, '2021-11-15 01:01:09', '2021-11-15 01:08:15'),
	(146, 'Investment Plan', 'investment-plan', '1636960121.jpg', '<p style="text-align:justify;color:rgb(0,0,0);font-family:\'Open Sans\', Arial, sans-serif;"><span style="font-family:Verdana;">There are many variations of passages of Lorem Ipsum available, but the majority have suffered alteration in some form, by injected humour, or randomised words which don\'t look even slightly believable. If you are going to use a passage of Lorem Ipsum, you need to be sure there isn\'t anything embarrassing hidden in the middle of text. All the Lorem Ipsum generators on the Internet tend to repeat predefined chunks as necessary, making this the first true generator on the Internet. It uses a dictionary of over 200 Latin words, combined with a handful of model sentence structures, to generate Lorem Ipsum which looks reasonable. The generated Lorem Ipsum is therefore always free from repetition, injected humour, or non-characteristic words etc.</span></p>', 4, '1', 'Jorgan Roy', '2021-11-19', '2021-02-09', 'http://example.com/', 1, 187, 75, 171, NULL, NULL, '2021-11-15 01:01:09', '2021-11-15 01:09:14'),
	(147, 'Financial Planning', 'financial-planning', '1636960144.jpg', '<p style="text-align:justify;color:rgb(0,0,0);font-family:\'Open Sans\', Arial, sans-serif;"><span style="font-family:Verdana;">There are many variations of passages of Lorem Ipsum available, but the majority have suffered alteration in some form, by injected humour, or randomised words which don\'t look even slightly believable. If you are going to use a passage of Lorem Ipsum, you need to be sure there isn\'t anything embarrassing hidden in the middle of text. All the Lorem Ipsum generators on the Internet tend to repeat predefined chunks as necessary, making this the first true generator on the Internet. It uses a dictionary of over 200 Latin words, combined with a handful of model sentence structures, to generate Lorem Ipsum which looks reasonable. The generated Lorem Ipsum is therefore always free from repetition, injected humour, or non-characteristic words etc.</span></p>', 5, '1', 'Jorgan Roy', '2021-11-19', '2021-02-09', 'http://example.com/', 1, 187, 76, 171, NULL, NULL, '2021-11-15 01:01:09', '2021-11-15 01:09:04'),
	(148, 'Relationship', 'relationship', '1636960173.jpg', '<p style="text-align:justify;color:rgb(0,0,0);font-family:\'Open Sans\', Arial, sans-serif;"><span style="font-family:Verdana;">There are many variations of passages of Lorem Ipsum available, but the majority have suffered alteration in some form, by injected humour, or randomised words which don\'t look even slightly believable. If you are going to use a passage of Lorem Ipsum, you need to be sure there isn\'t anything embarrassing hidden in the middle of text. All the Lorem Ipsum generators on the Internet tend to repeat predefined chunks as necessary, making this the first true generator on the Internet. It uses a dictionary of over 200 Latin words, combined with a handful of model sentence structures, to generate Lorem Ipsum which looks reasonable. The generated Lorem Ipsum is therefore always free from repetition, injected humour, or non-characteristic words etc.</span></p>', 1, '1', 'Jorgan Roy', '2021-11-19', '2021-02-09', 'http://example.com/', 1, 187, 77, 171, NULL, NULL, '2021-11-15 01:01:09', '2021-11-15 01:09:33'),
	(149, 'استشارات مجانية', 'استشارات-مجانية', '1636960083.jpg', 'هنالك العديد من الأنواع المتوفرة لنصوص لوريم إيبسوم، ولكن الغالبية تم تعديلها بشكل ما عبر إدخال بعض النوادر أو الكلمات العشوائية إلى النص. إن كنت تريد أن تستخدم نص لوريم إيبسوم ما، عليك أن تتحقق أولاً أن ليس هناك أي كلمات أو عبارات محرجة أو غير لائقة مخبأة في هذا النص. بينما تعمل جميع مولّدات نصوص لوريم إيبسوم على الإنترنت على إعادة تكرار مقاطع من نص لوريم إيبسوم نفسه عدة مرات بما تتطلبه الحاجة، يقوم مولّدنا هذا باستخدام كلمات من قاموس يحوي على أكثر من 200 كلمة لا تينية، مضاف إليها مجموعة من الجمل النموذجية، لتكوين نص لوريم إيبسوم ذو شكل منطقي قريب إلى النص الحقيقي. وبالتالي يكون النص الناتح خالي من التكرار، أو أي كلمات أو عبارات غير لائقة أو ما شابه. وهذا ما يجعله أول مولّد نص لوريم إيبسوم حقيقي على الإنترنت.\r\n\r\n', 1, '1', 'جورغان روي', '2021-11-19', '2021-02-09', 'http://example.com/', 1, 188, 78, 171, NULL, NULL, '2021-11-15 01:01:09', '2021-11-15 01:08:04'),
	(150, 'ازدهار العمل', 'ازدهار-العمل', '1636960072.jpg', 'هنالك العديد من الأنواع المتوفرة لنصوص لوريم إيبسوم، ولكن الغالبية تم تعديلها بشكل ما عبر إدخال بعض النوادر أو الكلمات العشوائية إلى النص. إن كنت تريد أن تستخدم نص لوريم إيبسوم ما، عليك أن تتحقق أولاً أن ليس هناك أي كلمات أو عبارات محرجة أو غير لائقة مخبأة في هذا النص. بينما تعمل جميع مولّدات نصوص لوريم إيبسوم على الإنترنت على إعادة تكرار مقاطع من نص لوريم إيبسوم نفسه عدة مرات بما تتطلبه الحاجة، يقوم مولّدنا هذا باستخدام كلمات من قاموس يحوي على أكثر من 200 كلمة لا تينية، مضاف إليها مجموعة من الجمل النموذجية، لتكوين نص لوريم إيبسوم ذو شكل منطقي قريب إلى النص الحقيقي. وبالتالي يكون النص الناتح خالي من التكرار، أو أي كلمات أو عبارات غير لائقة أو ما شابه. وهذا ما يجعله أول مولّد نص لوريم إيبسوم حقيقي على الإنترنت.\r\n\r\n', 2, '1', 'جورغان روي', '2021-11-19', '2021-02-09', 'http://example.com/', 1, 188, 79, 171, NULL, NULL, '2021-11-15 01:01:09', '2021-11-15 01:07:52'),
	(151, 'استشارات تكنولوجيا المعلومات', 'استشارات-تكنولوجيا-المعلومات', '1636960095.jpg', 'هنالك العديد من الأنواع المتوفرة لنصوص لوريم إيبسوم، ولكن الغالبية تم تعديلها بشكل ما عبر إدخال بعض النوادر أو الكلمات العشوائية إلى النص. إن كنت تريد أن تستخدم نص لوريم إيبسوم ما، عليك أن تتحقق أولاً أن ليس هناك أي كلمات أو عبارات محرجة أو غير لائقة مخبأة في هذا النص. بينما تعمل جميع مولّدات نصوص لوريم إيبسوم على الإنترنت على إعادة تكرار مقاطع من نص لوريم إيبسوم نفسه عدة مرات بما تتطلبه الحاجة، يقوم مولّدنا هذا باستخدام كلمات من قاموس يحوي على أكثر من 200 كلمة لا تينية، مضاف إليها مجموعة من الجمل النموذجية، لتكوين نص لوريم إيبسوم ذو شكل منطقي قريب إلى النص الحقيقي. وبالتالي يكون النص الناتح خالي من التكرار، أو أي كلمات أو عبارات غير لائقة أو ما شابه. وهذا ما يجعله أول مولّد نص لوريم إيبسوم حقيقي على الإنترنت.\r\n\r\n', 3, '1', 'جورغان روي', '2021-11-19', '2021-02-09', 'http://example.com/', 1, 188, 80, 171, NULL, NULL, '2021-11-15 01:01:09', '2021-11-15 01:08:15'),
	(152, 'الخطة الاستثمارية', 'الخطة-الاستثمارية', '1636960121.jpg', 'هنالك العديد من الأنواع المتوفرة لنصوص لوريم إيبسوم، ولكن الغالبية تم تعديلها بشكل ما عبر إدخال بعض النوادر أو الكلمات العشوائية إلى النص. إن كنت تريد أن تستخدم نص لوريم إيبسوم ما، عليك أن تتحقق أولاً أن ليس هناك أي كلمات أو عبارات محرجة أو غير لائقة مخبأة في هذا النص. بينما تعمل جميع مولّدات نصوص لوريم إيبسوم على الإنترنت على إعادة تكرار مقاطع من نص لوريم إيبسوم نفسه عدة مرات بما تتطلبه الحاجة، يقوم مولّدنا هذا باستخدام كلمات من قاموس يحوي على أكثر من 200 كلمة لا تينية، مضاف إليها مجموعة من الجمل النموذجية، لتكوين نص لوريم إيبسوم ذو شكل منطقي قريب إلى النص الحقيقي. وبالتالي يكون النص الناتح خالي من التكرار، أو أي كلمات أو عبارات غير لائقة أو ما شابه. وهذا ما يجعله أول مولّد نص لوريم إيبسوم حقيقي على الإنترنت.\r\n\r\n', 4, '1', 'جورغان روي', '2021-11-19', '2021-02-09', 'http://example.com/', 1, 188, 78, 171, NULL, NULL, '2021-11-15 01:01:09', '2021-11-15 01:09:14'),
	(153, 'التخطيط المالي', 'التخطيط-المالي', '1636960144.jpg', 'هنالك العديد من الأنواع المتوفرة لنصوص لوريم إيبسوم، ولكن الغالبية تم تعديلها بشكل ما عبر إدخال بعض النوادر أو الكلمات العشوائية إلى النص. إن كنت تريد أن تستخدم نص لوريم إيبسوم ما، عليك أن تتحقق أولاً أن ليس هناك أي كلمات أو عبارات محرجة أو غير لائقة مخبأة في هذا النص. بينما تعمل جميع مولّدات نصوص لوريم إيبسوم على الإنترنت على إعادة تكرار مقاطع من نص لوريم إيبسوم نفسه عدة مرات بما تتطلبه الحاجة، يقوم مولّدنا هذا باستخدام كلمات من قاموس يحوي على أكثر من 200 كلمة لا تينية، مضاف إليها مجموعة من الجمل النموذجية، لتكوين نص لوريم إيبسوم ذو شكل منطقي قريب إلى النص الحقيقي. وبالتالي يكون النص الناتح خالي من التكرار، أو أي كلمات أو عبارات غير لائقة أو ما شابه. وهذا ما يجعله أول مولّد نص لوريم إيبسوم حقيقي على الإنترنت.\r\n\r\n', 5, '1', 'جورغان روي', '2021-11-19', '2021-02-09', 'http://example.com/', 1, 188, 79, 171, NULL, NULL, '2021-11-15 01:01:09', '2021-11-15 01:09:04'),
	(154, 'صلة', 'صلة', '1636960173.jpg', 'هنالك العديد من الأنواع المتوفرة لنصوص لوريم إيبسوم، ولكن الغالبية تم تعديلها بشكل ما عبر إدخال بعض النوادر أو الكلمات العشوائية إلى النص. إن كنت تريد أن تستخدم نص لوريم إيبسوم ما، عليك أن تتحقق أولاً أن ليس هناك أي كلمات أو عبارات محرجة أو غير لائقة مخبأة في هذا النص. بينما تعمل جميع مولّدات نصوص لوريم إيبسوم على الإنترنت على إعادة تكرار مقاطع من نص لوريم إيبسوم نفسه عدة مرات بما تتطلبه الحاجة، يقوم مولّدنا هذا باستخدام كلمات من قاموس يحوي على أكثر من 200 كلمة لا تينية، مضاف إليها مجموعة من الجمل النموذجية، لتكوين نص لوريم إيبسوم ذو شكل منطقي قريب إلى النص الحقيقي. وبالتالي يكون النص الناتح خالي من التكرار، أو أي كلمات أو عبارات غير لائقة أو ما شابه. وهذا ما يجعله أول مولّد نص لوريم إيبسوم حقيقي على الإنترنت.\r\n\r\n', 1, '1', 'جورغان روي', '2021-11-19', '2021-02-09', 'http://example.com/', 1, 188, 80, 171, NULL, NULL, '2021-11-15 01:01:09', '2021-11-15 01:09:33');
/*!40000 ALTER TABLE `user_portfolios` ENABLE KEYS */;

-- Dumping structure for table wiebo.user_portfolio_categories
CREATE TABLE IF NOT EXISTS `user_portfolio_categories` (
  `id` bigint(20) unsigned NOT NULL AUTO_INCREMENT,
  `name` varchar(255) COLLATE utf8mb4_unicode_ci DEFAULT NULL,
  `status` tinyint(4) NOT NULL DEFAULT '1',
  `language_id` int(11) NOT NULL DEFAULT '0',
  `user_id` int(11) NOT NULL DEFAULT '0',
  `serial_number` int(11) NOT NULL DEFAULT '0',
  `created_at` timestamp NULL DEFAULT NULL,
  `updated_at` timestamp NULL DEFAULT NULL,
  PRIMARY KEY (`id`)
) ENGINE=InnoDB AUTO_INCREMENT=81 DEFAULT CHARSET=utf8mb4 COLLATE=utf8mb4_unicode_ci;

-- Dumping data for table wiebo.user_portfolio_categories: ~18 rows (approximately)
/*!40000 ALTER TABLE `user_portfolio_categories` DISABLE KEYS */;
INSERT INTO `user_portfolio_categories` (`id`, `name`, `status`, `language_id`, `user_id`, `serial_number`, `created_at`, `updated_at`) VALUES
	(63, 'Consulting', 1, 183, 169, 1, '2021-11-15 00:59:12', '2021-11-15 00:59:12'),
	(64, 'Web Development', 1, 183, 169, 2, '2021-11-15 00:59:35', '2021-11-15 00:59:35'),
	(65, 'Graphic Design', 1, 183, 169, 3, '2021-11-15 00:59:51', '2021-11-15 00:59:51'),
	(66, 'مستشار', 1, 184, 169, 1, '2021-11-15 00:59:12', '2021-11-15 00:59:12'),
	(67, 'تطوير الشبكة', 1, 184, 169, 2, '2021-11-15 00:59:35', '2021-11-15 00:59:35'),
	(68, 'تصميم غرافيك', 1, 184, 169, 3, '2021-11-15 00:59:51', '2021-11-15 00:59:51'),
	(69, 'Consulting', 1, 185, 170, 1, '2021-11-15 00:59:12', '2021-11-15 00:59:12'),
	(70, 'Web Development', 1, 185, 170, 2, '2021-11-15 00:59:35', '2021-11-15 00:59:35'),
	(71, 'Graphic Design', 1, 185, 170, 3, '2021-11-15 00:59:51', '2021-11-15 00:59:51'),
	(72, 'مستشار', 1, 186, 170, 1, '2021-11-15 00:59:12', '2021-11-15 00:59:12'),
	(73, 'تطوير الشبكة', 1, 186, 170, 2, '2021-11-15 00:59:35', '2021-11-15 00:59:35'),
	(74, 'تصميم غرافيك', 1, 186, 170, 3, '2021-11-15 00:59:51', '2021-11-15 00:59:51'),
	(75, 'Consulting', 1, 187, 171, 1, '2021-11-15 00:59:12', '2021-11-15 00:59:12'),
	(76, 'Web Development', 1, 187, 171, 2, '2021-11-15 00:59:35', '2021-11-15 00:59:35'),
	(77, 'Graphic Design', 1, 187, 171, 3, '2021-11-15 00:59:51', '2021-11-15 00:59:51'),
	(78, 'مستشار', 1, 188, 171, 1, '2021-11-15 00:59:12', '2021-11-15 00:59:12'),
	(79, 'تطوير الشبكة', 1, 188, 171, 2, '2021-11-15 00:59:35', '2021-11-15 00:59:35'),
	(80, 'تصميم غرافيك', 1, 188, 171, 3, '2021-11-15 00:59:51', '2021-11-15 00:59:51');
/*!40000 ALTER TABLE `user_portfolio_categories` ENABLE KEYS */;

-- Dumping structure for table wiebo.user_portfolio_images
CREATE TABLE IF NOT EXISTS `user_portfolio_images` (
  `id` int(11) NOT NULL AUTO_INCREMENT,
  `user_portfolio_id` int(11) DEFAULT NULL,
  `image` varchar(50) COLLATE utf8mb4_unicode_ci DEFAULT NULL,
  `user_id` int(11) DEFAULT NULL,
  PRIMARY KEY (`id`)
) ENGINE=InnoDB AUTO_INCREMENT=408 DEFAULT CHARSET=utf8mb4 COLLATE=utf8mb4_unicode_ci;

-- Dumping data for table wiebo.user_portfolio_images: ~54 rows (approximately)
/*!40000 ALTER TABLE `user_portfolio_images` DISABLE KEYS */;
INSERT INTO `user_portfolio_images` (`id`, `user_portfolio_id`, `image`, `user_id`) VALUES
	(353, 113, 'ec9baffdb29de326c0c80b09b0a1502041cddd94.jpg', 169),
	(354, 113, '8cdcefc5ae367600857e11886c753e8198311e09.jpg', 169),
	(356, 114, '2ed0646a993da183a6265510589979bc7420880f.jpg', 169),
	(357, 114, 'c29917a6490e2e144098aaa140f11cfb11910524.jpg', 169),
	(358, 115, 'd5fa9cb8dcf0a49297110f81b68f421b64fadc9c.jpg', 169),
	(359, 115, 'f398d1e29b432cb16bad74c0b23a56c45241c005.jpg', 169),
	(360, 116, 'a8258daaa2e8fe3020afdaf77b33bff96b4d9992.jpg', 169),
	(361, 117, '73f3f673bd8874c9996166d3df58c75146a8c23e.jpg', 169),
	(362, 118, '798de78ac21b10310178ead8e80ed3691d50b110.jpg', 169),
	(363, 119, 'ec9baffdb29de326c0c80b09b0a1502041cddd94.jpg', 169),
	(364, 119, '8cdcefc5ae367600857e11886c753e8198311e09.jpg', 169),
	(365, 120, '2ed0646a993da183a6265510589979bc7420880f.jpg', 169),
	(366, 120, 'c29917a6490e2e144098aaa140f11cfb11910524.jpg', 169),
	(367, 121, 'd5fa9cb8dcf0a49297110f81b68f421b64fadc9c.jpg', 169),
	(368, 121, 'f398d1e29b432cb16bad74c0b23a56c45241c005.jpg', 169),
	(369, 122, 'a8258daaa2e8fe3020afdaf77b33bff96b4d9992.jpg', 169),
	(370, 123, '73f3f673bd8874c9996166d3df58c75146a8c23e.jpg', 169),
	(371, 124, '798de78ac21b10310178ead8e80ed3691d50b110.jpg', 169),
	(372, 125, 'ec9baffdb29de326c0c80b09b0a1502041cddd94.jpg', 170),
	(373, 125, '8cdcefc5ae367600857e11886c753e8198311e09.jpg', 170),
	(374, 126, '2ed0646a993da183a6265510589979bc7420880f.jpg', 170),
	(375, 126, 'c29917a6490e2e144098aaa140f11cfb11910524.jpg', 170),
	(376, 127, 'd5fa9cb8dcf0a49297110f81b68f421b64fadc9c.jpg', 170),
	(377, 127, 'f398d1e29b432cb16bad74c0b23a56c45241c005.jpg', 170),
	(378, 128, 'a8258daaa2e8fe3020afdaf77b33bff96b4d9992.jpg', 170),
	(379, 129, '73f3f673bd8874c9996166d3df58c75146a8c23e.jpg', 170),
	(380, 130, '798de78ac21b10310178ead8e80ed3691d50b110.jpg', 170),
	(381, 131, 'ec9baffdb29de326c0c80b09b0a1502041cddd94.jpg', 170),
	(382, 131, '8cdcefc5ae367600857e11886c753e8198311e09.jpg', 170),
	(383, 132, '2ed0646a993da183a6265510589979bc7420880f.jpg', 170),
	(384, 132, 'c29917a6490e2e144098aaa140f11cfb11910524.jpg', 170),
	(385, 121, 'd5fa9cb8dcf0a49297110f81b68f421b64fadc9c.jpg', 170),
	(386, 133, 'f398d1e29b432cb16bad74c0b23a56c45241c005.jpg', 170),
	(387, 134, 'a8258daaa2e8fe3020afdaf77b33bff96b4d9992.jpg', 170),
	(388, 135, '73f3f673bd8874c9996166d3df58c75146a8c23e.jpg', 170),
	(389, 136, '798de78ac21b10310178ead8e80ed3691d50b110.jpg', 170),
	(390, 143, 'ec9baffdb29de326c0c80b09b0a1502041cddd94.jpg', 169),
	(391, 143, '8cdcefc5ae367600857e11886c753e8198311e09.jpg', 169),
	(392, 144, '2ed0646a993da183a6265510589979bc7420880f.jpg', 169),
	(393, 144, 'c29917a6490e2e144098aaa140f11cfb11910524.jpg', 169),
	(394, 145, 'd5fa9cb8dcf0a49297110f81b68f421b64fadc9c.jpg', 169),
	(395, 145, 'f398d1e29b432cb16bad74c0b23a56c45241c005.jpg', 169),
	(396, 146, 'a8258daaa2e8fe3020afdaf77b33bff96b4d9992.jpg', 169),
	(397, 147, '73f3f673bd8874c9996166d3df58c75146a8c23e.jpg', 169),
	(398, 148, '798de78ac21b10310178ead8e80ed3691d50b110.jpg', 169),
	(399, 149, 'ec9baffdb29de326c0c80b09b0a1502041cddd94.jpg', 169),
	(400, 149, '8cdcefc5ae367600857e11886c753e8198311e09.jpg', 169),
	(401, 150, '2ed0646a993da183a6265510589979bc7420880f.jpg', 169),
	(402, 150, 'c29917a6490e2e144098aaa140f11cfb11910524.jpg', 169),
	(403, 151, 'd5fa9cb8dcf0a49297110f81b68f421b64fadc9c.jpg', 169),
	(404, 151, 'f398d1e29b432cb16bad74c0b23a56c45241c005.jpg', 169),
	(405, 152, 'a8258daaa2e8fe3020afdaf77b33bff96b4d9992.jpg', 169),
	(406, 153, '73f3f673bd8874c9996166d3df58c75146a8c23e.jpg', 169),
	(407, 154, '798de78ac21b10310178ead8e80ed3691d50b110.jpg', 169);
/*!40000 ALTER TABLE `user_portfolio_images` ENABLE KEYS */;

-- Dumping structure for table wiebo.user_qr_codes
CREATE TABLE IF NOT EXISTS `user_qr_codes` (
  `id` bigint(20) unsigned NOT NULL AUTO_INCREMENT,
  `user_id` int(11) DEFAULT NULL,
  `name` varchar(255) COLLATE utf8mb4_unicode_ci DEFAULT NULL,
  `url` text COLLATE utf8mb4_unicode_ci,
  `image` varchar(50) COLLATE utf8mb4_unicode_ci DEFAULT NULL,
  `created_at` timestamp NULL DEFAULT NULL,
  `updated_at` timestamp NULL DEFAULT NULL,
  PRIMARY KEY (`id`)
) ENGINE=InnoDB AUTO_INCREMENT=29 DEFAULT CHARSET=utf8mb4 COLLATE=utf8mb4_unicode_ci;

-- Dumping data for table wiebo.user_qr_codes: ~2 rows (approximately)
/*!40000 ALTER TABLE `user_qr_codes` DISABLE KEYS */;
INSERT INTO `user_qr_codes` (`id`, `user_id`, `name`, `url`, `image`, `created_at`, `updated_at`) VALUES
	(27, 169, 'vCard', 'https://businesso.xyz/EastTex/vcard/10', '6195f80257c4a.png', '2021-11-18 03:51:54', '2021-11-18 03:51:54'),
	(28, 169, 'Website', 'https://businesso.xyz/EastTex', '6195f82fd5cc1.png', '2021-11-18 03:52:42', '2021-11-18 03:52:42');
/*!40000 ALTER TABLE `user_qr_codes` ENABLE KEYS */;

-- Dumping structure for table wiebo.user_quotes
CREATE TABLE IF NOT EXISTS `user_quotes` (
  `id` bigint(20) unsigned NOT NULL AUTO_INCREMENT,
  `name` varchar(255) COLLATE utf8mb4_unicode_ci DEFAULT NULL,
  `email` varchar(255) COLLATE utf8mb4_unicode_ci DEFAULT NULL,
  `fields` text COLLATE utf8mb4_unicode_ci,
  `status` tinyint(4) NOT NULL DEFAULT '0' COMMENT '0-pending, 1-prcessing, 2-completed, 3-rejected',
  `user_id` int(11) DEFAULT NULL,
  `created_at` timestamp NULL DEFAULT NULL,
  `updated_at` timestamp NULL DEFAULT NULL,
  PRIMARY KEY (`id`)
) ENGINE=InnoDB DEFAULT CHARSET=utf8mb4 COLLATE=utf8mb4_unicode_ci;

-- Dumping data for table wiebo.user_quotes: ~0 rows (approximately)
/*!40000 ALTER TABLE `user_quotes` DISABLE KEYS */;
/*!40000 ALTER TABLE `user_quotes` ENABLE KEYS */;

-- Dumping structure for table wiebo.user_quote_inputs
CREATE TABLE IF NOT EXISTS `user_quote_inputs` (
  `id` bigint(20) unsigned NOT NULL AUTO_INCREMENT,
  `language_id` int(11) NOT NULL DEFAULT '0',
  `user_id` int(11) DEFAULT NULL,
  `type` tinyint(4) DEFAULT NULL COMMENT '1-text, 2-select, 3-checkbox, 4-textarea, 5-file',
  `label` varchar(255) COLLATE utf8mb4_unicode_ci DEFAULT NULL,
  `name` varchar(255) COLLATE utf8mb4_unicode_ci DEFAULT NULL,
  `placeholder` varchar(255) COLLATE utf8mb4_unicode_ci DEFAULT NULL,
  `required` tinyint(4) NOT NULL DEFAULT '0' COMMENT '1 - required, 0 - optional',
  `order_number` int(11) NOT NULL DEFAULT '0',
  `created_at` timestamp NULL DEFAULT NULL,
  `updated_at` timestamp NULL DEFAULT NULL,
  PRIMARY KEY (`id`)
) ENGINE=InnoDB AUTO_INCREMENT=135 DEFAULT CHARSET=utf8mb4 COLLATE=utf8mb4_unicode_ci;

-- Dumping data for table wiebo.user_quote_inputs: ~28 rows (approximately)
/*!40000 ALTER TABLE `user_quote_inputs` DISABLE KEYS */;
INSERT INTO `user_quote_inputs` (`id`, `language_id`, `user_id`, `type`, `label`, `name`, `placeholder`, `required`, `order_number`, `created_at`, `updated_at`) VALUES
	(103, 183, 169, 2, 'Service', 'Service', 'Select a service', 1, 1, '2021-11-15 05:15:21', '2021-11-15 06:17:25'),
	(104, 183, 169, 3, 'Options', 'Options', NULL, 1, 3, '2021-11-15 06:12:22', '2021-11-15 06:20:58'),
	(105, 183, 169, 6, 'Estimated Date', 'Estimated_Date', 'Select Estimated Date', 1, 2, '2021-11-15 06:12:55', '2021-11-15 06:20:58'),
	(106, 183, 169, 7, 'Estimated Time', 'Estimated_Time', 'Select Estimated Time', 0, 4, '2021-11-15 06:13:32', '2021-11-15 06:20:58'),
	(107, 183, 169, 1, 'Porject Name', 'Porject_Name', 'Enter Porject Name', 0, 5, '2021-11-15 06:18:02', '2021-11-15 06:18:02'),
	(108, 183, 169, 4, 'Project Description', 'Project_Description', 'Enter Project Description', 1, 6, '2021-11-15 06:18:26', '2021-11-15 06:18:26'),
	(113, 183, 169, 5, 'Attachments', 'Attachments', NULL, 0, 7, '2021-11-15 06:20:39', '2021-11-15 06:20:39'),
	(114, 184, 169, 2, 'خدمة', 'خدمة', 'اختر الخدمة', 1, 1, '2021-11-15 05:15:21', '2021-11-15 06:17:25'),
	(115, 184, 169, 3, 'خيارات', 'خيارات', NULL, 1, 3, '2021-11-15 06:12:22', '2021-11-15 06:20:58'),
	(116, 184, 169, 6, 'التاريخ المتوقع', 'التاريخ_المتوقع', 'حدد التاريخ المقدر', 1, 2, '2021-11-15 06:12:55', '2021-11-15 06:20:58'),
	(117, 184, 169, 7, 'الوقت المقدر', 'الوقت_المقدر', 'حدد الوقت المقدر', 0, 4, '2021-11-15 06:13:32', '2021-11-15 06:20:58'),
	(118, 184, 169, 1, 'اسم المشروع', 'اسم_المشروع', 'أدخل اسم المشروع', 0, 5, '2021-11-15 06:18:02', '2021-11-15 06:18:02'),
	(119, 184, 169, 4, 'وصف المشروع', 'وصف_المشروع', 'أدخل وصف المشروع', 1, 6, '2021-11-15 06:18:26', '2021-11-15 06:18:26'),
	(120, 184, 169, 5, 'المرفقات', 'المرفقات', NULL, 0, 7, '2021-11-15 06:20:39', '2021-11-15 06:20:39'),
	(121, 185, 170, 2, 'Service', 'Service', 'Select a service', 1, 1, '2021-11-15 05:15:21', '2021-11-15 06:17:25'),
	(122, 185, 170, 3, 'Options', 'Options', NULL, 1, 3, '2021-11-15 06:12:22', '2021-11-15 06:20:58'),
	(123, 185, 170, 6, 'Estimated Date', 'Estimated_Date', 'Select Estimated Date', 1, 2, '2021-11-15 06:12:55', '2021-11-15 06:20:58'),
	(124, 185, 170, 7, 'Estimated Time', 'Estimated_Time', 'Select Estimated Time', 0, 4, '2021-11-15 06:13:32', '2021-11-15 06:20:58'),
	(125, 185, 170, 1, 'Porject Name', 'Porject_Name', 'Enter Porject Name', 0, 5, '2021-11-15 06:18:02', '2021-11-15 06:18:02'),
	(126, 185, 170, 4, 'Project Description', 'Project_Description', 'Enter Project Description', 1, 6, '2021-11-15 06:18:26', '2021-11-15 06:18:26'),
	(127, 185, 170, 5, 'Attachments', 'Attachments', NULL, 0, 7, '2021-11-15 06:20:39', '2021-11-15 06:20:39'),
	(128, 186, 170, 2, 'خدمة', 'خدمة', 'اختر الخدمة', 1, 1, '2021-11-15 05:15:21', '2021-11-15 06:17:25'),
	(129, 186, 170, 3, 'خيارات', 'خيارات', NULL, 1, 3, '2021-11-15 06:12:22', '2021-11-15 06:20:58'),
	(130, 186, 170, 6, 'التاريخ المتوقع', 'التاريخ_المتوقع', 'حدد التاريخ المقدر', 1, 2, '2021-11-15 06:12:55', '2021-11-15 06:20:58'),
	(131, 186, 170, 7, 'الوقت المقدر', 'الوقت_المقدر', 'حدد الوقت المقدر', 0, 4, '2021-11-15 06:13:32', '2021-11-15 06:20:58'),
	(132, 186, 170, 1, 'اسم المشروع', 'اسم_المشروع', 'أدخل اسم المشروع', 0, 5, '2021-11-15 06:18:02', '2021-11-15 06:18:02'),
	(133, 186, 170, 4, 'وصف المشروع', 'وصف_المشروع', 'أدخل وصف المشروع', 1, 6, '2021-11-15 06:18:26', '2021-11-15 06:18:26'),
	(134, 186, 170, 5, 'المرفقات', 'المرفقات', NULL, 0, 7, '2021-11-15 06:20:39', '2021-11-15 06:20:39');
/*!40000 ALTER TABLE `user_quote_inputs` ENABLE KEYS */;

-- Dumping structure for table wiebo.user_quote_input_options
CREATE TABLE IF NOT EXISTS `user_quote_input_options` (
  `id` bigint(20) unsigned NOT NULL AUTO_INCREMENT,
  `quote_input_id` int(11) DEFAULT NULL,
  `name` varchar(255) COLLATE utf8mb4_unicode_ci DEFAULT NULL,
  `created_at` timestamp NULL DEFAULT NULL,
  `updated_at` timestamp NULL DEFAULT NULL,
  PRIMARY KEY (`id`)
) ENGINE=InnoDB AUTO_INCREMENT=221 DEFAULT CHARSET=utf8mb4 COLLATE=utf8mb4_unicode_ci;

-- Dumping data for table wiebo.user_quote_input_options: ~28 rows (approximately)
/*!40000 ALTER TABLE `user_quote_input_options` DISABLE KEYS */;
INSERT INTO `user_quote_input_options` (`id`, `quote_input_id`, `name`, `created_at`, `updated_at`) VALUES
	(193, 103, 'Web Development', '2021-11-15 05:15:21', '2021-11-15 05:15:21'),
	(194, 103, 'Web Design', '2021-11-15 05:15:21', '2021-11-15 05:15:21'),
	(195, 103, 'Graphic Design', '2021-11-15 05:15:21', '2021-11-15 05:15:21'),
	(196, 104, 'Option 1', '2021-11-15 06:12:22', '2021-11-15 06:12:22'),
	(197, 104, 'Option 1', '2021-11-15 06:12:22', '2021-11-15 06:12:22'),
	(198, 104, 'Option 1', '2021-11-15 06:12:22', '2021-11-15 06:12:22'),
	(199, 104, 'Option 1', '2021-11-15 06:12:22', '2021-11-15 06:12:22'),
	(200, 114, 'تطوير الشبكة', '2021-11-15 05:15:21', '2021-11-15 05:15:21'),
	(201, 114, 'تصميم المواقع', '2021-11-15 05:15:21', '2021-11-15 05:15:21'),
	(202, 114, 'تصميم غرافيك', '2021-11-15 05:15:21', '2021-11-15 05:15:21'),
	(203, 115, 'الخيار 1', '2021-11-15 06:12:22', '2021-11-15 06:12:22'),
	(204, 115, 'الخيار 1', '2021-11-15 06:12:22', '2021-11-15 06:12:22'),
	(205, 115, 'الخيار 1', '2021-11-15 06:12:22', '2021-11-15 06:12:22'),
	(206, 115, 'الخيار 1', '2021-11-15 06:12:22', '2021-11-15 06:12:22'),
	(207, 121, 'Web Development', '2021-11-15 05:15:21', '2021-11-15 05:15:21'),
	(208, 121, 'Web Design', '2021-11-15 05:15:21', '2021-11-15 05:15:21'),
	(209, 121, 'Graphic Design', '2021-11-15 05:15:21', '2021-11-15 05:15:21'),
	(210, 122, 'Option 1', '2021-11-15 06:12:22', '2021-11-15 06:12:22'),
	(211, 122, 'Option 1', '2021-11-15 06:12:22', '2021-11-15 06:12:22'),
	(212, 122, 'Option 1', '2021-11-15 06:12:22', '2021-11-15 06:12:22'),
	(213, 122, 'Option 1', '2021-11-15 06:12:22', '2021-11-15 06:12:22'),
	(214, 128, 'تطوير الشبكة', '2021-11-15 05:15:21', '2021-11-15 05:15:21'),
	(215, 128, 'تصميم المواقع', '2021-11-15 05:15:21', '2021-11-15 05:15:21'),
	(216, 128, 'تصميم غرافيك', '2021-11-15 05:15:21', '2021-11-15 05:15:21'),
	(217, 129, 'الخيار 1', '2021-11-15 06:12:22', '2021-11-15 06:12:22'),
	(218, 129, 'الخيار 1', '2021-11-15 06:12:22', '2021-11-15 06:12:22'),
	(219, 129, 'الخيار 1', '2021-11-15 06:12:22', '2021-11-15 06:12:22'),
	(220, 129, 'الخيار 1', '2021-11-15 06:12:22', '2021-11-15 06:12:22');
/*!40000 ALTER TABLE `user_quote_input_options` ENABLE KEYS */;

-- Dumping structure for table wiebo.user_seos
CREATE TABLE IF NOT EXISTS `user_seos` (
  `id` int(11) NOT NULL AUTO_INCREMENT,
  `user_id` int(11) DEFAULT NULL,
  `language_id` int(11) DEFAULT NULL,
  `home_meta_keywords` text COLLATE utf8mb4_unicode_ci,
  `home_meta_description` text COLLATE utf8mb4_unicode_ci,
  `services_meta_keywords` text COLLATE utf8mb4_unicode_ci,
  `services_meta_description` text COLLATE utf8mb4_unicode_ci,
  `blogs_meta_keywords` text COLLATE utf8mb4_unicode_ci,
  `blogs_meta_description` text COLLATE utf8mb4_unicode_ci,
  `portfolios_meta_keywords` text COLLATE utf8mb4_unicode_ci,
  `portfolios_meta_description` text COLLATE utf8mb4_unicode_ci,
  `jobs_meta_description` text COLLATE utf8mb4_unicode_ci,
  `jobs_meta_keywords` varchar(255) COLLATE utf8mb4_unicode_ci DEFAULT NULL,
  `team_meta_keywords` varchar(255) COLLATE utf8mb4_unicode_ci DEFAULT NULL,
  `team_meta_description` varchar(255) COLLATE utf8mb4_unicode_ci DEFAULT NULL,
  `faqs_meta_description` varchar(255) COLLATE utf8mb4_unicode_ci DEFAULT NULL,
  `faqs_meta_keywords` varchar(255) COLLATE utf8mb4_unicode_ci DEFAULT NULL,
  `contact_meta_description` varchar(255) COLLATE utf8mb4_unicode_ci DEFAULT NULL,
  `contact_meta_keywords` varchar(255) COLLATE utf8mb4_unicode_ci DEFAULT NULL,
  `quote_meta_description` text COLLATE utf8mb4_unicode_ci,
  `quote_meta_keywords` varchar(255) COLLATE utf8mb4_unicode_ci DEFAULT NULL,
  PRIMARY KEY (`id`)
) ENGINE=InnoDB AUTO_INCREMENT=8 DEFAULT CHARSET=utf8mb4 COLLATE=utf8mb4_unicode_ci;

-- Dumping data for table wiebo.user_seos: ~1 rows (approximately)
/*!40000 ALTER TABLE `user_seos` DISABLE KEYS */;
INSERT INTO `user_seos` (`id`, `user_id`, `language_id`, `home_meta_keywords`, `home_meta_description`, `services_meta_keywords`, `services_meta_description`, `blogs_meta_keywords`, `blogs_meta_description`, `portfolios_meta_keywords`, `portfolios_meta_description`, `jobs_meta_description`, `jobs_meta_keywords`, `team_meta_keywords`, `team_meta_description`, `faqs_meta_description`, `faqs_meta_keywords`, `contact_meta_description`, `contact_meta_keywords`, `quote_meta_description`, `quote_meta_keywords`) VALUES
	(7, 169, 183, NULL, NULL, NULL, NULL, NULL, NULL, NULL, NULL, NULL, NULL, NULL, NULL, NULL, NULL, NULL, NULL, NULL, NULL);
/*!40000 ALTER TABLE `user_seos` ENABLE KEYS */;

-- Dumping structure for table wiebo.user_services
CREATE TABLE IF NOT EXISTS `user_services` (
  `id` bigint(20) unsigned NOT NULL AUTO_INCREMENT,
  `image` text COLLATE utf8mb4_unicode_ci NOT NULL,
  `name` varchar(255) COLLATE utf8mb4_unicode_ci NOT NULL,
  `slug` varchar(255) COLLATE utf8mb4_unicode_ci NOT NULL,
  `content` longtext COLLATE utf8mb4_unicode_ci NOT NULL,
  `serial_number` int(11) NOT NULL DEFAULT '0',
  `featured` int(11) NOT NULL,
  `detail_page` int(11) NOT NULL,
  `lang_id` bigint(20) unsigned NOT NULL,
  `user_id` bigint(20) unsigned NOT NULL,
  `meta_keywords` text COLLATE utf8mb4_unicode_ci,
  `meta_description` text COLLATE utf8mb4_unicode_ci,
  `created_at` timestamp NULL DEFAULT NULL,
  `updated_at` timestamp NULL DEFAULT NULL,
  PRIMARY KEY (`id`),
  KEY `user_services_user_id_foreign` (`user_id`),
  KEY `user_services_lang_id_foreign` (`lang_id`),
  CONSTRAINT `user_services_lang_id_foreign` FOREIGN KEY (`lang_id`) REFERENCES `user_languages` (`id`) ON DELETE CASCADE,
  CONSTRAINT `user_services_user_id_foreign` FOREIGN KEY (`user_id`) REFERENCES `users` (`id`) ON DELETE CASCADE
) ENGINE=InnoDB AUTO_INCREMENT=138 DEFAULT CHARSET=utf8mb4 COLLATE=utf8mb4_unicode_ci;

-- Dumping data for table wiebo.user_services: ~36 rows (approximately)
/*!40000 ALTER TABLE `user_services` DISABLE KEYS */;
INSERT INTO `user_services` (`id`, `image`, `name`, `slug`, `content`, `serial_number`, `featured`, `detail_page`, `lang_id`, `user_id`, `meta_keywords`, `meta_description`, `created_at`, `updated_at`) VALUES
	(102, '1636958113.png', 'WEB DESIGN', 'web-design', '<p style="text-align:justify;color:rgb(0,0,0);font-family:\'Open Sans\', Arial, sans-serif;"><img src="http://businesso.test/assets/front/img/summernote/6191ff8f5b3f6.jpg" style="width:100%;" alt="6191ff8f5b3f6.jpg" /><span style="font-family:Verdana;"><br /></span></p><p style="text-align:justify;color:rgb(0,0,0);font-family:\'Open Sans\', Arial, sans-serif;"><span style="font-family:Verdana;"><br /></span></p><p style="text-align:justify;color:rgb(0,0,0);font-family:\'Open Sans\', Arial, sans-serif;"><span style="font-family:Verdana;">There are many variations of passages of Lorem Ipsum available, but the majority have suffered alteration in some form, by injected humour, or randomised words which don\'t look even slightly believable. If you are going to use a passage of Lorem Ipsum, you need to be sure there isn\'t anything embarrassing hidden in the middle of text. All the Lorem Ipsum generators on the Internet tend to repeat predefined chunks as necessary, making this the first true generator on the Internet. It uses a dictionary of over 200 Latin words, combined with a handful of model sentence structures, to generate Lorem Ipsum which looks reasonable. The generated Lorem Ipsum is therefore always free from repetition, injected humour, or non-characteristic words etc.</span></p>', 1, 1, 1, 183, 169, NULL, NULL, '2021-11-15 00:35:13', '2021-11-15 00:35:33'),
	(103, '1636958233.png', 'WEB DEVELOPMENT', 'web-development', '<p style="text-align:justify;color:rgb(0,0,0);font-family:\'Open Sans\', Arial, sans-serif;"><img src="http://businesso.test/assets/front/img/summernote/6191ff8f5b3f6.jpg" style="width:100%;" alt="6191ff8f5b3f6.jpg" /><span style="font-family:Verdana;"><br /></span></p><p style="text-align:justify;color:rgb(0,0,0);font-family:\'Open Sans\', Arial, sans-serif;"><span style="font-family:Verdana;"><br /></span></p><p style="text-align:justify;color:rgb(0,0,0);font-family:\'Open Sans\', Arial, sans-serif;"><span style="font-family:Verdana;">There are many variations of passages of Lorem Ipsum available, but the majority have suffered alteration in some form, by injected humour, or randomised words which don\'t look even slightly believable. If you are going to use a passage of Lorem Ipsum, you need to be sure there isn\'t anything embarrassing hidden in the middle of text. All the Lorem Ipsum generators on the Internet tend to repeat predefined chunks as necessary, making this the first true generator on the Internet. It uses a dictionary of over 200 Latin words, combined with a handful of model sentence structures, to generate Lorem Ipsum which looks reasonable. The generated Lorem Ipsum is therefore always free from repetition, injected humour, or non-characteristic words etc.</span></p>', 2, 1, 1, 183, 169, NULL, NULL, '2021-11-15 00:35:13', '2021-11-15 00:37:13'),
	(104, '1636958253.png', 'GRAPHIC DESIGN', 'graphic-design', '<p style="text-align:justify;color:rgb(0,0,0);font-family:\'Open Sans\', Arial, sans-serif;"><img src="http://businesso.test/assets/front/img/summernote/6191ff8f5b3f6.jpg" style="width:100%;" alt="6191ff8f5b3f6.jpg" /><span style="font-family:Verdana;"><br /></span></p><p style="text-align:justify;color:rgb(0,0,0);font-family:\'Open Sans\', Arial, sans-serif;"><span style="font-family:Verdana;"><br /></span></p><p style="text-align:justify;color:rgb(0,0,0);font-family:\'Open Sans\', Arial, sans-serif;"><span style="font-family:Verdana;">There are many variations of passages of Lorem Ipsum available, but the majority have suffered alteration in some form, by injected humour, or randomised words which don\'t look even slightly believable. If you are going to use a passage of Lorem Ipsum, you need to be sure there isn\'t anything embarrassing hidden in the middle of text. All the Lorem Ipsum generators on the Internet tend to repeat predefined chunks as necessary, making this the first true generator on the Internet. It uses a dictionary of over 200 Latin words, combined with a handful of model sentence structures, to generate Lorem Ipsum which looks reasonable. The generated Lorem Ipsum is therefore always free from repetition, injected humour, or non-characteristic words etc.</span></p>', 3, 1, 1, 183, 169, NULL, NULL, '2021-11-15 00:35:13', '2021-11-15 00:37:33'),
	(105, '1636958275.png', 'MOBILE APPS', 'mobile-apps', '', 4, 1, 0, 183, 169, NULL, NULL, '2021-11-15 00:35:13', '2021-11-15 00:40:24'),
	(106, '1636958403.png', 'PLUGIN DEVELOPMENT', 'plugin-development', '', 5, 1, 0, 183, 169, NULL, NULL, '2021-11-15 00:35:13', '2021-11-15 00:40:33'),
	(107, '1636958825.png', 'MARKETTING SEO', 'marketting-seo', '', 6, 1, 0, 183, 169, NULL, NULL, '2021-11-15 00:35:13', '2021-11-15 00:47:05'),
	(108, '1636958113.png', 'تصميم المواقع', 'تصميم-المواقع', 'خلافاَ للإعتقاد السائد فإن لوريم إيبسوم ليس نصاَ عشوائياً، بل إن له جذور في الأدب اللاتيني الكلاسيكي منذ العام 45 قبل الميلاد، مما يجعله أكثر من 2000 عام في القدم. قام البروفيسور "ريتشارد ماك لينتوك" (Richard McClintock) وهو بروفيسور اللغة اللاتينية في جامعة هامبدن-سيدني في فيرجينيا بالبحث عن أصول كلمة لاتينية غامضة في نص لوريم إيبسوم وهي "consectetur"، وخلال تتبعه لهذه الكلمة في الأدب اللاتيني اكتشف المصدر الغير قابل للشك. فلقد اتضح أن كلمات نص لوريم إيبسوم تأتي من الأقسام 1.10.32 و 1.10.33 من كتاب "حول أقاصي الخير والشر" (de Finibus Bonorum et Malorum) للمفكر شيشيرون (Cicero) والذي كتبه في عام 45 قبل الميلاد. هذا الكتاب هو بمثابة مقالة علمية مطولة في نظرية الأخلاق، وكان له شعبية كبيرة في عصر النهضة. السطر الأول من لوريم إيبسوم "Lorem ipsum dolor sit amet.." يأتي من سطر في القسم 1.20.32 من هذا الكتاب.', 1, 1, 1, 184, 169, NULL, NULL, '2021-11-15 00:35:13', '2021-11-15 00:35:33'),
	(109, '1636958233.png', 'تطوير الشبكة', 'تطوير-الشبكة', 'خلافاَ للإعتقاد السائد فإن لوريم إيبسوم ليس نصاَ عشوائياً، بل إن له جذور في الأدب اللاتيني الكلاسيكي منذ العام 45 قبل الميلاد، مما يجعله أكثر من 2000 عام في القدم. قام البروفيسور "ريتشارد ماك لينتوك" (Richard McClintock) وهو بروفيسور اللغة اللاتينية في جامعة هامبدن-سيدني في فيرجينيا بالبحث عن أصول كلمة لاتينية غامضة في نص لوريم إيبسوم وهي "consectetur"، وخلال تتبعه لهذه الكلمة في الأدب اللاتيني اكتشف المصدر الغير قابل للشك. فلقد اتضح أن كلمات نص لوريم إيبسوم تأتي من الأقسام 1.10.32 و 1.10.33 من كتاب "حول أقاصي الخير والشر" (de Finibus Bonorum et Malorum) للمفكر شيشيرون (Cicero) والذي كتبه في عام 45 قبل الميلاد. هذا الكتاب هو بمثابة مقالة علمية مطولة في نظرية الأخلاق، وكان له شعبية كبيرة في عصر النهضة. السطر الأول من لوريم إيبسوم "Lorem ipsum dolor sit amet.." يأتي من سطر في القسم 1.20.32 من هذا الكتاب.', 2, 1, 1, 184, 169, NULL, NULL, '2021-11-15 00:35:13', '2021-11-15 00:37:13'),
	(110, '1636958253.png', 'تصميم غرافيك', 'تصميم-غرافيك', 'خلافاَ للإعتقاد السائد فإن لوريم إيبسوم ليس نصاَ عشوائياً، بل إن له جذور في الأدب اللاتيني الكلاسيكي منذ العام 45 قبل الميلاد، مما يجعله أكثر من 2000 عام في القدم. قام البروفيسور "ريتشارد ماك لينتوك" (Richard McClintock) وهو بروفيسور اللغة اللاتينية في جامعة هامبدن-سيدني في فيرجينيا بالبحث عن أصول كلمة لاتينية غامضة في نص لوريم إيبسوم وهي "consectetur"، وخلال تتبعه لهذه الكلمة في الأدب اللاتيني اكتشف المصدر الغير قابل للشك. فلقد اتضح أن كلمات نص لوريم إيبسوم تأتي من الأقسام 1.10.32 و 1.10.33 من كتاب "حول أقاصي الخير والشر" (de Finibus Bonorum et Malorum) للمفكر شيشيرون (Cicero) والذي كتبه في عام 45 قبل الميلاد. هذا الكتاب هو بمثابة مقالة علمية مطولة في نظرية الأخلاق، وكان له شعبية كبيرة في عصر النهضة. السطر الأول من لوريم إيبسوم "Lorem ipsum dolor sit amet.." يأتي من سطر في القسم 1.20.32 من هذا الكتاب.', 3, 1, 1, 184, 169, NULL, NULL, '2021-11-15 00:35:13', '2021-11-15 00:37:33'),
	(111, '1636958275.png', 'تطبيقات الموبايل', 'تطبيقات-الموبايل', '', 4, 1, 0, 184, 169, NULL, NULL, '2021-11-15 00:35:13', '2021-11-15 00:40:24'),
	(112, '1636958403.png', 'تطوير PLUGIN', 'تطوير-plugin', '', 5, 1, 0, 184, 169, NULL, NULL, '2021-11-15 00:35:13', '2021-11-15 00:40:33'),
	(113, '1636958825.png', 'تسويق SEO', 'تسويق-seo', '', 6, 1, 0, 184, 169, NULL, NULL, '2021-11-15 00:35:13', '2021-11-15 00:47:05'),
	(114, '1636958113.png', 'Web Design', 'web-design', '<p style="text-align:justify;color:rgb(0,0,0);font-family:\'Open Sans\', Arial, sans-serif;"><img src="http://businesso.test/assets/front/img/summernote/6191ff8f5b3f6.jpg" style="width:100%;" alt="6191ff8f5b3f6.jpg" /><span style="font-family:Verdana;"><br /></span></p><p style="text-align:justify;color:rgb(0,0,0);font-family:\'Open Sans\', Arial, sans-serif;"><span style="font-family:Verdana;"><br /></span></p><p style="text-align:justify;color:rgb(0,0,0);font-family:\'Open Sans\', Arial, sans-serif;"><span style="font-family:Verdana;">There are many variations of passages of Lorem Ipsum available, but the majority have suffered alteration in some form, by injected humour, or randomised words which don\'t look even slightly believable. If you are going to use a passage of Lorem Ipsum, you need to be sure there isn\'t anything embarrassing hidden in the middle of text. All the Lorem Ipsum generators on the Internet tend to repeat predefined chunks as necessary, making this the first true generator on the Internet. It uses a dictionary of over 200 Latin words, combined with a handful of model sentence structures, to generate Lorem Ipsum which looks reasonable. The generated Lorem Ipsum is therefore always free from repetition, injected humour, or non-characteristic words etc.</span></p>', 1, 1, 1, 185, 170, NULL, NULL, '2021-11-15 00:35:13', '2021-11-17 01:58:24'),
	(115, '1636958233.png', 'Web Development', 'web-development', '<p style="text-align:justify;color:rgb(0,0,0);font-family:\'Open Sans\', Arial, sans-serif;"><img src="http://businesso.test/assets/front/img/summernote/6191ff8f5b3f6.jpg" style="width:100%;" alt="6191ff8f5b3f6.jpg" /><span style="font-family:Verdana;"><br /></span></p><p style="text-align:justify;color:rgb(0,0,0);font-family:\'Open Sans\', Arial, sans-serif;"><span style="font-family:Verdana;"><br /></span></p><p style="text-align:justify;color:rgb(0,0,0);font-family:\'Open Sans\', Arial, sans-serif;"><span style="font-family:Verdana;">There are many variations of passages of Lorem Ipsum available, but the majority have suffered alteration in some form, by injected humour, or randomised words which don\'t look even slightly believable. If you are going to use a passage of Lorem Ipsum, you need to be sure there isn\'t anything embarrassing hidden in the middle of text. All the Lorem Ipsum generators on the Internet tend to repeat predefined chunks as necessary, making this the first true generator on the Internet. It uses a dictionary of over 200 Latin words, combined with a handful of model sentence structures, to generate Lorem Ipsum which looks reasonable. The generated Lorem Ipsum is therefore always free from repetition, injected humour, or non-characteristic words etc.</span></p>', 2, 1, 1, 185, 170, NULL, NULL, '2021-11-15 00:35:13', '2021-11-17 01:58:13'),
	(116, '1636958253.png', 'Graphic Design', 'graphic-design', '<p style="text-align:justify;color:rgb(0,0,0);font-family:\'Open Sans\', Arial, sans-serif;"><img src="http://businesso.test/assets/front/img/summernote/6191ff8f5b3f6.jpg" style="width:100%;" alt="6191ff8f5b3f6.jpg" /><span style="font-family:Verdana;"><br /></span></p><p style="text-align:justify;color:rgb(0,0,0);font-family:\'Open Sans\', Arial, sans-serif;"><span style="font-family:Verdana;"><br /></span></p><p style="text-align:justify;color:rgb(0,0,0);font-family:\'Open Sans\', Arial, sans-serif;"><span style="font-family:Verdana;">There are many variations of passages of Lorem Ipsum available, but the majority have suffered alteration in some form, by injected humour, or randomised words which don\'t look even slightly believable. If you are going to use a passage of Lorem Ipsum, you need to be sure there isn\'t anything embarrassing hidden in the middle of text. All the Lorem Ipsum generators on the Internet tend to repeat predefined chunks as necessary, making this the first true generator on the Internet. It uses a dictionary of over 200 Latin words, combined with a handful of model sentence structures, to generate Lorem Ipsum which looks reasonable. The generated Lorem Ipsum is therefore always free from repetition, injected humour, or non-characteristic words etc.</span></p>', 3, 1, 1, 185, 170, NULL, NULL, '2021-11-15 00:35:13', '2021-11-17 01:58:00'),
	(117, '1636958275.png', 'Mobile Apps', 'mobile-apps', '', 4, 1, 0, 185, 170, NULL, NULL, '2021-11-15 00:35:13', '2021-11-17 01:57:44'),
	(118, '1636958403.png', 'Plugin Development', 'plugin-development', '', 5, 1, 0, 185, 170, NULL, NULL, '2021-11-15 00:35:13', '2021-11-17 01:56:45'),
	(119, '1636958825.png', 'Marketting SEO', 'marketting-seo', '', 6, 1, 0, 185, 170, NULL, NULL, '2021-11-15 00:35:13', '2021-11-17 01:57:24'),
	(120, '1637124938.png', 'Image Editing', 'image-editing', '', 7, 1, 0, 185, 170, NULL, NULL, '2021-11-17 01:55:38', '2021-11-17 01:57:33'),
	(121, '1637124963.png', 'IT Consultancy', 'it-consultancy', '', 8, 1, 0, 185, 170, NULL, NULL, '2021-11-17 01:56:03', '2021-11-17 01:57:08'),
	(122, '1636958113.png', 'تصميم المواقع', 'تصميم-المواقع', 'خلافاَ للإعتقاد السائد فإن لوريم إيبسوم ليس نصاَ عشوائياً، بل إن له جذور في الأدب اللاتيني الكلاسيكي منذ العام 45 قبل الميلاد، مما يجعله أكثر من 2000 عام في القدم. قام البروفيسور "ريتشارد ماك لينتوك" (Richard McClintock) وهو بروفيسور اللغة اللاتينية في جامعة هامبدن-سيدني في فيرجينيا بالبحث عن أصول كلمة لاتينية غامضة في نص لوريم إيبسوم وهي "consectetur"، وخلال تتبعه لهذه الكلمة في الأدب اللاتيني اكتشف المصدر الغير قابل للشك. فلقد اتضح أن كلمات نص لوريم إيبسوم تأتي من الأقسام 1.10.32 و 1.10.33 من كتاب "حول أقاصي الخير والشر" (de Finibus Bonorum et Malorum) للمفكر شيشيرون (Cicero) والذي كتبه في عام 45 قبل الميلاد. هذا الكتاب هو بمثابة مقالة علمية مطولة في نظرية الأخلاق، وكان له شعبية كبيرة في عصر النهضة. السطر الأول من لوريم إيبسوم "Lorem ipsum dolor sit amet.." يأتي من سطر في القسم 1.20.32 من هذا الكتاب.', 1, 1, 1, 186, 170, NULL, NULL, '2021-11-15 00:35:13', '2021-11-15 00:35:33'),
	(123, '1636958233.png', 'تطوير الشبكة', 'تطوير-الشبكة', 'خلافاَ للإعتقاد السائد فإن لوريم إيبسوم ليس نصاَ عشوائياً، بل إن له جذور في الأدب اللاتيني الكلاسيكي منذ العام 45 قبل الميلاد، مما يجعله أكثر من 2000 عام في القدم. قام البروفيسور "ريتشارد ماك لينتوك" (Richard McClintock) وهو بروفيسور اللغة اللاتينية في جامعة هامبدن-سيدني في فيرجينيا بالبحث عن أصول كلمة لاتينية غامضة في نص لوريم إيبسوم وهي "consectetur"، وخلال تتبعه لهذه الكلمة في الأدب اللاتيني اكتشف المصدر الغير قابل للشك. فلقد اتضح أن كلمات نص لوريم إيبسوم تأتي من الأقسام 1.10.32 و 1.10.33 من كتاب "حول أقاصي الخير والشر" (de Finibus Bonorum et Malorum) للمفكر شيشيرون (Cicero) والذي كتبه في عام 45 قبل الميلاد. هذا الكتاب هو بمثابة مقالة علمية مطولة في نظرية الأخلاق، وكان له شعبية كبيرة في عصر النهضة. السطر الأول من لوريم إيبسوم "Lorem ipsum dolor sit amet.." يأتي من سطر في القسم 1.20.32 من هذا الكتاب.', 2, 1, 1, 186, 170, NULL, NULL, '2021-11-15 00:35:13', '2021-11-15 00:37:13'),
	(124, '1636958253.png', 'تصميم غرافيك', 'تصميم-غرافيك', 'خلافاَ للإعتقاد السائد فإن لوريم إيبسوم ليس نصاَ عشوائياً، بل إن له جذور في الأدب اللاتيني الكلاسيكي منذ العام 45 قبل الميلاد، مما يجعله أكثر من 2000 عام في القدم. قام البروفيسور "ريتشارد ماك لينتوك" (Richard McClintock) وهو بروفيسور اللغة اللاتينية في جامعة هامبدن-سيدني في فيرجينيا بالبحث عن أصول كلمة لاتينية غامضة في نص لوريم إيبسوم وهي "consectetur"، وخلال تتبعه لهذه الكلمة في الأدب اللاتيني اكتشف المصدر الغير قابل للشك. فلقد اتضح أن كلمات نص لوريم إيبسوم تأتي من الأقسام 1.10.32 و 1.10.33 من كتاب "حول أقاصي الخير والشر" (de Finibus Bonorum et Malorum) للمفكر شيشيرون (Cicero) والذي كتبه في عام 45 قبل الميلاد. هذا الكتاب هو بمثابة مقالة علمية مطولة في نظرية الأخلاق، وكان له شعبية كبيرة في عصر النهضة. السطر الأول من لوريم إيبسوم "Lorem ipsum dolor sit amet.." يأتي من سطر في القسم 1.20.32 من هذا الكتاب.', 3, 1, 1, 186, 170, NULL, NULL, '2021-11-15 00:35:13', '2021-11-15 00:37:33'),
	(125, '1636958275.png', 'تطبيقات الموبايل', 'تطبيقات-الموبايل', '', 4, 1, 0, 186, 170, NULL, NULL, '2021-11-15 00:35:13', '2021-11-15 00:40:24'),
	(126, '1636958403.png', 'تطوير PLUGIN', 'تطوير-plugin', '', 5, 1, 0, 186, 170, NULL, NULL, '2021-11-15 00:35:13', '2021-11-15 00:40:33'),
	(127, '1636958825.png', 'تسويق SEO', 'تسويق-seo', '', 6, 1, 0, 186, 170, NULL, NULL, '2021-11-15 00:35:13', '2021-11-15 00:47:05'),
	(128, '1637124938.png', 'تعديل الصوره', 'تعديل-الصوره', '', 7, 1, 0, 186, 170, NULL, NULL, '2021-11-17 01:55:38', '2021-11-17 01:57:33'),
	(129, '1637124963.png', 'استشارات تكنولوجيا المعلومات', 'استشارات-تكنولوجيا-المعلومات', '', 8, 1, 0, 186, 170, NULL, NULL, '2021-11-17 01:56:03', '2021-11-17 01:57:08'),
	(130, '1636958113.png', 'Web Design', 'web-design', '<p style="text-align:justify;color:rgb(0,0,0);font-family:\'Open Sans\', Arial, sans-serif;"><img src="http://businesso.test/assets/front/img/summernote/6191ff8f5b3f6.jpg" style="width:100%;" alt="6191ff8f5b3f6.jpg" /><span style="font-family:Verdana;"><br /></span></p><p style="text-align:justify;color:rgb(0,0,0);font-family:\'Open Sans\', Arial, sans-serif;"><span style="font-family:Verdana;"><br /></span></p><p style="text-align:justify;color:rgb(0,0,0);font-family:\'Open Sans\', Arial, sans-serif;"><span style="font-family:Verdana;">There are many variations of passages of Lorem Ipsum available, but the majority have suffered alteration in some form, by injected humour, or randomised words which don\'t look even slightly believable. If you are going to use a passage of Lorem Ipsum, you need to be sure there isn\'t anything embarrassing hidden in the middle of text. All the Lorem Ipsum generators on the Internet tend to repeat predefined chunks as necessary, making this the first true generator on the Internet. It uses a dictionary of over 200 Latin words, combined with a handful of model sentence structures, to generate Lorem Ipsum which looks reasonable. The generated Lorem Ipsum is therefore always free from repetition, injected humour, or non-characteristic words etc.</span></p>', 1, 1, 1, 187, 171, NULL, NULL, '2021-11-15 00:35:13', '2021-11-17 01:58:24'),
	(131, '1636958233.png', 'Web Development', 'web-development', '<p style="text-align:justify;color:rgb(0,0,0);font-family:\'Open Sans\', Arial, sans-serif;"><img src="http://businesso.test/assets/front/img/summernote/6191ff8f5b3f6.jpg" style="width:100%;" alt="6191ff8f5b3f6.jpg" /><span style="font-family:Verdana;"><br /></span></p><p style="text-align:justify;color:rgb(0,0,0);font-family:\'Open Sans\', Arial, sans-serif;"><span style="font-family:Verdana;"><br /></span></p><p style="text-align:justify;color:rgb(0,0,0);font-family:\'Open Sans\', Arial, sans-serif;"><span style="font-family:Verdana;">There are many variations of passages of Lorem Ipsum available, but the majority have suffered alteration in some form, by injected humour, or randomised words which don\'t look even slightly believable. If you are going to use a passage of Lorem Ipsum, you need to be sure there isn\'t anything embarrassing hidden in the middle of text. All the Lorem Ipsum generators on the Internet tend to repeat predefined chunks as necessary, making this the first true generator on the Internet. It uses a dictionary of over 200 Latin words, combined with a handful of model sentence structures, to generate Lorem Ipsum which looks reasonable. The generated Lorem Ipsum is therefore always free from repetition, injected humour, or non-characteristic words etc.</span></p>', 2, 1, 1, 187, 171, NULL, NULL, '2021-11-15 00:35:13', '2021-11-17 01:58:13'),
	(132, '1636958253.png', 'Graphic Design', 'graphic-design', '<p style="text-align:justify;color:rgb(0,0,0);font-family:\'Open Sans\', Arial, sans-serif;"><img src="http://businesso.test/assets/front/img/summernote/6191ff8f5b3f6.jpg" style="width:100%;" alt="6191ff8f5b3f6.jpg" /><span style="font-family:Verdana;"><br /></span></p><p style="text-align:justify;color:rgb(0,0,0);font-family:\'Open Sans\', Arial, sans-serif;"><span style="font-family:Verdana;"><br /></span></p><p style="text-align:justify;color:rgb(0,0,0);font-family:\'Open Sans\', Arial, sans-serif;"><span style="font-family:Verdana;">There are many variations of passages of Lorem Ipsum available, but the majority have suffered alteration in some form, by injected humour, or randomised words which don\'t look even slightly believable. If you are going to use a passage of Lorem Ipsum, you need to be sure there isn\'t anything embarrassing hidden in the middle of text. All the Lorem Ipsum generators on the Internet tend to repeat predefined chunks as necessary, making this the first true generator on the Internet. It uses a dictionary of over 200 Latin words, combined with a handful of model sentence structures, to generate Lorem Ipsum which looks reasonable. The generated Lorem Ipsum is therefore always free from repetition, injected humour, or non-characteristic words etc.</span></p>', 3, 1, 1, 187, 171, NULL, NULL, '2021-11-15 00:35:13', '2021-11-17 01:58:00'),
	(133, '1636958275.png', 'Mobile Apps', 'mobile-apps', '', 4, 1, 0, 187, 171, NULL, NULL, '2021-11-15 00:35:13', '2021-11-17 01:57:44'),
	(134, '1636958113.png', 'تصميم المواقع', 'تصميم-المواقع', 'خلافاَ للإعتقاد السائد فإن لوريم إيبسوم ليس نصاَ عشوائياً، بل إن له جذور في الأدب اللاتيني الكلاسيكي منذ العام 45 قبل الميلاد، مما يجعله أكثر من 2000 عام في القدم. قام البروفيسور "ريتشارد ماك لينتوك" (Richard McClintock) وهو بروفيسور اللغة اللاتينية في جامعة هامبدن-سيدني في فيرجينيا بالبحث عن أصول كلمة لاتينية غامضة في نص لوريم إيبسوم وهي "consectetur"، وخلال تتبعه لهذه الكلمة في الأدب اللاتيني اكتشف المصدر الغير قابل للشك. فلقد اتضح أن كلمات نص لوريم إيبسوم تأتي من الأقسام 1.10.32 و 1.10.33 من كتاب "حول أقاصي الخير والشر" (de Finibus Bonorum et Malorum) للمفكر شيشيرون (Cicero) والذي كتبه في عام 45 قبل الميلاد. هذا الكتاب هو بمثابة مقالة علمية مطولة في نظرية الأخلاق، وكان له شعبية كبيرة في عصر النهضة. السطر الأول من لوريم إيبسوم "Lorem ipsum dolor sit amet.." يأتي من سطر في القسم 1.20.32 من هذا الكتاب.', 1, 1, 1, 188, 171, NULL, NULL, '2021-11-15 00:35:13', '2021-11-15 00:35:33'),
	(135, '1636958233.png', 'تطوير الشبكة', 'تطوير-الشبكة', 'خلافاَ للإعتقاد السائد فإن لوريم إيبسوم ليس نصاَ عشوائياً، بل إن له جذور في الأدب اللاتيني الكلاسيكي منذ العام 45 قبل الميلاد، مما يجعله أكثر من 2000 عام في القدم. قام البروفيسور "ريتشارد ماك لينتوك" (Richard McClintock) وهو بروفيسور اللغة اللاتينية في جامعة هامبدن-سيدني في فيرجينيا بالبحث عن أصول كلمة لاتينية غامضة في نص لوريم إيبسوم وهي "consectetur"، وخلال تتبعه لهذه الكلمة في الأدب اللاتيني اكتشف المصدر الغير قابل للشك. فلقد اتضح أن كلمات نص لوريم إيبسوم تأتي من الأقسام 1.10.32 و 1.10.33 من كتاب "حول أقاصي الخير والشر" (de Finibus Bonorum et Malorum) للمفكر شيشيرون (Cicero) والذي كتبه في عام 45 قبل الميلاد. هذا الكتاب هو بمثابة مقالة علمية مطولة في نظرية الأخلاق، وكان له شعبية كبيرة في عصر النهضة. السطر الأول من لوريم إيبسوم "Lorem ipsum dolor sit amet.." يأتي من سطر في القسم 1.20.32 من هذا الكتاب.', 2, 1, 1, 188, 171, NULL, NULL, '2021-11-15 00:35:13', '2021-11-15 00:37:13'),
	(136, '1636958253.png', 'تصميم غرافيك', 'تصميم-غرافيك', 'خلافاَ للإعتقاد السائد فإن لوريم إيبسوم ليس نصاَ عشوائياً، بل إن له جذور في الأدب اللاتيني الكلاسيكي منذ العام 45 قبل الميلاد، مما يجعله أكثر من 2000 عام في القدم. قام البروفيسور "ريتشارد ماك لينتوك" (Richard McClintock) وهو بروفيسور اللغة اللاتينية في جامعة هامبدن-سيدني في فيرجينيا بالبحث عن أصول كلمة لاتينية غامضة في نص لوريم إيبسوم وهي "consectetur"، وخلال تتبعه لهذه الكلمة في الأدب اللاتيني اكتشف المصدر الغير قابل للشك. فلقد اتضح أن كلمات نص لوريم إيبسوم تأتي من الأقسام 1.10.32 و 1.10.33 من كتاب "حول أقاصي الخير والشر" (de Finibus Bonorum et Malorum) للمفكر شيشيرون (Cicero) والذي كتبه في عام 45 قبل الميلاد. هذا الكتاب هو بمثابة مقالة علمية مطولة في نظرية الأخلاق، وكان له شعبية كبيرة في عصر النهضة. السطر الأول من لوريم إيبسوم "Lorem ipsum dolor sit amet.." يأتي من سطر في القسم 1.20.32 من هذا الكتاب.', 3, 1, 1, 188, 171, NULL, NULL, '2021-11-15 00:35:13', '2021-11-15 00:37:33'),
	(137, '1636958275.png', 'تطبيقات الموبايل', 'تطبيقات-الموبايل', '', 4, 1, 0, 188, 171, NULL, NULL, '2021-11-15 00:35:13', '2021-11-15 00:40:24');
/*!40000 ALTER TABLE `user_services` ENABLE KEYS */;

-- Dumping structure for table wiebo.user_skills
CREATE TABLE IF NOT EXISTS `user_skills` (
  `id` bigint(20) unsigned NOT NULL AUTO_INCREMENT,
  `icon` varchar(255) COLLATE utf8mb4_unicode_ci DEFAULT NULL,
  `title` varchar(255) COLLATE utf8mb4_unicode_ci DEFAULT NULL,
  `slug` varchar(255) COLLATE utf8mb4_unicode_ci DEFAULT NULL,
  `percentage` int(11) DEFAULT NULL,
  `color` varchar(20) COLLATE utf8mb4_unicode_ci NOT NULL DEFAULT 'F78058',
  `serial_number` int(11) NOT NULL DEFAULT '0',
  `language_id` bigint(20) unsigned NOT NULL DEFAULT '0',
  `user_id` bigint(20) unsigned DEFAULT NULL,
  `created_at` timestamp NULL DEFAULT NULL,
  `updated_at` timestamp NULL DEFAULT NULL,
  PRIMARY KEY (`id`),
  KEY `user_skills_user_id_foreign` (`user_id`),
  KEY `user_skills_language_id_foreign` (`language_id`),
  CONSTRAINT `user_skills_language_id_foreign` FOREIGN KEY (`language_id`) REFERENCES `user_languages` (`id`) ON DELETE CASCADE,
  CONSTRAINT `user_skills_user_id_foreign` FOREIGN KEY (`user_id`) REFERENCES `users` (`id`) ON DELETE CASCADE
) ENGINE=InnoDB AUTO_INCREMENT=82 DEFAULT CHARSET=utf8mb4 COLLATE=utf8mb4_unicode_ci;

-- Dumping data for table wiebo.user_skills: ~8 rows (approximately)
/*!40000 ALTER TABLE `user_skills` DISABLE KEYS */;
INSERT INTO `user_skills` (`id`, `icon`, `title`, `slug`, `percentage`, `color`, `serial_number`, `language_id`, `user_id`, `created_at`, `updated_at`) VALUES
	(74, 'far fa-edit', 'Business Strategy', 'business-strategy', 90, 'FF4A17', 1, 183, 169, '2021-11-15 01:24:45', '2021-11-15 01:24:45'),
	(75, 'far fa-money-bill-alt', 'Financial Planing', 'financial-planing', 75, 'FF4A17', 2, 183, 169, '2021-11-15 01:24:45', '2021-11-15 02:50:26'),
	(76, 'fas fa-signal', 'Marketing Startegy', 'marketing-startegy', 85, 'FF4A17', 3, 183, 169, '2021-11-15 01:24:45', '2021-11-15 02:49:17'),
	(77, 'far fa-handshake', 'Relationship Buildup', 'relationship-buildup', 80, 'FF4A17', 4, 183, 169, '2021-11-15 01:24:45', '2021-11-15 02:48:41'),
	(78, 'far fa-edit', 'استراتيجية العمل', 'استراتيجية-العمل', 90, 'FF4A17', 1, 184, 169, '2021-11-15 01:24:45', '2021-11-15 01:24:45'),
	(79, 'far fa-money-bill-alt', 'التخطيط المالي', 'التخطيط-المالي', 75, 'FF4A17', 2, 184, 169, '2021-11-15 01:24:45', '2021-11-15 02:50:26'),
	(80, 'fas fa-signal', 'بدء التسويق', 'بدء-التسويق', 85, 'FF4A17', 3, 184, 169, '2021-11-15 01:24:45', '2021-11-15 02:49:17'),
	(81, 'far fa-handshake', 'بناء العلاقات', 'بناء-العلاقات', 80, 'FF4A17', 4, 184, 169, '2021-11-15 01:24:45', '2021-11-15 02:48:41');
/*!40000 ALTER TABLE `user_skills` ENABLE KEYS */;

-- Dumping structure for table wiebo.user_socials
CREATE TABLE IF NOT EXISTS `user_socials` (
  `id` bigint(20) unsigned NOT NULL AUTO_INCREMENT,
  `icon` text COLLATE utf8mb4_unicode_ci,
  `url` varchar(255) COLLATE utf8mb4_unicode_ci DEFAULT NULL,
  `serial_number` int(11) NOT NULL DEFAULT '0',
  `user_id` int(11) NOT NULL DEFAULT '0',
  `created_at` timestamp NULL DEFAULT NULL,
  `updated_at` timestamp NULL DEFAULT NULL,
  PRIMARY KEY (`id`)
) ENGINE=InnoDB AUTO_INCREMENT=66 DEFAULT CHARSET=utf8mb4 COLLATE=utf8mb4_unicode_ci;

-- Dumping data for table wiebo.user_socials: ~15 rows (approximately)
/*!40000 ALTER TABLE `user_socials` DISABLE KEYS */;
INSERT INTO `user_socials` (`id`, `icon`, `url`, `serial_number`, `user_id`, `created_at`, `updated_at`) VALUES
	(51, 'fab fa-facebook-f', 'http://example.com/', 1, 169, '2021-11-15 04:41:58', '2021-11-15 04:41:58'),
	(52, 'fab fa-linkedin-in', 'http://example.com/', 2, 169, '2021-11-15 04:42:06', '2021-11-15 04:42:06'),
	(53, 'fab fa-twitter', 'http://example.com/', 3, 169, '2021-11-15 04:42:23', '2021-11-15 04:42:23'),
	(54, 'fab fa-dribbble', 'http://example.com/', 4, 169, '2021-11-15 04:42:44', '2021-11-15 04:42:44'),
	(55, 'fab fa-behance', 'http://example.com/', 5, 169, '2021-11-15 04:42:51', '2021-11-15 04:42:51'),
	(56, 'fab fa-facebook-f', 'http://example.com/', 1, 170, '2021-11-16 10:17:41', '2021-11-16 10:17:41'),
	(57, 'fab fa-twitter', 'http://example.com/', 1, 170, '2021-11-16 10:17:48', '2021-11-16 10:17:48'),
	(58, 'fab fa-linkedin-in', 'http://example.com/', 3, 170, '2021-11-16 10:17:55', '2021-11-16 10:17:55'),
	(59, 'fab fa-dribbble', 'http://example.com/', 4, 170, '2021-11-16 10:18:07', '2021-11-16 10:18:07'),
	(60, 'fab fa-behance', 'http://example.com/', 5, 170, '2021-11-16 10:18:14', '2021-11-16 10:18:14'),
	(61, 'fab fa-facebook-f', 'http://example.com/', 1, 171, '2021-11-17 07:34:10', '2021-11-17 07:34:10'),
	(62, 'fab fa-twitter', 'http://example.com/', 2, 171, '2021-11-17 07:34:18', '2021-11-17 07:34:18'),
	(63, 'fab fa-linkedin-in', 'http://example.com/', 3, 171, '2021-11-17 07:34:26', '2021-11-17 07:34:26'),
	(64, 'fab fa-dribbble', 'http://example.com/', 4, 171, '2021-11-17 07:34:48', '2021-11-17 07:34:48'),
	(65, 'fab fa-behance', 'http://example.com/', 5, 171, '2021-11-17 07:35:01', '2021-11-17 07:35:01');
/*!40000 ALTER TABLE `user_socials` ENABLE KEYS */;

-- Dumping structure for table wiebo.user_subscribers
CREATE TABLE IF NOT EXISTS `user_subscribers` (
  `id` int(11) NOT NULL AUTO_INCREMENT,
  `email` varchar(255) NOT NULL,
  `user_id` int(11) NOT NULL,
  `created_at` timestamp NOT NULL DEFAULT CURRENT_TIMESTAMP ON UPDATE CURRENT_TIMESTAMP,
  `updated_at` timestamp NOT NULL DEFAULT '0000-00-00 00:00:00',
  PRIMARY KEY (`id`)
) ENGINE=InnoDB DEFAULT CHARSET=utf8;

-- Dumping data for table wiebo.user_subscribers: ~0 rows (approximately)
/*!40000 ALTER TABLE `user_subscribers` DISABLE KEYS */;
/*!40000 ALTER TABLE `user_subscribers` ENABLE KEYS */;

-- Dumping structure for table wiebo.user_testimonials
CREATE TABLE IF NOT EXISTS `user_testimonials` (
  `id` bigint(20) unsigned NOT NULL AUTO_INCREMENT,
  `image` text COLLATE utf8mb4_unicode_ci NOT NULL,
  `name` varchar(255) COLLATE utf8mb4_unicode_ci NOT NULL,
  `occupation` varchar(255) COLLATE utf8mb4_unicode_ci NOT NULL,
  `content` text COLLATE utf8mb4_unicode_ci NOT NULL,
  `serial_number` int(11) NOT NULL DEFAULT '0',
  `lang_id` bigint(20) unsigned NOT NULL,
  `user_id` bigint(20) unsigned NOT NULL,
  `created_at` timestamp NULL DEFAULT NULL,
  `updated_at` timestamp NULL DEFAULT NULL,
  PRIMARY KEY (`id`),
  KEY `user_testimonials_user_id_foreign` (`user_id`),
  KEY `user_testimonials_lang_id_foreign` (`lang_id`),
  CONSTRAINT `user_testimonials_lang_id_foreign` FOREIGN KEY (`lang_id`) REFERENCES `user_languages` (`id`) ON DELETE CASCADE,
  CONSTRAINT `user_testimonials_user_id_foreign` FOREIGN KEY (`user_id`) REFERENCES `users` (`id`) ON DELETE CASCADE
) ENGINE=InnoDB AUTO_INCREMENT=94 DEFAULT CHARSET=utf8mb4 COLLATE=utf8mb4_unicode_ci;

-- Dumping data for table wiebo.user_testimonials: ~18 rows (approximately)
/*!40000 ALTER TABLE `user_testimonials` DISABLE KEYS */;
INSERT INTO `user_testimonials` (`id`, `image`, `name`, `occupation`, `content`, `serial_number`, `lang_id`, `user_id`, `created_at`, `updated_at`) VALUES
	(76, '1636966313.png', 'Marco Veratti', 'CEO, Janex', 'It is a long established fact that a reader will be distracted by the readable content of a page when looking at its layout. The point of using Lorem Ipsum is that it has a more-or-less normal distribution of letters, as opposed to using \'Content here, content here\'', 1, 183, 169, '2021-11-15 02:51:53', '2021-11-15 02:52:18'),
	(77, '1636966467.png', 'Nicolo Zaniolo', 'CTO, WebTech', 'It is a long established fact that a reader will be distracted by the readable content of a page when looking at its layout. The point of using Lorem Ipsum is that it has a more-or-less normal distribution of letters, as opposed to using \'Content here, content here\'', 2, 183, 169, '2021-11-15 02:51:53', '2021-11-15 02:54:27'),
	(78, '1636966477.png', 'Adress Pirlo', 'Manager, Madchef', 'It is a long established fact that a reader will be distracted by the readable content of a page when looking at its layout. The point of using Lorem Ipsum is that it has a more-or-less normal distribution of letters, as opposed to using \'Content here, content here\'', 3, 183, 169, '2021-11-15 02:51:53', '2021-11-15 02:54:38'),
	(79, '1636966313.png', 'ماركو فيراتي', 'الرئيس التنفيذي ، جانكس', 'هناك حقيقة مثبتة منذ زمن طويل وهي أن المحتوى المقروء لصفحة ما سيلهي القارئ عن التركيز على الشكل الخارجي للنص أو شكل توضع الفقرات في الصفحة التي يقرأها. الهدف من استخدام لوريم إيبسوم هو أنه يحتوي على توزيع طبيعي -إلى حد ما- للأحرف ، بدلاً من استخدام "هنا يوجد محتوى نصي ، يوجد محتوى هنا"', 1, 184, 169, '2021-11-15 02:51:53', '2021-11-15 02:52:18'),
	(80, '1636966467.png', 'نيكولو زانيولو', 'CTO ، WebTech', 'هناك حقيقة مثبتة منذ زمن طويل وهي أن المحتوى المقروء لصفحة ما سيلهي القارئ عن التركيز على الشكل الخارجي للنص أو شكل توضع الفقرات في الصفحة التي يقرأها. الهدف من استخدام لوريم إيبسوم هو أنه يحتوي على توزيع طبيعي -إلى حد ما- للأحرف ، بدلاً من استخدام "هنا يوجد محتوى نصي ، يوجد محتوى هنا"', 2, 184, 169, '2021-11-15 02:51:53', '2021-11-15 02:54:27'),
	(81, '1636966477.png', 'العنوان بيرلو', 'مدير ، Madchef', 'هناك حقيقة مثبتة منذ زمن طويل وهي أن المحتوى المقروء لصفحة ما سيلهي القارئ عن التركيز على الشكل الخارجي للنص أو شكل توضع الفقرات في الصفحة التي يقرأها. الهدف من استخدام لوريم إيبسوم هو أنه يحتوي على توزيع طبيعي -إلى حد ما- للأحرف ، بدلاً من استخدام "هنا يوجد محتوى نصي ، يوجد محتوى هنا"', 3, 184, 169, '2021-11-15 02:51:53', '2021-11-15 02:54:38'),
	(82, '1637126679.jpg', 'Marco Veratti', 'CEO, Janex', 'It is a long established fact that a reader will be distracted by the readable content of a page when looking at its layout. The point of using Lorem Ipsum is that it has a more-or-less normal distribution of letters, as opposed to using \'Content here, content here\'', 1, 185, 170, '2021-11-15 02:51:53', '2021-11-17 02:24:39'),
	(83, '1637127234.jpg', 'Nicolo Zaniolo', 'CTO, WebTech', 'It is a long established fact that a reader will be distracted by the readable content of a page when looking at its layout. The point of using Lorem Ipsum is that it has a more-or-less normal distribution of letters, as opposed to using \'Content here, content here\'', 2, 185, 170, '2021-11-15 02:51:53', '2021-11-17 02:33:54'),
	(84, '1637127252.jpg', 'Adress Pirlo', 'Manager, Madchef', 'It is a long established fact that a reader will be distracted by the readable content of a page when looking at its layout. The point of using Lorem Ipsum is that it has a more-or-less normal distribution of letters, as opposed to using \'Content here, content here\'', 3, 185, 170, '2021-11-15 02:51:53', '2021-11-17 02:34:12'),
	(85, '1637126679.jpg', 'ماركو فيراتي', 'الرئيس التنفيذي ، جانكس', 'هناك حقيقة مثبتة منذ زمن طويل وهي أن المحتوى المقروء لصفحة ما سيلهي القارئ عن التركيز على الشكل الخارجي للنص أو شكل توضع الفقرات في الصفحة التي يقرأها. الهدف من استخدام لوريم إيبسوم هو أنه يحتوي على توزيع طبيعي -إلى حد ما- للأحرف ، بدلاً من استخدام "هنا يوجد محتوى نصي ، يوجد محتوى هنا"', 1, 186, 170, '2021-11-15 02:51:53', '2021-11-15 02:52:18'),
	(86, '1637127234.jpg', 'نيكولو زانيولو', 'CTO ، WebTech', 'هناك حقيقة مثبتة منذ زمن طويل وهي أن المحتوى المقروء لصفحة ما سيلهي القارئ عن التركيز على الشكل الخارجي للنص أو شكل توضع الفقرات في الصفحة التي يقرأها. الهدف من استخدام لوريم إيبسوم هو أنه يحتوي على توزيع طبيعي -إلى حد ما- للأحرف ، بدلاً من استخدام "هنا يوجد محتوى نصي ، يوجد محتوى هنا"', 2, 186, 170, '2021-11-15 02:51:53', '2021-11-15 02:54:27'),
	(87, '1637127252.jpg', 'العنوان بيرلو', 'مدير ، Madchef', 'هناك حقيقة مثبتة منذ زمن طويل وهي أن المحتوى المقروء لصفحة ما سيلهي القارئ عن التركيز على الشكل الخارجي للنص أو شكل توضع الفقرات في الصفحة التي يقرأها. الهدف من استخدام لوريم إيبسوم هو أنه يحتوي على توزيع طبيعي -إلى حد ما- للأحرف ، بدلاً من استخدام "هنا يوجد محتوى نصي ، يوجد محتوى هنا"', 3, 186, 170, '2021-11-15 02:51:53', '2021-11-15 02:54:38'),
	(88, '1637126679.jpg', 'Marco Veratti', 'CEO, Janex', 'It is a long established fact that a reader will be distracted by the readable content of a page when looking at its layout. The point of using Lorem Ipsum is that it has a more-or-less normal distribution of letters, as opposed to using \'Content here, content here\'', 1, 187, 171, '2021-11-15 02:51:53', '2021-11-17 02:24:39'),
	(89, '1637127234.jpg', 'Nicolo Zaniolo', 'CTO, WebTech', 'It is a long established fact that a reader will be distracted by the readable content of a page when looking at its layout. The point of using Lorem Ipsum is that it has a more-or-less normal distribution of letters, as opposed to using \'Content here, content here\'', 2, 187, 171, '2021-11-15 02:51:53', '2021-11-17 02:33:54'),
	(90, '1637127252.jpg', 'Adress Pirlo', 'Manager, Madchef', 'It is a long established fact that a reader will be distracted by the readable content of a page when looking at its layout. The point of using Lorem Ipsum is that it has a more-or-less normal distribution of letters, as opposed to using \'Content here, content here\'', 3, 187, 171, '2021-11-15 02:51:53', '2021-11-17 02:34:12'),
	(91, '1637126679.jpg', 'ماركو فيراتي', 'الرئيس التنفيذي ، جانكس', 'هناك حقيقة مثبتة منذ زمن طويل وهي أن المحتوى المقروء لصفحة ما سيلهي القارئ عن التركيز على الشكل الخارجي للنص أو شكل توضع الفقرات في الصفحة التي يقرأها. الهدف من استخدام لوريم إيبسوم هو أنه يحتوي على توزيع طبيعي -إلى حد ما- للأحرف ، بدلاً من استخدام "هنا يوجد محتوى نصي ، يوجد محتوى هنا"', 1, 188, 171, '2021-11-15 02:51:53', '2021-11-15 02:52:18'),
	(92, '1637127234.jpg', 'نيكولو زانيولو', 'CTO ، WebTech', 'هناك حقيقة مثبتة منذ زمن طويل وهي أن المحتوى المقروء لصفحة ما سيلهي القارئ عن التركيز على الشكل الخارجي للنص أو شكل توضع الفقرات في الصفحة التي يقرأها. الهدف من استخدام لوريم إيبسوم هو أنه يحتوي على توزيع طبيعي -إلى حد ما- للأحرف ، بدلاً من استخدام "هنا يوجد محتوى نصي ، يوجد محتوى هنا"', 2, 188, 171, '2021-11-15 02:51:53', '2021-11-15 02:54:27'),
	(93, '1637127252.jpg', 'العنوان بيرلو', 'مدير ، Madchef', 'هناك حقيقة مثبتة منذ زمن طويل وهي أن المحتوى المقروء لصفحة ما سيلهي القارئ عن التركيز على الشكل الخارجي للنص أو شكل توضع الفقرات في الصفحة التي يقرأها. الهدف من استخدام لوريم إيبسوم هو أنه يحتوي على توزيع طبيعي -إلى حد ما- للأحرف ، بدلاً من استخدام "هنا يوجد محتوى نصي ، يوجد محتوى هنا"', 3, 188, 171, '2021-11-15 02:51:53', '2021-11-15 02:54:38');
/*!40000 ALTER TABLE `user_testimonials` ENABLE KEYS */;

-- Dumping structure for table wiebo.user_vcards
CREATE TABLE IF NOT EXISTS `user_vcards` (
  `id` bigint(20) unsigned NOT NULL AUTO_INCREMENT,
  `user_id` int(11) DEFAULT NULL,
  `template` tinyint(4) NOT NULL DEFAULT '1' COMMENT 'number represents the template number',
  `direction` tinyint(4) NOT NULL DEFAULT '1' COMMENT '1 - ltr, 2 - rtl',
  `profile_image` varchar(50) COLLATE utf8mb4_unicode_ci DEFAULT NULL,
  `cover_image` varchar(50) COLLATE utf8mb4_unicode_ci DEFAULT NULL,
  `name` varchar(255) COLLATE utf8mb4_unicode_ci DEFAULT NULL,
  `occupation` varchar(255) COLLATE utf8mb4_unicode_ci DEFAULT NULL,
  `company` varchar(255) COLLATE utf8mb4_unicode_ci DEFAULT NULL,
  `email` varchar(255) COLLATE utf8mb4_unicode_ci DEFAULT NULL,
  `phone` varchar(100) COLLATE utf8mb4_unicode_ci DEFAULT NULL,
  `address` text COLLATE utf8mb4_unicode_ci,
  `website_url` text COLLATE utf8mb4_unicode_ci,
  `introduction` text COLLATE utf8mb4_unicode_ci,
  `information` text COLLATE utf8mb4_unicode_ci,
  `created_at` timestamp NULL DEFAULT NULL,
  `updated_at` timestamp NULL DEFAULT NULL,
  `vcard_name` varchar(255) COLLATE utf8mb4_unicode_ci DEFAULT NULL,
  `about` text COLLATE utf8mb4_unicode_ci,
  `video` text COLLATE utf8mb4_unicode_ci,
  `preferences` text COLLATE utf8mb4_unicode_ci,
  `call_button_color` varchar(20) COLLATE utf8mb4_unicode_ci NOT NULL DEFAULT 'ed2476',
  `whatsapp_button_color` varchar(20) COLLATE utf8mb4_unicode_ci NOT NULL DEFAULT '25d366',
  `mail_button_color` varchar(20) COLLATE utf8mb4_unicode_ci NOT NULL DEFAULT 'BB001B',
  `add_to_contact_button_color` varchar(20) COLLATE utf8mb4_unicode_ci NOT NULL DEFAULT 'FF5C58',
  `share_vcard_button_color` varchar(20) COLLATE utf8mb4_unicode_ci NOT NULL DEFAULT 'FF5C58',
  `phone_icon_color` varchar(20) COLLATE utf8mb4_unicode_ci NOT NULL DEFAULT 'FFB830',
  `email_icon_color` varchar(20) COLLATE utf8mb4_unicode_ci NOT NULL DEFAULT 'FFB830',
  `address_icon_color` varchar(20) COLLATE utf8mb4_unicode_ci NOT NULL DEFAULT 'FFB830',
  `website_url_icon_color` varchar(20) COLLATE utf8mb4_unicode_ci NOT NULL DEFAULT 'FFB830',
  `keywords` text COLLATE utf8mb4_unicode_ci,
  `base_color` varchar(10) COLLATE utf8mb4_unicode_ci NOT NULL DEFAULT 'fa2859',
  PRIMARY KEY (`id`)
) ENGINE=InnoDB AUTO_INCREMENT=50 DEFAULT CHARSET=utf8mb4 COLLATE=utf8mb4_unicode_ci;

-- Dumping data for table wiebo.user_vcards: ~8 rows (approximately)
/*!40000 ALTER TABLE `user_vcards` DISABLE KEYS */;
INSERT INTO `user_vcards` (`id`, `user_id`, `template`, `direction`, `profile_image`, `cover_image`, `name`, `occupation`, `company`, `email`, `phone`, `address`, `website_url`, `introduction`, `information`, `created_at`, `updated_at`, `vcard_name`, `about`, `video`, `preferences`, `call_button_color`, `whatsapp_button_color`, `mail_button_color`, `add_to_contact_button_color`, `share_vcard_button_color`, `phone_icon_color`, `email_icon_color`, `address_icon_color`, `website_url_icon_color`, `keywords`, `base_color`) VALUES
	(10, 169, 1, 1, '616836f1cfbc4.jpg', '616836f1d00a1.png', 'Json Gillespie', 'Web Developer', 'KreativDev', 'gillespie@gmail.com', '+1-202-555-0157', 'California, USA', 'https://example.com/', 'All the Lorem Ipsum generators on the Internet tend to repeat predefined chunks as necessary', '[{"icon":"fab fa-github","color":"171515","label":"Gitlab","link":1,"value":"https:\\/\\/gitlab.com\\/"},{"icon":"fab fa-facebook-f","color":"4267B2","label":"Facebook","link":1,"value":"https:\\/\\/www.facebook.com\\/"},{"icon":"fab fa-twitter","color":"1DA1F2","label":"Twitter","link":1,"value":"https:\\/\\/twitter.com\\/"}]', '2021-08-28 09:37:16', '2021-10-15 23:20:21', 'KreativDev', '<div style="text-align:justify;">There are many variations of passages of Lorem Ipsum available, but the majority have suffered alteration in some form, by injected humour, or randomised words which don\'t look even slightly believable. If you are going to use a passage of Lorem Ipsum, you need to be sure there isn\'t anything embarrassing hidden in the middle of text. All the Lorem Ipsum generators on the Internet tend to repeat predefined chunks as necessary, making this the first true generator on the Internet. It uses a dictionary of over 200 Latin words, combined with a handful of model sentence structures, to generate Lorem Ipsum which looks reasonable. The generated Lorem Ipsum is therefore always free from repetition, injected humour, or non-characteristic words etc.<br /></div>', 'https://www.youtube.com/embed/vTm7t9JBGfM', '["Call","Whatsapp","Mail","Add to Contact","Share vCard","Information","Video","About Us","Services","Projects","Testimonials","Enquiry Form"]', 'A4C639', '25D366', 'EA4335', 'E02401', 'E02401', '2C2891', 'EA4335', 'FF0075', '091353', '{"Call":"Call","Whatsapp":"Whatsapp","Mail":"Mail","Add_to_Contact":"Add to Contact","Share_vCard":"Share vCard","Phone":"Phone","Email":"Email","Address":"Address","Website_URL":"Website URL","About_us":"About us","Our_Service":"Our Service","Details":"Details","Video":"Video","Projects":"Projects","Testimonial":"Testimonial","Enquiry_Form":"Enquiry Form","Enter_Name":"Enter Name","Enter_Subject":"Enter Subject","Enter_Email_Address":"Enter Email Address","Enter_Message":"Enter Message","Send":"Send"}', '914BFA'),
	(43, 169, 2, 1, '616a58670a333.jpg', '616a58670ab8a.png', 'Manuel Locatelli', 'Graphic Designer', 'ABC Foundation', 'locatelli@gmail.com', '+1-202-555-0157', 'Sanfransisco, USA', 'https://example.com/', 'Lorem Ipsum is simply dummy text of the printing and typesetting industry. Lorem Ipsum has been the industry\'s standard dummy text ever since the 1500s, when an unknown printer took a galley of type and scrambled it to make a type specimen book', '[{"icon":"fab fa-github","color":"171515","label":"Gitlab","link":1,"value":"https:\\/\\/gitlab.com\\/"},{"icon":"fab fa-facebook-f","color":"4267B2","label":"Facebook","link":1,"value":"https:\\/\\/www.facebook.com\\/"},{"icon":"fab fa-twitter","color":"1DA1F2","label":"Twitter","link":1,"value":"https:\\/\\/twitter.com\\/"}]', '2021-08-28 09:37:16', '2021-10-15 23:20:04', 'ABC Foundation', '<div style="text-align:justify;">There are many variations of passages of Lorem Ipsum available, but the majority have suffered alteration in some form, by injected humour, or randomised words which don\'t look even slightly believable. If you are going to use a passage of Lorem Ipsum, you need to be sure there isn\'t anything embarrassing hidden in the middle of text. All the Lorem Ipsum generators on the Internet tend to repeat predefined chunks as necessary, making this the first true generator on the Internet. It uses a dictionary of over 200 Latin words, combined with a handful of model sentence structures, to generate Lorem Ipsum which looks reasonable. The generated Lorem Ipsum is therefore always free from repetition, injected humour, or non-characteristic words etc.<br /></div>', 'https://www.youtube.com/embed/vTm7t9JBGfM', '["Call","Whatsapp","Mail","Add to Contact","Share vCard","Information","Video","About Us","Services","Projects","Testimonials","Enquiry Form"]', 'A4C639', '25D366', 'EA4335', '259FF0', '259FF0', 'FFA400', 'EA4335', 'FF0075', '914BFA', '{"Call":"Call","Whatsapp":"Whatsapp","Mail":"Mail","Add_to_Contact":"Add to Contact","Share_vCard":"Share vCard","Phone":"Phone","Email":"Email","Address":"Address","Website_URL":"Website URL","About_us":"About us","Our_Service":"Our Service","Details":"Details","Video":"Video","Projects":"Projects","Testimonial":"Testimonial","Enquiry_Form":"Enquiry Form","Enter_Name":"Enter Name","Enter_Subject":"Enter Subject","Enter_Email_Address":"Enter Email Address","Enter_Message":"Enter Message","Send":"Send"}', '259FF0'),
	(44, 169, 3, 1, '616a5aad5af84.jpg', '616a5aad5b59e.png', 'Mike Obey', 'Manager', 'PlusAgency', 'mike@gmail.com', '+1-202-555-0157', 'New York, USA', 'https://example.com/', 'Lorem Ipsum is simply dummy text of the printing and typesetting industry. Lorem Ipsum has been the industry\'s standard dummy text ever since the 1500s, when an unknown printer took a galley of type and scrambled it to make a type specimen book', '[{"icon":"fab fa-github","color":"171515","label":"Gitlab","link":1,"value":"https:\\/\\/gitlab.com\\/"},{"icon":"fab fa-facebook-f","color":"4267B2","label":"Facebook","link":1,"value":"https:\\/\\/www.facebook.com\\/"},{"icon":"fab fa-twitter","color":"1DA1F2","label":"Twitter","link":1,"value":"https:\\/\\/twitter.com\\/"}]', '2021-08-28 09:37:16', '2021-10-15 23:19:51', 'PlusAgency', '<div style="text-align:justify;">There are many variations of passages of Lorem Ipsum available, but the majority have suffered alteration in some form, by injected humour, or randomised words which don\'t look even slightly believable. If you are going to use a passage of Lorem Ipsum, you need to be sure there isn\'t anything embarrassing hidden in the middle of text. All the Lorem Ipsum generators on the Internet tend to repeat predefined chunks as necessary, making this the first true generator on the Internet. It uses a dictionary of over 200 Latin words, combined with a handful of model sentence structures, to generate Lorem Ipsum which looks reasonable. The generated Lorem Ipsum is therefore always free from repetition, injected humour, or non-characteristic words etc.<br /></div>', 'https://www.youtube.com/embed/vTm7t9JBGfM', '["Call","Whatsapp","Mail","Add to Contact","Share vCard","Information","Video","About Us","Services","Projects","Testimonials","Enquiry Form"]', 'A4C639', '25D366', 'EA4335', 'F06A60', 'F06A60', '2C2891', 'EA4335', 'FF0075', '091353', '{"Call":"Call","Whatsapp":"Whatsapp","Mail":"Mail","Add_to_Contact":"Add to Contact","Share_vCard":"Share vCard","Phone":"Phone","Email":"Email","Address":"Address","Website_URL":"Website URL","About_us":"About us","Our_Service":"Our Service","Details":"Details","Video":"Video","Projects":"Projects","Testimonial":"Testimonial","Enquiry_Form":"Enquiry Form","Enter_Name":"Enter Name","Enter_Subject":"Enter Subject","Enter_Email_Address":"Enter Email Address","Enter_Message":"Enter Message","Send":"Send"}', 'F06A60'),
	(45, 169, 4, 1, '616a5d372ba01.jpg', '616a5d372bf12.jpg', 'Mikel Clark', 'Fashion Designer', 'FashionHouse', 'clark@gmail.com', '+1-202-555-0157', 'Pennsylvania, USA', 'https://example.com/', 'Lorem Ipsum is simply dummy text of the printing and typesetting industry. Lorem Ipsum has been the industry\'s standard dummy text ever since the 1500s, when an unknown printer took a galley of type and scrambled it to make a type specimen book', '[{"icon":"fab fa-github","color":"171515","label":"Gitlab","link":1,"value":"https:\\/\\/gitlab.com\\/"},{"icon":"fab fa-facebook-f","color":"4267B2","label":"Facebook","link":1,"value":"https:\\/\\/www.facebook.com\\/"},{"icon":"fab fa-twitter","color":"1DA1F2","label":"Twitter","link":1,"value":"https:\\/\\/twitter.com\\/"}]', '2021-08-28 09:37:16', '2021-10-15 23:19:34', 'FashionHouse', '<div style="text-align:justify;">There are many variations of passages of Lorem Ipsum available, but the majority have suffered alteration in some form, by injected humour, or randomised words which don\'t look even slightly believable. If you are going to use a passage of Lorem Ipsum, you need to be sure there isn\'t anything embarrassing hidden in the middle of text. All the Lorem Ipsum generators on the Internet tend to repeat predefined chunks as necessary, making this the first true generator on the Internet. It uses a dictionary of over 200 Latin words, combined with a handful of model sentence structures, to generate Lorem Ipsum which looks reasonable. The generated Lorem Ipsum is therefore always free from repetition, injected humour, or non-characteristic words etc.<br /></div>', 'https://www.youtube.com/embed/vTm7t9JBGfM', '["Call","Whatsapp","Mail","Add to Contact","Share vCard","Information","Video","About Us","Services","Projects","Testimonials","Enquiry Form"]', 'A4C639', '25D366', 'EA4335', '1D47DA', '1D47DA', '2C2891', 'EA4335', 'FF0075', '091353', '{"Call":"Call","Whatsapp":"Whatsapp","Mail":"Mail","Add_to_Contact":"Add to Contact","Share_vCard":"Share vCard","Phone":"Phone","Email":"Email","Address":"Address","Website_URL":"Website URL","About_us":"About us","Our_Service":"Our Service","Details":"Details","Video":"Video","Projects":"Projects","Testimonial":"Testimonial","Enquiry_Form":"Enquiry Form","Enter_Name":"Enter Name","Enter_Subject":"Enter Subject","Enter_Email_Address":"Enter Email Address","Enter_Message":"Enter Message","Send":"Send"}', '1D47DA'),
	(46, 169, 1, 2, '616836f1cfbc4.jpg', '616836f1d00a1.png', 'جسون جيليسبي', 'مطور ويب', 'كريتيف', 'gillespie@gmail.com', '+1-202-555-0157', 'كاليفورنيا، الولايات المتحدة الأمريكية', 'https://example.com/', 'تميل جميع مولدات Lorem Ipsum على الإنترنت إلى تكرار الأجزاء المحددة مسبقًا حسب الضرورة', '[{"icon":"fab fa-github","color":"171515","label":"جيتلاب","link":1,"value":"https:\\/\\/gitlab.com\\/"},{"icon":"fab fa-facebook-f","color":"4267B2","label":"موقع التواصل الاجتماعي الفيسبوك","link":1,"value":"https:\\/\\/www.facebook.com\\/"},{"icon":"fab fa-twitter","color":"1DA1F2","label":"تويتر","link":1,"value":"https:\\/\\/twitter.com\\/"}]', '2021-08-28 09:37:16', '2021-10-15 23:19:14', 'كريتيف', '<div style = "text-align: justify؛"> تتوفر العديد من الأشكال المختلفة لمقاطع لوريم إيبسوم ، ولكن الغالبية عانت من تغيير في شكل ما ، عن طريق إدخال روح الدعابة أو الكلمات العشوائية التي لا تبدو قابلة للتصديق إلى حد ما. إذا كنت ستستخدم مقطعًا من لوريم إيبسوم ، فعليك التأكد من عدم وجود أي شيء محرج مخفي في منتصف النص. تميل جميع مولدات Lorem Ipsum على الإنترنت إلى تكرار الأجزاء المحددة مسبقًا حسب الضرورة ، مما يجعلها أول مولد حقيقي على الإنترنت. يستخدم قاموسًا يضم أكثر من 200 كلمة لاتينية ، جنبًا إلى جنب مع حفنة من تراكيب الجملة النموذجية ، لتوليد Lorem Ipsum الذي يبدو معقولًا. لذلك ، فإن لوريم إيبسوم الذي تم إنشاؤه يكون دائمًا خاليًا من التكرار أو الدعابة المحقونة أو الكلمات غير المميزة وما إلى ذلك. <br /> </div>', 'https://www.youtube.com/embed/vTm7t9JBGfM', '["Call","Whatsapp","Mail","Add to Contact","Share vCard","Information","Video","About Us","Services","Projects","Testimonials","Enquiry Form"]', 'A4C639', '25D366', 'EA4335', 'E02401', 'E02401', '2C2891', 'EA4335', 'FF0075', '091353', '{"Call":"\\u0645\\u0643\\u0627\\u0644\\u0645\\u0629","Whatsapp":"\\u0627\\u0644 WhatsApp","Mail":"\\u0628\\u0631\\u064a\\u062f","Add_to_Contact":"\\u0625\\u0636\\u0627\\u0641\\u0629 \\u0644\\u0642\\u0627\\u0626\\u0645\\u0629 \\u0627\\u0644\\u0645\\u062a\\u0635\\u0644\\u064a\\u0646","Share_vCard":"\\u0645\\u0634\\u0627\\u0631\\u0643\\u0629 vCard","Phone":"\\u0647\\u0627\\u062a\\u0641","Email":"\\u0628\\u0631\\u064a\\u062f \\u0627\\u0644\\u0627\\u0644\\u0643\\u062a\\u0631\\u0648\\u0646\\u064a","Address":"\\u0639\\u0646\\u0648\\u0627\\u0646","Website_URL":"\\u0631\\u0627\\u0628\\u0637 \\u0627\\u0644\\u0645\\u0648\\u0642\\u0639","About_us":"\\u0645\\u0639\\u0644\\u0648\\u0645\\u0627\\u062a \\u0639\\u0646\\u0627","Our_Service":"\\u062e\\u062f\\u0645\\u062a\\u0646\\u0627","Details":"\\u062a\\u0641\\u0627\\u0635\\u064a\\u0644","Video":"\\u0641\\u064a\\u062f\\u064a\\u0648","Projects":"\\u0627\\u0644\\u0645\\u0634\\u0627\\u0631\\u064a\\u0639","Testimonial":"\\u0634\\u0647\\u0627\\u062f\\u0629","Enquiry_Form":"\\u0646\\u0645\\u0648\\u0630\\u062c \\u0627\\u0644\\u0627\\u0633\\u062a\\u0641\\u0633\\u0627\\u0631","Enter_Name":"\\u0623\\u062f\\u062e\\u0644 \\u0627\\u0644\\u0627\\u0633\\u0645","Enter_Subject":"\\u0623\\u062f\\u062e\\u0644 \\u0627\\u0644\\u0645\\u0648\\u0636\\u0648\\u0639","Enter_Email_Address":"\\u0623\\u062f\\u062e\\u0644 \\u0639\\u0646\\u0648\\u0627\\u0646 \\u0627\\u0644\\u0628\\u0631\\u064a\\u062f \\u0627\\u0644\\u0627\\u0644\\u0643\\u062a\\u0631\\u0648\\u0646\\u064a","Enter_Message":"\\u0623\\u062f\\u062e\\u0644 \\u0631\\u0633\\u0627\\u0644\\u0629","Send":"\\u064a\\u0631\\u0633\\u0644"}', '914BFA'),
	(47, 169, 2, 2, '616a58670a333.jpg', '616a58670ab8a.png', 'مانويل لوكاتيللي', 'مصمم جرافيك', 'مؤسسة ABC', 'locatelli@gmail.com', '+1-202-555-0157', 'سانفرانسيسكو ، الولايات المتحدة الأمريكية', 'https://example.com/', 'لوريم إيبسوم هو ببساطة نص شكلي يستخدم في صناعة الطباعة والتنضيد. كان Lorem Ipsum هو النص الوهمي القياسي في الصناعة منذ القرن الخامس عشر الميلادي ، عندما أخذت طابعة غير معروفة لوحًا من النوع وتدافعت عليه لعمل كتاب عينة من النوع', '[{"icon":"fab fa-github","color":"171515","label":"جيتلاب","link":1,"value":"https:\\/\\/gitlab.com\\/"},{"icon":"fab fa-facebook-f","color":"4267B2","label":"موقع التواصل الاجتماعي الفيسبوك","link":1,"value":"https:\\/\\/www.facebook.com\\/"},{"icon":"fab fa-twitter","color":"1DA1F2","label":"تويتر","link":1,"value":"https:\\/\\/twitter.com\\/"}]', '2021-08-28 09:37:16', '2021-10-15 23:20:04', 'مؤسسة ABC', '<div style = "text-align: justify؛"> تتوفر العديد من الأشكال المختلفة لمقاطع لوريم إيبسوم ، ولكن الغالبية عانت من تغيير في شكل ما ، عن طريق إدخال روح الدعابة أو الكلمات العشوائية التي لا تبدو قابلة للتصديق إلى حد ما. إذا كنت ستستخدم مقطعًا من لوريم إيبسوم ، فعليك التأكد من عدم وجود أي شيء محرج مخفي في منتصف النص. تميل جميع مولدات Lorem Ipsum على الإنترنت إلى تكرار الأجزاء المحددة مسبقًا حسب الضرورة ، مما يجعلها أول مولد حقيقي على الإنترنت. يستخدم قاموسًا يضم أكثر من 200 كلمة لاتينية ، جنبًا إلى جنب مع حفنة من تراكيب الجملة النموذجية ، لتوليد Lorem Ipsum الذي يبدو معقولًا. لذلك ، فإن لوريم إيبسوم الذي تم إنشاؤه يكون دائمًا خاليًا من التكرار أو الدعابة المحقونة أو الكلمات غير المميزة وما إلى ذلك. <br /> </div>', 'https://www.youtube.com/embed/vTm7t9JBGfM', '["Call","Whatsapp","Mail","Add to Contact","Share vCard","Information","Video","About Us","Services","Projects","Testimonials","Enquiry Form"]', 'A4C639', '25D366', 'EA4335', '259FF0', '259FF0', 'FFA400', 'EA4335', 'FF0075', '914BFA', '{"Call":"\\u0645\\u0643\\u0627\\u0644\\u0645\\u0629","Whatsapp":"\\u0627\\u0644 WhatsApp","Mail":"\\u0628\\u0631\\u064a\\u062f","Add_to_Contact":"\\u0625\\u0636\\u0627\\u0641\\u0629 \\u0644\\u0642\\u0627\\u0626\\u0645\\u0629 \\u0627\\u0644\\u0645\\u062a\\u0635\\u0644\\u064a\\u0646","Share_vCard":"\\u0645\\u0634\\u0627\\u0631\\u0643\\u0629 vCard","Phone":"\\u0647\\u0627\\u062a\\u0641","Email":"\\u0628\\u0631\\u064a\\u062f \\u0627\\u0644\\u0627\\u0644\\u0643\\u062a\\u0631\\u0648\\u0646\\u064a","Address":"\\u0639\\u0646\\u0648\\u0627\\u0646","Website_URL":"\\u0631\\u0627\\u0628\\u0637 \\u0627\\u0644\\u0645\\u0648\\u0642\\u0639","About_us":"\\u0645\\u0639\\u0644\\u0648\\u0645\\u0627\\u062a \\u0639\\u0646\\u0627","Our_Service":"\\u062e\\u062f\\u0645\\u062a\\u0646\\u0627","Details":"\\u062a\\u0641\\u0627\\u0635\\u064a\\u0644","Video":"\\u0641\\u064a\\u062f\\u064a\\u0648","Projects":"\\u0627\\u0644\\u0645\\u0634\\u0627\\u0631\\u064a\\u0639","Testimonial":"\\u0634\\u0647\\u0627\\u062f\\u0629","Enquiry_Form":"\\u0646\\u0645\\u0648\\u0630\\u062c \\u0627\\u0644\\u0627\\u0633\\u062a\\u0641\\u0633\\u0627\\u0631","Enter_Name":"\\u0623\\u062f\\u062e\\u0644 \\u0627\\u0644\\u0627\\u0633\\u0645","Enter_Subject":"\\u0623\\u062f\\u062e\\u0644 \\u0627\\u0644\\u0645\\u0648\\u0636\\u0648\\u0639","Enter_Email_Address":"\\u0623\\u062f\\u062e\\u0644 \\u0639\\u0646\\u0648\\u0627\\u0646 \\u0627\\u0644\\u0628\\u0631\\u064a\\u062f \\u0627\\u0644\\u0627\\u0644\\u0643\\u062a\\u0631\\u0648\\u0646\\u064a","Enter_Message":"\\u0623\\u062f\\u062e\\u0644 \\u0631\\u0633\\u0627\\u0644\\u0629","Send":"\\u064a\\u0631\\u0633\\u0644"}', '259FF0'),
	(48, 169, 3, 2, '616a5aad5af84.jpg', '616a5aad5b59e.png', 'مايك أوبي', 'مدير', 'وكالة بلس', 'mike@gmail.com', '+1-202-555-0157', 'نيويورك ، الولايات المتحدة الأمريكية', 'https://example.com/', 'لوريم إيبسوم هو ببساطة نص شكلي يستخدم في صناعة الطباعة والتنضيد. كان Lorem Ipsum هو النص الوهمي القياسي في الصناعة منذ القرن الخامس عشر الميلادي ، عندما أخذت طابعة غير معروفة لوحًا من النوع وتدافعت عليه لعمل كتاب عينة من النوع', '[{"icon":"fab fa-github","color":"171515","label":"جيتلاب","link":1,"value":"https:\\/\\/gitlab.com\\/"},{"icon":"fab fa-facebook-f","color":"4267B2","label":"موقع التواصل الاجتماعي الفيسبوك","link":1,"value":"https:\\/\\/www.facebook.com\\/"},{"icon":"fab fa-twitter","color":"1DA1F2","label":"تويتر","link":1,"value":"https:\\/\\/twitter.com\\/"}]', '2021-08-28 09:37:16', '2021-10-15 23:19:51', 'وكالة بلس', '<div style = "text-align: justify؛"> تتوفر العديد من الأشكال المختلفة لمقاطع لوريم إيبسوم ، ولكن الغالبية عانت من تغيير في شكل ما ، عن طريق إدخال روح الدعابة أو الكلمات العشوائية التي لا تبدو قابلة للتصديق إلى حد ما. إذا كنت ستستخدم مقطعًا من لوريم إيبسوم ، فعليك التأكد من عدم وجود أي شيء محرج مخفي في منتصف النص. تميل جميع مولدات Lorem Ipsum على الإنترنت إلى تكرار الأجزاء المحددة مسبقًا حسب الضرورة ، مما يجعلها أول مولد حقيقي على الإنترنت. يستخدم قاموسًا يضم أكثر من 200 كلمة لاتينية ، جنبًا إلى جنب مع حفنة من تراكيب الجملة النموذجية ، لتوليد Lorem Ipsum الذي يبدو معقولًا. لذلك ، فإن لوريم إيبسوم الذي تم إنشاؤه يكون دائمًا خاليًا من التكرار أو الدعابة المحقونة أو الكلمات غير المميزة وما إلى ذلك. <br /> </div>', 'https://www.youtube.com/embed/vTm7t9JBGfM', '["Call","Whatsapp","Mail","Add to Contact","Share vCard","Information","Video","About Us","Services","Projects","Testimonials","Enquiry Form"]', 'A4C639', '25D366', 'EA4335', 'F06A60', 'F06A60', '2C2891', 'EA4335', 'FF0075', '091353', '{"Call":"\\u0645\\u0643\\u0627\\u0644\\u0645\\u0629","Whatsapp":"\\u0627\\u0644 WhatsApp","Mail":"\\u0628\\u0631\\u064a\\u062f","Add_to_Contact":"\\u0625\\u0636\\u0627\\u0641\\u0629 \\u0644\\u0642\\u0627\\u0626\\u0645\\u0629 \\u0627\\u0644\\u0645\\u062a\\u0635\\u0644\\u064a\\u0646","Share_vCard":"\\u0645\\u0634\\u0627\\u0631\\u0643\\u0629 vCard","Phone":"\\u0647\\u0627\\u062a\\u0641","Email":"\\u0628\\u0631\\u064a\\u062f \\u0627\\u0644\\u0627\\u0644\\u0643\\u062a\\u0631\\u0648\\u0646\\u064a","Address":"\\u0639\\u0646\\u0648\\u0627\\u0646","Website_URL":"\\u0631\\u0627\\u0628\\u0637 \\u0627\\u0644\\u0645\\u0648\\u0642\\u0639","About_us":"\\u0645\\u0639\\u0644\\u0648\\u0645\\u0627\\u062a \\u0639\\u0646\\u0627","Our_Service":"\\u062e\\u062f\\u0645\\u062a\\u0646\\u0627","Details":"\\u062a\\u0641\\u0627\\u0635\\u064a\\u0644","Video":"\\u0641\\u064a\\u062f\\u064a\\u0648","Projects":"\\u0627\\u0644\\u0645\\u0634\\u0627\\u0631\\u064a\\u0639","Testimonial":"\\u0634\\u0647\\u0627\\u062f\\u0629","Enquiry_Form":"\\u0646\\u0645\\u0648\\u0630\\u062c \\u0627\\u0644\\u0627\\u0633\\u062a\\u0641\\u0633\\u0627\\u0631","Enter_Name":"\\u0623\\u062f\\u062e\\u0644 \\u0627\\u0644\\u0627\\u0633\\u0645","Enter_Subject":"\\u0623\\u062f\\u062e\\u0644 \\u0627\\u0644\\u0645\\u0648\\u0636\\u0648\\u0639","Enter_Email_Address":"\\u0623\\u062f\\u062e\\u0644 \\u0639\\u0646\\u0648\\u0627\\u0646 \\u0627\\u0644\\u0628\\u0631\\u064a\\u062f \\u0627\\u0644\\u0627\\u0644\\u0643\\u062a\\u0631\\u0648\\u0646\\u064a","Enter_Message":"\\u0623\\u062f\\u062e\\u0644 \\u0631\\u0633\\u0627\\u0644\\u0629","Send":"\\u064a\\u0631\\u0633\\u0644"}', 'F06A60'),
	(49, 169, 4, 2, '616a5d372ba01.jpg', '616a5d372bf12.jpg', 'ميكيل كلارك', 'مصمم أزياء', 'بيت الموضة', 'clark@gmail.com', '+1-202-555-0157', 'بنسلفانيا ، الولايات المتحدة الأمريكية', 'https://example.com/', 'لوريم إيبسوم هو ببساطة نص شكلي يستخدم في صناعة الطباعة والتنضيد. كان Lorem Ipsum هو النص الوهمي القياسي في الصناعة منذ القرن الخامس عشر الميلادي ، عندما أخذت طابعة غير معروفة لوحًا من النوع وتدافعت عليه لعمل كتاب عينة من النوع', '[{"icon":"fab fa-github","color":"171515","label":"جيتلاب","link":1,"value":"https:\\/\\/gitlab.com\\/"},{"icon":"fab fa-facebook-f","color":"4267B2","label":"موقع التواصل الاجتماعي الفيسبوك","link":1,"value":"https:\\/\\/www.facebook.com\\/"},{"icon":"fab fa-twitter","color":"1DA1F2","label":"تويتر","link":1,"value":"https:\\/\\/twitter.com\\/"}]', '2021-08-28 09:37:16', '2021-10-15 23:19:34', 'بيت الموضة', '<div style = "text-align: justify؛"> تتوفر العديد من الأشكال المختلفة لمقاطع لوريم إيبسوم ، ولكن الغالبية عانت من تغيير في شكل ما ، عن طريق إدخال روح الدعابة أو الكلمات العشوائية التي لا تبدو قابلة للتصديق إلى حد ما. إذا كنت ستستخدم مقطعًا من لوريم إيبسوم ، فعليك التأكد من عدم وجود أي شيء محرج مخفي في منتصف النص. تميل جميع مولدات Lorem Ipsum على الإنترنت إلى تكرار الأجزاء المحددة مسبقًا حسب الضرورة ، مما يجعلها أول مولد حقيقي على الإنترنت. يستخدم قاموسًا يضم أكثر من 200 كلمة لاتينية ، جنبًا إلى جنب مع حفنة من تراكيب الجملة النموذجية ، لتوليد Lorem Ipsum الذي يبدو معقولًا. لذلك ، فإن لوريم إيبسوم الذي تم إنشاؤه يكون دائمًا خاليًا من التكرار أو الدعابة المحقونة أو الكلمات غير المميزة وما إلى ذلك. <br /> </div>', 'https://www.youtube.com/embed/vTm7t9JBGfM', '["Call","Whatsapp","Mail","Add to Contact","Share vCard","Information","Video","About Us","Services","Projects","Testimonials","Enquiry Form"]', 'A4C639', '25D366', 'EA4335', '1D47DA', '1D47DA', '2C2891', 'EA4335', 'FF0075', '091353', '{"Call":"\\u0645\\u0643\\u0627\\u0644\\u0645\\u0629","Whatsapp":"\\u0627\\u0644 WhatsApp","Mail":"\\u0628\\u0631\\u064a\\u062f","Add_to_Contact":"\\u0625\\u0636\\u0627\\u0641\\u0629 \\u0644\\u0642\\u0627\\u0626\\u0645\\u0629 \\u0627\\u0644\\u0645\\u062a\\u0635\\u0644\\u064a\\u0646","Share_vCard":"\\u0645\\u0634\\u0627\\u0631\\u0643\\u0629 vCard","Phone":"\\u0647\\u0627\\u062a\\u0641","Email":"\\u0628\\u0631\\u064a\\u062f \\u0627\\u0644\\u0627\\u0644\\u0643\\u062a\\u0631\\u0648\\u0646\\u064a","Address":"\\u0639\\u0646\\u0648\\u0627\\u0646","Website_URL":"\\u0631\\u0627\\u0628\\u0637 \\u0627\\u0644\\u0645\\u0648\\u0642\\u0639","About_us":"\\u0645\\u0639\\u0644\\u0648\\u0645\\u0627\\u062a \\u0639\\u0646\\u0627","Our_Service":"\\u062e\\u062f\\u0645\\u062a\\u0646\\u0627","Details":"\\u062a\\u0641\\u0627\\u0635\\u064a\\u0644","Video":"\\u0641\\u064a\\u062f\\u064a\\u0648","Projects":"\\u0627\\u0644\\u0645\\u0634\\u0627\\u0631\\u064a\\u0639","Testimonial":"\\u0634\\u0647\\u0627\\u062f\\u0629","Enquiry_Form":"\\u0646\\u0645\\u0648\\u0630\\u062c \\u0627\\u0644\\u0627\\u0633\\u062a\\u0641\\u0633\\u0627\\u0631","Enter_Name":"\\u0623\\u062f\\u062e\\u0644 \\u0627\\u0644\\u0627\\u0633\\u0645","Enter_Subject":"\\u0623\\u062f\\u062e\\u0644 \\u0627\\u0644\\u0645\\u0648\\u0636\\u0648\\u0639","Enter_Email_Address":"\\u0623\\u062f\\u062e\\u0644 \\u0639\\u0646\\u0648\\u0627\\u0646 \\u0627\\u0644\\u0628\\u0631\\u064a\\u062f \\u0627\\u0644\\u0627\\u0644\\u0643\\u062a\\u0631\\u0648\\u0646\\u064a","Enter_Message":"\\u0623\\u062f\\u062e\\u0644 \\u0631\\u0633\\u0627\\u0644\\u0629","Send":"\\u064a\\u0631\\u0633\\u0644"}', '1D47DA');
/*!40000 ALTER TABLE `user_vcards` ENABLE KEYS */;

-- Dumping structure for table wiebo.user_vcard_projects
CREATE TABLE IF NOT EXISTS `user_vcard_projects` (
  `id` bigint(20) unsigned NOT NULL AUTO_INCREMENT,
  `user_vcard_id` int(11) DEFAULT NULL,
  `image` varchar(50) COLLATE utf8mb4_unicode_ci DEFAULT NULL,
  `title` varchar(255) COLLATE utf8mb4_unicode_ci DEFAULT NULL,
  `short_details` text COLLATE utf8mb4_unicode_ci,
  `external_link_status` tinyint(4) NOT NULL DEFAULT '0' COMMENT '1 - active, 0 - deactive',
  `external_link` text COLLATE utf8mb4_unicode_ci,
  `serial_number` int(11) DEFAULT NULL,
  `created_at` timestamp NULL DEFAULT NULL,
  `updated_at` timestamp NULL DEFAULT NULL,
  PRIMARY KEY (`id`)
) ENGINE=InnoDB AUTO_INCREMENT=36 DEFAULT CHARSET=utf8mb4 COLLATE=utf8mb4_unicode_ci;

-- Dumping data for table wiebo.user_vcard_projects: ~24 rows (approximately)
/*!40000 ALTER TABLE `user_vcard_projects` DISABLE KEYS */;
INSERT INTO `user_vcard_projects` (`id`, `user_vcard_id`, `image`, `title`, `short_details`, `external_link_status`, `external_link`, `serial_number`, `created_at`, `updated_at`) VALUES
	(5, 10, '1634220731.jpg', 'Ecommerce Webiste', 'There are many variations of passages of Lorem Ipsum available, but the majority have suffered alteration in some form, by injected humour', 0, NULL, 1, '2021-09-23 08:15:23', '2021-10-14 08:12:11'),
	(6, 10, '1634220753.jpg', 'ABC Tower', NULL, 1, 'https://example.com/', 2, '2021-09-23 08:15:35', '2021-10-14 08:12:33'),
	(14, 10, '1634220795.jpg', 'Restaurant Website', 'There are many variations of passages of Lorem Ipsum available, but the majority have suffered alteration in some form, by injected humour', 0, NULL, 3, '2021-10-14 08:13:15', '2021-10-14 08:13:15'),
	(15, 43, '1634220731.jpg', 'Ecommerce Webiste', 'There are many variations of passages of Lorem Ipsum available, but the majority have suffered alteration in some form, by injected humour', 0, NULL, 1, '2021-09-23 08:15:23', '2021-10-14 08:12:11'),
	(16, 43, '1634220753.jpg', 'ABC Tower', NULL, 1, 'https://example.com/', 2, '2021-09-23 08:15:35', '2021-10-14 08:12:33'),
	(17, 43, '1634220795.jpg', 'Restaurant Website', 'There are many variations of passages of Lorem Ipsum available, but the majority have suffered alteration in some form, by injected humour', 0, NULL, 3, '2021-10-14 08:13:15', '2021-10-14 08:13:15'),
	(18, 44, '1634220731.jpg', 'Ecommerce Webiste', 'There are many variations of passages of Lorem Ipsum available, but the majority have suffered alteration in some form, by injected humour', 0, NULL, 1, '2021-09-23 08:15:23', '2021-10-14 08:12:11'),
	(19, 44, '1634220753.jpg', 'ABC Tower', NULL, 1, 'https://example.com/', 2, '2021-09-23 08:15:35', '2021-10-14 08:12:33'),
	(20, 44, '1634220795.jpg', 'Restaurant Website', 'There are many variations of passages of Lorem Ipsum available, but the majority have suffered alteration in some form, by injected humour', 0, NULL, 3, '2021-10-14 08:13:15', '2021-10-14 08:13:15'),
	(21, 45, '1634220731.jpg', 'Ecommerce Webiste', 'There are many variations of passages of Lorem Ipsum available, but the majority have suffered alteration in some form, by injected humour', 0, NULL, 1, '2021-09-23 08:15:23', '2021-10-14 08:12:11'),
	(22, 45, '1634220753.jpg', 'ABC Tower', NULL, 1, 'https://example.com/', 2, '2021-09-23 08:15:35', '2021-10-14 08:12:33'),
	(23, 45, '1634220795.jpg', 'Restaurant Website', 'There are many variations of passages of Lorem Ipsum available, but the majority have suffered alteration in some form, by injected humour', 0, NULL, 3, '2021-10-14 08:13:15', '2021-10-14 08:13:15'),
	(24, 46, '1634220731.jpg', 'التجارة الإلكترونية Webiste', 'هناك العديد من الأشكال المتاحة لنصوص لوريم إيبسوم ، لكن الغالبية قد تعرضت للتغيير في شكل ما ، عن طريق إدخال الدعابة', 0, NULL, 1, '2021-09-23 08:15:23', '2021-10-14 08:12:11'),
	(25, 46, '1634220753.jpg', 'برج ABC', NULL, 1, 'https://example.com/', 2, '2021-09-23 08:15:35', '2021-10-14 08:12:33'),
	(26, 46, '1634220795.jpg', 'موقع الويب الخاص بالمطعم', 'هناك العديد من الأشكال المتاحة لنصوص لوريم إيبسوم ، لكن الغالبية قد تعرضت للتغيير في شكل ما ، عن طريق إدخال الدعابة', 0, NULL, 3, '2021-10-14 08:13:15', '2021-10-14 08:13:15'),
	(27, 47, '1634220731.jpg', 'التجارة الإلكترونية Webiste', 'هناك العديد من الأشكال المتاحة لنصوص لوريم إيبسوم ، لكن الغالبية قد تعرضت للتغيير في شكل ما ، عن طريق إدخال الدعابة', 0, NULL, 1, '2021-09-23 08:15:23', '2021-10-14 08:12:11'),
	(28, 47, '1634220753.jpg', 'برج ABC', NULL, 1, 'https://example.com/', 2, '2021-09-23 08:15:35', '2021-10-14 08:12:33'),
	(29, 47, '1634220795.jpg', 'موقع الويب الخاص بالمطعم', 'هناك العديد من الأشكال المتاحة لنصوص لوريم إيبسوم ، لكن الغالبية قد تعرضت للتغيير في شكل ما ، عن طريق إدخال الدعابة', 0, NULL, 3, '2021-10-14 08:13:15', '2021-10-14 08:13:15'),
	(30, 48, '1634220731.jpg', 'التجارة الإلكترونية Webiste', 'هناك العديد من الأشكال المتاحة لنصوص لوريم إيبسوم ، لكن الغالبية قد تعرضت للتغيير في شكل ما ، عن طريق إدخال الدعابة', 0, NULL, 1, '2021-09-23 08:15:23', '2021-10-14 08:12:11'),
	(31, 48, '1634220753.jpg', 'برج ABC', NULL, 1, 'https://example.com/', 2, '2021-09-23 08:15:35', '2021-10-14 08:12:33'),
	(32, 48, '1634220795.jpg', 'موقع الويب الخاص بالمطعم', 'هناك العديد من الأشكال المتاحة لنصوص لوريم إيبسوم ، لكن الغالبية قد تعرضت للتغيير في شكل ما ، عن طريق إدخال الدعابة', 0, NULL, 3, '2021-10-14 08:13:15', '2021-10-14 08:13:15'),
	(33, 49, '1634220731.jpg', 'التجارة الإلكترونية Webiste', 'هناك العديد من الأشكال المتاحة لنصوص لوريم إيبسوم ، لكن الغالبية قد تعرضت للتغيير في شكل ما ، عن طريق إدخال الدعابة', 0, NULL, 1, '2021-09-23 08:15:23', '2021-10-14 08:12:11'),
	(34, 49, '1634220753.jpg', 'برج ABC', NULL, 1, 'https://example.com/', 2, '2021-09-23 08:15:35', '2021-10-14 08:12:33'),
	(35, 49, '1634220795.jpg', 'موقع الويب الخاص بالمطعم', 'هناك العديد من الأشكال المتاحة لنصوص لوريم إيبسوم ، لكن الغالبية قد تعرضت للتغيير في شكل ما ، عن طريق إدخال الدعابة', 0, NULL, 3, '2021-10-14 08:13:15', '2021-10-14 08:13:15');
/*!40000 ALTER TABLE `user_vcard_projects` ENABLE KEYS */;

-- Dumping structure for table wiebo.user_vcard_services
CREATE TABLE IF NOT EXISTS `user_vcard_services` (
  `id` bigint(20) unsigned NOT NULL AUTO_INCREMENT,
  `user_vcard_id` int(11) DEFAULT NULL,
  `image` varchar(50) COLLATE utf8mb4_unicode_ci DEFAULT NULL,
  `title` varchar(255) COLLATE utf8mb4_unicode_ci DEFAULT NULL,
  `short_details` text COLLATE utf8mb4_unicode_ci,
  `serial_number` int(11) DEFAULT NULL,
  `created_at` timestamp NULL DEFAULT NULL,
  `updated_at` timestamp NULL DEFAULT NULL,
  `external_link_status` tinyint(4) NOT NULL DEFAULT '0' COMMENT '1 - active, 0 - deactive',
  `external_link` text COLLATE utf8mb4_unicode_ci,
  PRIMARY KEY (`id`)
) ENGINE=InnoDB AUTO_INCREMENT=45 DEFAULT CHARSET=utf8mb4 COLLATE=utf8mb4_unicode_ci;

-- Dumping data for table wiebo.user_vcard_services: ~24 rows (approximately)
/*!40000 ALTER TABLE `user_vcard_services` DISABLE KEYS */;
INSERT INTO `user_vcard_services` (`id`, `user_vcard_id`, `image`, `title`, `short_details`, `serial_number`, `created_at`, `updated_at`, `external_link_status`, `external_link`) VALUES
	(3, 10, '1634220539.jpg', 'Web Development', 'Lorem ipsum dolor sit amet, consectetur adipiscing elit, sed do eiusmod tempor incididunt ut labore et', 1, '2021-09-22 05:25:16', '2021-10-14 08:08:59', 0, NULL),
	(4, 10, '1634220546.jpg', 'UX Design', NULL, 2, '2021-09-22 05:25:54', '2021-10-14 08:09:06', 0, NULL),
	(5, 10, '1634220553.jpg', 'Photo Manipulation', 'Lorem ipsum dolor sit amet, consectetur adipiscing elit, sed do eiusmod tempor incididunt ut labore et', 3, '2021-09-22 05:27:09', '2021-10-14 08:09:13', 1, 'https://example.com/'),
	(24, 43, '1634220539.jpg', 'Web Development', 'Lorem ipsum dolor sit amet, consectetur adipiscing elit, sed do eiusmod tempor incididunt ut labore et', 1, '2021-09-22 05:25:16', '2021-10-14 08:08:59', 0, NULL),
	(25, 43, '1634220546.jpg', 'UX Design', NULL, 2, '2021-09-22 05:25:54', '2021-10-14 08:09:06', 0, NULL),
	(26, 43, '1634220553.jpg', 'Photo Manipulation', 'Lorem ipsum dolor sit amet, consectetur adipiscing elit, sed do eiusmod tempor incididunt ut labore et', 3, '2021-09-22 05:27:09', '2021-10-14 08:09:13', 1, 'https://example.com/'),
	(27, 44, '1634220539.jpg', 'Web Development', 'Lorem ipsum dolor sit amet, consectetur adipiscing elit, sed do eiusmod tempor incididunt ut labore et', 1, '2021-09-22 05:25:16', '2021-10-14 08:08:59', 0, NULL),
	(28, 44, '1634220546.jpg', 'UX Design', NULL, 2, '2021-09-22 05:25:54', '2021-10-14 08:09:06', 0, NULL),
	(29, 44, '1634220553.jpg', 'Photo Manipulation', 'Lorem ipsum dolor sit amet, consectetur adipiscing elit, sed do eiusmod tempor incididunt ut labore et', 3, '2021-09-22 05:27:09', '2021-10-14 08:09:13', 1, 'https://example.com/'),
	(30, 45, '1634220539.jpg', 'Web Development', 'Lorem ipsum dolor sit amet, consectetur adipiscing elit, sed do eiusmod tempor incididunt ut labore et', 1, '2021-09-22 05:25:16', '2021-10-14 08:08:59', 0, NULL),
	(31, 45, '1634220546.jpg', 'UX Design', NULL, 2, '2021-09-22 05:25:54', '2021-10-14 08:09:06', 0, NULL),
	(32, 45, '1634220553.jpg', 'Photo Manipulation', 'Lorem ipsum dolor sit amet, consectetur adipiscing elit, sed do eiusmod tempor incididunt ut labore et', 3, '2021-09-22 05:27:09', '2021-10-14 08:09:13', 1, 'https://example.com/'),
	(33, 46, '1634220539.jpg', 'تطوير الشبكة', 'الألم نفسه هو الحب', 1, '2021-09-22 05:25:16', '2021-10-14 08:08:59', 0, NULL),
	(34, 46, '1634220546.jpg', 'تصميم UX', NULL, 2, '2021-09-22 05:25:54', '2021-10-14 08:09:06', 0, NULL),
	(35, 46, '1634220553.jpg', 'تعديل الصورة', 'الألم نفسه هو الحب', 3, '2021-09-22 05:27:09', '2021-10-14 08:09:13', 1, 'https://example.com/'),
	(36, 47, '1634220539.jpg', 'تطوير الشبكة', 'الألم نفسه هو الحب', 1, '2021-09-22 05:25:16', '2021-10-14 08:08:59', 0, NULL),
	(37, 47, '1634220546.jpg', 'تصميم UX', NULL, 2, '2021-09-22 05:25:54', '2021-10-14 08:09:06', 0, NULL),
	(38, 47, '1634220553.jpg', 'تعديل الصورة', 'الألم نفسه هو الحب', 3, '2021-09-22 05:27:09', '2021-10-14 08:09:13', 1, 'https://example.com/'),
	(39, 48, '1634220539.jpg', 'تطوير الشبكة', 'الألم نفسه هو الحب', 1, '2021-09-22 05:25:16', '2021-10-14 08:08:59', 0, NULL),
	(40, 48, '1634220546.jpg', 'تصميم UX', NULL, 2, '2021-09-22 05:25:54', '2021-10-14 08:09:06', 0, NULL),
	(41, 48, '1634220553.jpg', 'تعديل الصورة', 'الألم نفسه هو الحب', 3, '2021-09-22 05:27:09', '2021-10-14 08:09:13', 1, 'https://example.com/'),
	(42, 49, '1634220539.jpg', 'تطوير الشبكة', 'الألم نفسه هو الحب', 1, '2021-09-22 05:25:16', '2021-10-14 08:08:59', 0, NULL),
	(43, 49, '1634220546.jpg', 'تصميم UX', NULL, 2, '2021-09-22 05:25:54', '2021-10-14 08:09:06', 0, NULL),
	(44, 49, '1634220553.jpg', 'تعديل الصورة', 'الألم نفسه هو الحب', 3, '2021-09-22 05:27:09', '2021-10-14 08:09:13', 1, 'https://example.com/');
/*!40000 ALTER TABLE `user_vcard_services` ENABLE KEYS */;

-- Dumping structure for table wiebo.user_vcard_testimonials
CREATE TABLE IF NOT EXISTS `user_vcard_testimonials` (
  `id` bigint(20) unsigned NOT NULL AUTO_INCREMENT,
  `user_vcard_id` int(11) DEFAULT NULL,
  `image` varchar(50) COLLATE utf8mb4_unicode_ci DEFAULT NULL,
  `name` varchar(255) COLLATE utf8mb4_unicode_ci DEFAULT NULL,
  `rating` int(11) NOT NULL DEFAULT '5',
  `comment` text COLLATE utf8mb4_unicode_ci,
  `serial_number` int(11) DEFAULT NULL,
  `created_at` timestamp NULL DEFAULT NULL,
  `updated_at` timestamp NULL DEFAULT NULL,
  PRIMARY KEY (`id`)
) ENGINE=InnoDB AUTO_INCREMENT=34 DEFAULT CHARSET=utf8mb4 COLLATE=utf8mb4_unicode_ci;

-- Dumping data for table wiebo.user_vcard_testimonials: ~24 rows (approximately)
/*!40000 ALTER TABLE `user_vcard_testimonials` DISABLE KEYS */;
INSERT INTO `user_vcard_testimonials` (`id`, `user_vcard_id`, `image`, `name`, `rating`, `comment`, `serial_number`, `created_at`, `updated_at`) VALUES
	(5, 10, '1632466949.png', 'Lorenzo Insigne', 4, 'Lorem Ipsum is simply dummy text of the printing and typesetting industry. Lorem Ipsum has been the industry\'s standard dummy text ever since the 1500s', 1, '2021-09-24 01:02:29', '2021-10-14 08:14:20'),
	(6, 10, '1632466969.png', 'Dybala', 5, 'It is a long established fact that a reader will be distracted by the readable content of a page when looking at its layout. The point of using Lorem Ipsum is', 2, '2021-09-24 01:02:49', '2021-10-14 08:14:34'),
	(12, 10, '1634221006.png', 'Paul Pogba', 5, 'randomised words which don\'t look even slightly believable. If you are going to use a passage of Lorem Ipsum, you need to be sure there isn\'t anything embarrassing', 3, '2021-10-14 08:16:46', '2021-10-14 08:16:46'),
	(13, 43, '1632466949.png', 'Lorenzo Insigne', 4, 'Lorem Ipsum is simply dummy text of the printing and typesetting industry. Lorem Ipsum has been the industry\'s standard dummy text ever since the 1500s', 1, '2021-09-24 01:02:29', '2021-10-14 08:14:20'),
	(14, 43, '1632466969.png', 'Dybala', 5, 'It is a long established fact that a reader will be distracted by the readable content of a page when looking at its layout. The point of using Lorem Ipsum is', 2, '2021-09-24 01:02:49', '2021-10-14 08:14:34'),
	(15, 43, '1634221006.png', 'Paul Pogba', 5, 'randomised words which don\'t look even slightly believable. If you are going to use a passage of Lorem Ipsum, you need to be sure there isn\'t anything embarrassing', 3, '2021-10-14 08:16:46', '2021-10-14 08:16:46'),
	(16, 44, '1632466949.png', 'Lorenzo Insigne', 4, 'Lorem Ipsum is simply dummy text of the printing and typesetting industry. Lorem Ipsum has been the industry\'s standard dummy text ever since the 1500s', 1, '2021-09-24 01:02:29', '2021-10-14 08:14:20'),
	(17, 44, '1632466969.png', 'Dybala', 5, 'It is a long established fact that a reader will be distracted by the readable content of a page when looking at its layout. The point of using Lorem Ipsum is', 2, '2021-09-24 01:02:49', '2021-10-14 08:14:34'),
	(18, 44, '1634221006.png', 'Paul Pogba', 5, 'randomised words which don\'t look even slightly believable. If you are going to use a passage of Lorem Ipsum, you need to be sure there isn\'t anything embarrassing', 3, '2021-10-14 08:16:46', '2021-10-14 08:16:46'),
	(19, 45, '1632466949.png', 'Lorenzo Insigne', 4, 'Lorem Ipsum is simply dummy text of the printing and typesetting industry. Lorem Ipsum has been the industry\'s standard dummy text ever since the 1500s', 1, '2021-09-24 01:02:29', '2021-10-14 08:14:20'),
	(20, 45, '1632466969.png', 'Dybala', 5, 'It is a long established fact that a reader will be distracted by the readable content of a page when looking at its layout. The point of using Lorem Ipsum is', 2, '2021-09-24 01:02:49', '2021-10-14 08:14:34'),
	(21, 45, '1634221006.png', 'Paul Pogba', 5, 'randomised words which don\'t look even slightly believable. If you are going to use a passage of Lorem Ipsum, you need to be sure there isn\'t anything embarrassing', 3, '2021-10-14 08:16:46', '2021-10-14 08:16:46'),
	(22, 46, '1632466949.png', 'لورينزو إنسيني', 4, 'لوريم إيبسوم هو ببساطة نص شكلي يستخدم في صناعة الطباعة والتنضيد. كان Lorem Ipsum هو النص الوهمي القياسي في الصناعة منذ القرن الخامس عشر الميلادي', 1, '2021-09-24 01:02:29', '2021-10-14 08:14:20'),
	(23, 46, '1632466969.png', 'ديبالا', 5, 'هناك حقيقة مثبتة منذ زمن طويل وهي أن المحتوى المقروء لصفحة ما سيلهي القارئ عن التركيز على الشكل الخارجي للنص أو شكل توضع الفقرات في الصفحة التي يقرأها. الهدف من استخدام لوريم إيبسوم هو', 2, '2021-09-24 01:02:49', '2021-10-14 08:14:34'),
	(24, 46, '1634221006.png', 'بول بوجبا', 5, 'الكلمات العشوائية التي لا تبدو قابلة للتصديق إلى حد ما. إذا كنت ستستخدم مقطعًا من لوريم إيبسوم ، فعليك التأكد من عدم وجود أي شيء محرج', 3, '2021-10-14 08:16:46', '2021-10-14 08:16:46'),
	(25, 47, '1632466949.png', 'لورينزو إنسيني', 4, 'لوريم إيبسوم هو ببساطة نص شكلي يستخدم في صناعة الطباعة والتنضيد. كان Lorem Ipsum هو النص الوهمي القياسي في الصناعة منذ القرن الخامس عشر الميلادي', 1, '2021-09-24 01:02:29', '2021-10-14 08:14:20'),
	(26, 47, '1632466969.png', 'ديبالا', 5, 'هناك حقيقة مثبتة منذ زمن طويل وهي أن المحتوى المقروء لصفحة ما سيلهي القارئ عن التركيز على الشكل الخارجي للنص أو شكل توضع الفقرات في الصفحة التي يقرأها. الهدف من استخدام لوريم إيبسوم هو', 2, '2021-09-24 01:02:49', '2021-10-14 08:14:34'),
	(27, 47, '1634221006.png', 'بول بوجبا', 5, 'الكلمات العشوائية التي لا تبدو قابلة للتصديق إلى حد ما. إذا كنت ستستخدم مقطعًا من لوريم إيبسوم ، فعليك التأكد من عدم وجود أي شيء محرج', 3, '2021-10-14 08:16:46', '2021-10-14 08:16:46'),
	(28, 48, '1632466949.png', 'لورينزو إنسيني', 4, 'لوريم إيبسوم هو ببساطة نص شكلي يستخدم في صناعة الطباعة والتنضيد. كان Lorem Ipsum هو النص الوهمي القياسي في الصناعة منذ القرن الخامس عشر الميلادي', 1, '2021-09-24 01:02:29', '2021-10-14 08:14:20'),
	(29, 48, '1632466969.png', 'ديبالا', 5, 'هناك حقيقة مثبتة منذ زمن طويل وهي أن المحتوى المقروء لصفحة ما سيلهي القارئ عن التركيز على الشكل الخارجي للنص أو شكل توضع الفقرات في الصفحة التي يقرأها. الهدف من استخدام لوريم إيبسوم هو', 2, '2021-09-24 01:02:49', '2021-10-14 08:14:34'),
	(30, 48, '1634221006.png', 'بول بوجبا', 5, 'الكلمات العشوائية التي لا تبدو قابلة للتصديق إلى حد ما. إذا كنت ستستخدم مقطعًا من لوريم إيبسوم ، فعليك التأكد من عدم وجود أي شيء محرج', 3, '2021-10-14 08:16:46', '2021-10-14 08:16:46'),
	(31, 49, '1632466949.png', 'لورينزو إنسيني', 4, 'لوريم إيبسوم هو ببساطة نص شكلي يستخدم في صناعة الطباعة والتنضيد. كان Lorem Ipsum هو النص الوهمي القياسي في الصناعة منذ القرن الخامس عشر الميلادي', 1, '2021-09-24 01:02:29', '2021-10-14 08:14:20'),
	(32, 49, '1632466969.png', 'ديبالا', 5, 'هناك حقيقة مثبتة منذ زمن طويل وهي أن المحتوى المقروء لصفحة ما سيلهي القارئ عن التركيز على الشكل الخارجي للنص أو شكل توضع الفقرات في الصفحة التي يقرأها. الهدف من استخدام لوريم إيبسوم هو', 2, '2021-09-24 01:02:49', '2021-10-14 08:14:34'),
	(33, 49, '1634221006.png', 'بول بوجبا', 5, 'الكلمات العشوائية التي لا تبدو قابلة للتصديق إلى حد ما. إذا كنت ستستخدم مقطعًا من لوريم إيبسوم ، فعليك التأكد من عدم وجود أي شيء محرج', 3, '2021-10-14 08:16:46', '2021-10-14 08:16:46');
/*!40000 ALTER TABLE `user_vcard_testimonials` ENABLE KEYS */;

-- Dumping structure for table wiebo.user_work_processes
CREATE TABLE IF NOT EXISTS `user_work_processes` (
  `id` int(11) NOT NULL AUTO_INCREMENT,
  `icon` varchar(255) NOT NULL,
  `title` varchar(255) NOT NULL,
  `text` text NOT NULL,
  `serial_number` int(11) NOT NULL,
  `user_id` int(11) NOT NULL,
  `language_id` int(11) NOT NULL,
  `created_at` timestamp NOT NULL DEFAULT CURRENT_TIMESTAMP,
  `updated_at` timestamp NOT NULL DEFAULT CURRENT_TIMESTAMP,
  PRIMARY KEY (`id`)
) ENGINE=InnoDB AUTO_INCREMENT=26 DEFAULT CHARSET=utf8;

-- Dumping data for table wiebo.user_work_processes: ~12 rows (approximately)
/*!40000 ALTER TABLE `user_work_processes` DISABLE KEYS */;
INSERT INTO `user_work_processes` (`id`, `icon`, `title`, `text`, `serial_number`, `user_id`, `language_id`, `created_at`, `updated_at`) VALUES
	(14, 'fas fa-coffee', 'Have A Coffee', 'Doloremque laudantium totam raperiaeaqu ipsa quae ab illo inventore veritatis et quasi', 1, 170, 185, '2021-11-17 02:09:36', '2021-11-17 02:13:43'),
	(15, 'far fa-user', 'Meet With Advisors', 'Sed ut perspiciatis unde omnis iste natus error sit voluptatem accusantium doloremque', 2, 170, 185, '2021-11-17 02:11:13', '2021-11-17 02:11:13'),
	(16, 'fas fa-bullseye', 'Achieve Your Goals', 'Quis autem vel eum iure reprehenderit qui ieas voluptate velit esse quam nihil mole', 3, 170, 185, '2021-11-17 02:12:07', '2021-11-17 02:12:07'),
	(17, 'fas fa-coffee', 'تناول القهوة', 'إن ألم أولئك الذين يثنون على كل شيء هو نفس الأشياء التي منه هو مخترع الحقيقة وإذا جاز التعبير.', 1, 170, 186, '2021-11-17 02:09:36', '2021-11-17 02:13:43'),
	(18, 'far fa-user', 'لقاء مع المستشارين', 'ولكن لكي نفهم من أين يولد كل هذا الخطأ ممن يتهمهم باللذة والألم', 2, 170, 186, '2021-11-17 02:11:13', '2021-11-17 02:11:13'),
	(19, 'fas fa-bullseye', 'حقق اهدافك', 'ولكن من يدين بحق من يريد أن تكون المتعة مجرد جماعية', 3, 170, 186, '2021-11-17 02:12:07', '2021-11-17 02:12:07'),
	(20, 'fas fa-coffee', 'Have A Coffee', 'Doloremque laudantium totam raperiaeaqu ipsa quae ab illo inventore veritatis et quasi', 1, 171, 187, '2021-11-17 02:09:36', '2021-11-17 02:13:43'),
	(21, 'far fa-user', 'Meet With Advisors', 'Sed ut perspiciatis unde omnis iste natus error sit voluptatem accusantium doloremque', 2, 171, 187, '2021-11-17 02:11:13', '2021-11-17 02:11:13'),
	(22, 'fas fa-bullseye', 'Achieve Your Goals', 'Quis autem vel eum iure reprehenderit qui ieas voluptate velit esse quam nihil mole', 3, 171, 187, '2021-11-17 02:12:07', '2021-11-17 02:12:07'),
	(23, 'fas fa-coffee', 'تناول القهوة', 'إن ألم أولئك الذين يثنون على كل شيء هو نفس الأشياء التي منه هو مخترع الحقيقة وإذا جاز التعبير.', 1, 171, 188, '2021-11-17 02:09:36', '2021-11-17 02:13:43'),
	(24, 'far fa-user', 'لقاء مع المستشارين', 'ولكن لكي نفهم من أين يولد كل هذا الخطأ ممن يتهمهم باللذة والألم', 2, 171, 188, '2021-11-17 02:11:13', '2021-11-17 02:11:13'),
	(25, 'fas fa-bullseye', 'حقق اهدافك', 'ولكن من يدين بحق من يريد أن تكون المتعة مجرد جماعية', 3, 171, 188, '2021-11-17 02:12:07', '2021-11-17 02:12:07');
/*!40000 ALTER TABLE `user_work_processes` ENABLE KEYS */;

/*!40101 SET SQL_MODE=IFNULL(@OLD_SQL_MODE, '') */;
/*!40014 SET FOREIGN_KEY_CHECKS=IFNULL(@OLD_FOREIGN_KEY_CHECKS, 1) */;
/*!40101 SET CHARACTER_SET_CLIENT=@OLD_CHARACTER_SET_CLIENT */;
/*!40111 SET SQL_NOTES=IFNULL(@OLD_SQL_NOTES, 1) */;
